--
-- PostgreSQL database dump
--

\restrict 6kx6ADKrHi4SnH1nH6Uc7EyPesnC4saZRQMiRI0AFxBS5V5dmyBauCHu16zfPsb

-- Dumped from database version 16.13 (Debian 16.13-1.pgdg13+1)
-- Dumped by pg_dump version 16.13 (Debian 16.13-1.pgdg13+1)

SET statement_timeout = 0;
SET lock_timeout = 0;
SET idle_in_transaction_session_timeout = 0;
SET client_encoding = 'UTF8';
SET standard_conforming_strings = on;
SELECT pg_catalog.set_config('search_path', '', false);
SET check_function_bodies = false;
SET xmloption = content;
SET client_min_messages = warning;
SET row_security = off;

SET default_tablespace = '';

SET default_table_access_method = heap;

--
-- Name: customers; Type: TABLE; Schema: public; Owner: -
--

CREATE TABLE public.customers (
    customer_id integer NOT NULL,
    name text NOT NULL,
    industry text,
    country text
);


--
-- Name: equipment; Type: TABLE; Schema: public; Owner: -
--

CREATE TABLE public.equipment (
    equipment_id integer NOT NULL,
    line_id integer NOT NULL,
    name text NOT NULL,
    model text,
    install_date date,
    last_maintenance_date date
);


--
-- Name: equipment_downtime; Type: TABLE; Schema: public; Owner: -
--

CREATE TABLE public.equipment_downtime (
    downtime_id integer NOT NULL,
    equipment_id integer NOT NULL,
    start_ts timestamp with time zone,
    end_ts timestamp with time zone,
    downtime_minutes integer,
    reason text
);


--
-- Name: inventory; Type: TABLE; Schema: public; Owner: -
--

CREATE TABLE public.inventory (
    product_id integer NOT NULL,
    on_hand_qty integer,
    reorder_point integer,
    updated_at date
);


--
-- Name: inventory_snapshots; Type: TABLE; Schema: public; Owner: -
--

CREATE TABLE public.inventory_snapshots (
    snapshot_id integer NOT NULL,
    snapshot_date date NOT NULL,
    product_id integer NOT NULL,
    on_hand_qty integer
);


--
-- Name: material_lots; Type: TABLE; Schema: public; Owner: -
--

CREATE TABLE public.material_lots (
    lot_id integer NOT NULL,
    supplier_id integer NOT NULL,
    material_grade text,
    received_date date,
    qty_kg numeric(10,1),
    qc_status text
);


--
-- Name: order_items; Type: TABLE; Schema: public; Owner: -
--

CREATE TABLE public.order_items (
    order_item_id integer NOT NULL,
    order_id integer NOT NULL,
    product_id integer NOT NULL,
    quantity integer,
    unit_price numeric(10,2)
);


--
-- Name: price_list; Type: TABLE; Schema: public; Owner: -
--

CREATE TABLE public.price_list (
    price_id integer NOT NULL,
    product_id integer NOT NULL,
    effective_from date NOT NULL,
    unit_price numeric(10,2)
);


--
-- Name: product_families; Type: TABLE; Schema: public; Owner: -
--

CREATE TABLE public.product_families (
    family_id integer NOT NULL,
    family_code text NOT NULL,
    name text NOT NULL,
    base_material text
);


--
-- Name: production_lines; Type: TABLE; Schema: public; Owner: -
--

CREATE TABLE public.production_lines (
    line_id integer NOT NULL,
    name text NOT NULL,
    location text,
    commissioned_date date
);


--
-- Name: production_runs; Type: TABLE; Schema: public; Owner: -
--

CREATE TABLE public.production_runs (
    run_id integer NOT NULL,
    line_id integer NOT NULL,
    product_id integer NOT NULL,
    lot_id integer,
    run_date date NOT NULL,
    planned_qty integer,
    produced_qty integer
);


--
-- Name: products; Type: TABLE; Schema: public; Owner: -
--

CREATE TABLE public.products (
    product_id integer NOT NULL,
    part_no text NOT NULL,
    family_id integer NOT NULL,
    diameter_mm numeric(6,2),
    length_mm numeric(6,2),
    tolerance_class text,
    tol_lower numeric(8,3),
    tol_upper numeric(8,3),
    material_input_g numeric(8,1),
    unit_price numeric(10,2)
);


--
-- Name: quality_inspections; Type: TABLE; Schema: public; Owner: -
--

CREATE TABLE public.quality_inspections (
    inspection_id integer NOT NULL,
    run_id integer NOT NULL,
    inspected_at timestamp with time zone,
    equipment_id integer,
    result text,
    defect_type text,
    defect_qty integer,
    measured_value numeric(8,3),
    spec_target numeric(8,3)
);


--
-- Name: safety_events; Type: TABLE; Schema: public; Owner: -
--

CREATE TABLE public.safety_events (
    event_id integer NOT NULL,
    line_id integer NOT NULL,
    camera_id text,
    event_type text,
    severity text,
    detected_at timestamp with time zone,
    duration_sec integer
);


--
-- Name: sales_orders; Type: TABLE; Schema: public; Owner: -
--

CREATE TABLE public.sales_orders (
    order_id integer NOT NULL,
    customer_id integer NOT NULL,
    order_date date,
    due_date date,
    status text
);


--
-- Name: suppliers; Type: TABLE; Schema: public; Owner: -
--

CREATE TABLE public.suppliers (
    supplier_id integer NOT NULL,
    name text NOT NULL,
    material_category text,
    country text
);


--
-- Data for Name: customers; Type: TABLE DATA; Schema: public; Owner: -
--

COPY public.customers (customer_id, name, industry, country) FROM stdin;
1	대성모터스	자동차부품	대한민국
2	한라공조	공조시스템	대한민국
3	유진정밀기계	산업기계	대한민국
4	세종일렉트로	전자부품	베트남
5	광성기어	감속기	대한민국
\.


--
-- Data for Name: equipment; Type: TABLE DATA; Schema: public; Owner: -
--

COPY public.equipment (equipment_id, line_id, name, model, install_date, last_maintenance_date) FROM stdin;
1	1	CNC 선반 1호	DMG NLX2500	2019-03-01	2026-05-12
2	1	원통 연삭기 1호	OKAMOTO GP	2019-03-01	2026-05-12
3	2	CNC 선반 2호	DMG NLX2500	2020-06-20	2026-05-20
4	2	원통 연삭기 2호	OKAMOTO GP	2020-06-20	2026-05-20
5	3	CNC 선반 3호	MORI SL-25 (노후)	2016-05-10	2026-02-18
6	3	원통 연삭기 3호	OKAMOTO GP	2016-05-10	2026-03-02
7	4	CNC 머시닝센터 4호	DOOSAN DNM	2021-09-01	2026-05-25
8	4	3D 측정기	ZEISS CONTURA	2021-09-01	2026-05-25
\.


--
-- Data for Name: equipment_downtime; Type: TABLE DATA; Schema: public; Owner: -
--

COPY public.equipment_downtime (downtime_id, equipment_id, start_ts, end_ts, downtime_minutes, reason) FROM stdin;
1	1	2025-01-21 06:16:22+00	2025-01-21 07:46:22+00	90	정기 점검
2	1	2025-02-25 04:50:28+00	2025-02-25 05:50:28+00	60	정기 점검
3	1	2025-04-03 04:46:04+00	2025-04-03 06:16:04+00	90	정기 점검
4	1	2025-05-11 06:20:32+00	2025-05-11 08:20:32+00	120	정기 점검
5	1	2025-06-13 00:02:37+00	2025-06-13 01:02:37+00	60	정기 점검
6	1	2025-07-16 00:17:43+00	2025-07-16 02:17:43+00	120	정기 점검
7	1	2025-08-17 00:33:02+00	2025-08-17 02:33:02+00	120	정기 점검
8	1	2025-09-17 04:51:34+00	2025-09-17 05:51:34+00	60	정기 점검
9	1	2025-10-24 22:41:45+00	2025-10-24 23:41:45+00	60	정기 점검
10	1	2025-11-25 00:32:02+00	2025-11-25 02:32:02+00	120	정기 점검
11	1	2026-01-01 04:32:38+00	2026-01-01 05:32:38+00	60	정기 점검
12	1	2026-02-03 22:57:56+00	2026-02-03 23:57:56+00	60	정기 점검
13	1	2026-03-07 22:17:04+00	2026-03-07 23:17:04+00	60	정기 점검
14	1	2026-04-13 06:35:22+00	2026-04-13 08:35:22+00	120	정기 점검
15	1	2026-05-11 00:56:38+00	2026-05-11 02:26:38+00	90	정기 점검
16	1	2026-06-17 04:02:50+00	2026-06-17 06:02:50+00	120	정기 점검
17	2	2025-01-13 00:21:23+00	2025-01-13 02:21:23+00	120	정기 점검
18	2	2025-02-10 00:48:47+00	2025-02-10 01:48:47+00	60	정기 점검
19	2	2025-03-11 04:29:25+00	2025-03-11 05:29:25+00	60	정기 점검
20	2	2025-04-16 22:22:49+00	2025-04-16 23:52:49+00	90	정기 점검
21	2	2025-05-24 06:14:46+00	2025-05-24 07:44:46+00	90	정기 점검
22	2	2025-06-23 04:33:32+00	2025-06-23 05:33:32+00	60	정기 점검
23	2	2025-07-22 06:15:31+00	2025-07-22 07:15:31+00	60	정기 점검
24	2	2025-08-26 22:25:01+00	2025-08-26 23:25:01+00	60	정기 점검
25	2	2025-09-24 04:30:51+00	2025-09-24 06:30:51+00	120	정기 점검
26	2	2025-10-28 04:49:44+00	2025-10-28 05:49:44+00	60	정기 점검
27	2	2025-12-03 00:05:32+00	2025-12-03 01:05:32+00	60	정기 점검
28	2	2026-01-04 22:15:30+00	2026-01-05 00:15:30+00	120	정기 점검
29	2	2026-02-09 22:33:22+00	2026-02-10 00:03:22+00	90	정기 점검
30	2	2026-03-10 04:11:14+00	2026-03-10 06:11:14+00	120	정기 점검
31	2	2026-04-13 06:49:17+00	2026-04-13 08:49:17+00	120	정기 점검
32	2	2026-05-13 00:40:25+00	2026-05-13 01:40:25+00	60	정기 점검
33	2	2026-06-20 06:44:14+00	2026-06-20 08:14:14+00	90	정기 점검
34	3	2025-01-11 00:44:40+00	2025-01-11 01:44:40+00	60	정기 점검
35	3	2025-02-18 04:23:09+00	2025-02-18 05:23:09+00	60	정기 점검
36	3	2025-03-21 00:24:16+00	2025-03-21 01:54:16+00	90	정기 점검
37	3	2025-04-24 22:39:15+00	2025-04-25 00:09:15+00	90	정기 점검
38	3	2025-05-26 04:11:12+00	2025-05-26 05:41:12+00	90	정기 점검
39	3	2025-06-29 00:05:40+00	2025-06-29 01:35:40+00	90	정기 점검
40	3	2025-08-02 22:05:04+00	2025-08-02 23:35:04+00	90	정기 점검
41	3	2025-09-02 06:35:16+00	2025-09-02 07:35:16+00	60	정기 점검
42	3	2025-10-01 22:10:23+00	2025-10-02 00:10:23+00	120	정기 점검
43	3	2025-11-06 00:50:24+00	2025-11-06 02:50:24+00	120	정기 점검
44	3	2025-12-08 06:15:28+00	2025-12-08 07:15:28+00	60	정기 점검
45	3	2026-01-06 22:43:28+00	2026-01-07 00:43:28+00	120	정기 점검
46	3	2026-02-06 04:37:14+00	2026-02-06 06:07:14+00	90	정기 점검
47	3	2026-03-14 00:25:16+00	2026-03-14 01:25:16+00	60	정기 점검
48	3	2026-04-17 22:21:37+00	2026-04-17 23:51:37+00	90	정기 점검
49	3	2026-05-19 00:15:58+00	2026-05-19 01:45:58+00	90	정기 점검
50	3	2026-06-21 22:40:16+00	2026-06-21 23:40:16+00	60	정기 점검
51	4	2025-01-20 00:29:27+00	2025-01-20 01:59:27+00	90	정기 점검
52	4	2025-02-22 04:59:04+00	2025-02-22 06:59:04+00	120	정기 점검
53	4	2025-03-31 00:15:50+00	2025-03-31 01:15:50+00	60	정기 점검
54	4	2025-05-05 22:21:16+00	2025-05-06 00:21:16+00	120	정기 점검
55	4	2025-06-03 04:05:01+00	2025-06-03 05:35:01+00	90	정기 점검
56	4	2025-07-08 04:02:14+00	2025-07-08 05:32:14+00	90	정기 점검
57	4	2025-08-10 06:57:09+00	2025-08-10 07:57:09+00	60	정기 점검
58	4	2025-09-11 00:34:13+00	2025-09-11 02:34:13+00	120	정기 점검
59	4	2025-10-11 04:17:45+00	2025-10-11 06:17:45+00	120	정기 점검
60	4	2025-11-14 00:31:44+00	2025-11-14 01:31:44+00	60	정기 점검
61	4	2025-12-17 06:13:01+00	2025-12-17 07:13:01+00	60	정기 점검
62	4	2026-01-19 06:30:26+00	2026-01-19 07:30:26+00	60	정기 점검
63	4	2026-02-21 06:06:33+00	2026-02-21 08:06:33+00	120	정기 점검
64	4	2026-03-27 04:33:47+00	2026-03-27 05:33:47+00	60	정기 점검
65	4	2026-04-24 22:38:05+00	2026-04-25 00:08:05+00	90	정기 점검
66	4	2026-05-27 22:43:44+00	2026-05-27 23:43:44+00	60	정기 점검
67	4	2026-06-30 04:22:01+00	2026-06-30 05:52:01+00	90	정기 점검
68	5	2025-01-17 04:46:48+00	2025-01-17 06:16:48+00	90	정기 점검
69	5	2025-02-21 04:26:29+00	2025-02-21 05:26:29+00	60	정기 점검
70	5	2025-03-21 06:45:18+00	2025-03-21 08:45:18+00	120	정기 점검
71	5	2025-04-26 00:56:56+00	2025-04-26 01:56:56+00	60	정기 점검
72	5	2025-05-27 22:42:36+00	2025-05-28 00:12:36+00	90	정기 점검
73	5	2025-07-04 06:52:25+00	2025-07-04 08:22:25+00	90	정기 점검
74	5	2025-08-06 06:47:09+00	2025-08-06 08:47:09+00	120	정기 점검
75	5	2025-09-10 22:44:10+00	2025-09-10 23:44:10+00	60	정기 점검
76	5	2025-10-17 06:56:41+00	2025-10-17 08:56:41+00	120	정기 점검
77	5	2025-11-19 22:21:49+00	2025-11-20 00:21:49+00	120	정기 점검
78	5	2025-12-23 00:34:39+00	2025-12-23 02:34:39+00	120	정기 점검
79	5	2026-01-19 22:42:44+00	2026-01-20 00:42:44+00	120	정기 점검
80	5	2026-02-25 22:59:50+00	2026-02-26 00:29:50+00	90	정기 점검
81	5	2026-03-28 06:36:23+00	2026-03-28 08:36:23+00	120	정기 점검
82	5	2026-04-27 00:46:48+00	2026-04-27 02:16:48+00	90	정기 점검
83	5	2026-05-30 22:38:48+00	2026-05-31 00:38:48+00	120	정기 점검
84	6	2025-01-13 06:49:24+00	2025-01-13 07:49:24+00	60	정기 점검
85	6	2025-02-13 06:50:47+00	2025-02-13 08:50:47+00	120	정기 점검
86	6	2025-03-22 06:46:38+00	2025-03-22 07:46:38+00	60	정기 점검
87	6	2025-04-25 00:44:13+00	2025-04-25 01:44:13+00	60	정기 점검
88	6	2025-05-23 00:45:34+00	2025-05-23 01:45:34+00	60	정기 점검
89	6	2025-06-22 22:29:20+00	2025-06-22 23:29:20+00	60	정기 점검
90	6	2025-07-21 06:53:19+00	2025-07-21 08:23:19+00	90	정기 점검
91	6	2025-08-22 22:47:24+00	2025-08-23 00:47:24+00	120	정기 점검
92	6	2025-09-27 04:14:45+00	2025-09-27 05:14:45+00	60	정기 점검
93	6	2025-11-02 00:22:08+00	2025-11-02 01:22:08+00	60	정기 점검
94	6	2025-12-01 06:56:16+00	2025-12-01 07:56:16+00	60	정기 점검
95	6	2026-01-05 06:35:41+00	2026-01-05 08:35:41+00	120	정기 점검
96	6	2026-02-12 00:09:02+00	2026-02-12 01:39:02+00	90	정기 점검
97	6	2026-03-21 22:55:24+00	2026-03-22 00:25:24+00	90	정기 점검
98	6	2026-04-27 06:21:47+00	2026-04-27 07:51:47+00	90	정기 점검
99	6	2026-06-04 04:59:45+00	2026-06-04 06:59:45+00	120	정기 점검
100	7	2025-01-13 06:53:19+00	2025-01-13 08:53:19+00	120	정기 점검
101	7	2025-02-15 06:52:39+00	2025-02-15 08:22:39+00	90	정기 점검
102	7	2025-03-23 06:23:38+00	2025-03-23 08:23:38+00	120	정기 점검
103	7	2025-04-21 22:37:50+00	2025-04-21 23:37:50+00	60	정기 점검
104	7	2025-05-30 06:57:28+00	2025-05-30 08:57:28+00	120	정기 점검
105	7	2025-06-28 04:23:57+00	2025-06-28 05:53:57+00	90	정기 점검
106	7	2025-08-04 00:39:41+00	2025-08-04 02:39:41+00	120	정기 점검
107	7	2025-09-08 22:55:48+00	2025-09-09 00:55:48+00	120	정기 점검
108	7	2025-10-16 22:47:43+00	2025-10-17 00:17:43+00	90	정기 점검
109	7	2025-11-22 04:17:55+00	2025-11-22 05:17:55+00	60	정기 점검
110	7	2025-12-25 22:52:42+00	2025-12-25 23:52:42+00	60	정기 점검
111	7	2026-02-01 22:28:09+00	2026-02-01 23:58:09+00	90	정기 점검
112	7	2026-03-02 06:15:37+00	2026-03-02 07:45:37+00	90	정기 점검
113	7	2026-04-07 06:43:04+00	2026-04-07 08:13:04+00	90	정기 점검
114	7	2026-05-13 22:29:29+00	2026-05-14 00:29:29+00	120	정기 점검
115	7	2026-06-11 00:11:58+00	2026-06-11 02:11:58+00	120	정기 점검
116	8	2025-01-18 06:08:29+00	2025-01-18 07:08:29+00	60	정기 점검
117	8	2025-02-15 22:53:08+00	2025-02-15 23:53:08+00	60	정기 점검
118	8	2025-03-16 04:07:14+00	2025-03-16 05:07:14+00	60	정기 점검
119	8	2025-04-20 06:53:04+00	2025-04-20 07:53:04+00	60	정기 점검
120	8	2025-05-28 00:24:59+00	2025-05-28 01:54:59+00	90	정기 점검
121	8	2025-07-02 06:30:43+00	2025-07-02 08:30:43+00	120	정기 점검
122	8	2025-08-07 22:38:34+00	2025-08-07 23:38:34+00	60	정기 점검
123	8	2025-09-14 04:32:08+00	2025-09-14 06:02:08+00	90	정기 점검
124	8	2025-10-15 22:41:21+00	2025-10-15 23:41:21+00	60	정기 점검
125	8	2025-11-23 00:39:05+00	2025-11-23 01:39:05+00	60	정기 점검
126	8	2025-12-22 00:18:14+00	2025-12-22 02:18:14+00	120	정기 점검
127	8	2026-01-24 22:59:01+00	2026-01-25 00:59:01+00	120	정기 점검
128	8	2026-03-01 22:17:47+00	2026-03-02 00:17:47+00	120	정기 점검
129	8	2026-04-08 06:04:39+00	2026-04-08 07:34:39+00	90	정기 점검
130	8	2026-05-12 00:24:07+00	2026-05-12 01:54:07+00	90	정기 점검
131	8	2026-06-14 00:40:59+00	2026-06-14 01:40:59+00	60	정기 점검
132	4	2025-02-27 21:01:23+00	2025-02-27 21:46:23+00	45	칩 배출 막힘
133	4	2025-01-20 03:06:32+00	2025-01-20 03:36:32+00	30	칩 배출 막힘
134	1	2025-05-08 04:28:56+00	2025-05-08 04:48:56+00	20	공구 교체
135	5	2026-03-21 11:26:53+00	2026-03-21 11:46:53+00	20	공구 교체
136	8	2025-04-16 08:12:07+00	2025-04-16 08:42:07+00	30	센서 오류
137	6	2026-06-19 10:59:32+00	2026-06-19 11:29:32+00	30	공구 교체
138	3	2025-04-07 12:24:27+00	2025-04-07 12:54:27+00	30	센서 오류
139	3	2025-12-26 01:51:32+00	2025-12-26 02:36:32+00	45	공구 교체
140	5	2025-07-29 12:48:20+00	2025-07-29 13:18:20+00	30	센서 오류
141	4	2025-04-17 08:56:51+00	2025-04-17 09:26:51+00	30	칩 배출 막힘
142	3	2026-03-03 02:25:11+00	2026-03-03 02:45:11+00	20	칩 배출 막힘
143	8	2025-11-28 21:59:28+00	2025-11-28 22:44:28+00	45	칩 배출 막힘
144	8	2025-12-31 05:32:31+00	2025-12-31 06:17:31+00	45	센서 오류
145	4	2025-05-19 22:21:52+00	2025-05-19 23:06:52+00	45	센서 오류
146	2	2025-12-26 22:40:46+00	2025-12-26 23:10:46+00	30	센서 오류
147	1	2025-08-28 21:37:46+00	2025-08-28 22:07:46+00	30	칩 배출 막힘
148	7	2025-02-08 06:01:52+00	2025-02-08 06:31:52+00	30	칩 배출 막힘
149	7	2025-08-16 21:35:49+00	2025-08-16 21:55:49+00	20	칩 배출 막힘
150	4	2026-01-05 03:34:08+00	2026-01-05 03:54:08+00	20	센서 오류
151	7	2026-04-23 08:05:35+00	2026-04-23 08:50:35+00	45	센서 오류
152	2	2025-01-19 10:07:15+00	2025-01-19 10:37:15+00	30	센서 오류
153	4	2025-06-24 21:33:26+00	2025-06-24 22:03:26+00	30	공구 교체
154	8	2025-01-04 04:56:10+00	2025-01-04 05:26:10+00	30	센서 오류
155	5	2025-03-10 05:27:04+00	2025-03-10 05:47:04+00	20	공구 교체
156	4	2025-12-04 09:05:47+00	2025-12-04 09:35:47+00	30	칩 배출 막힘
157	6	2026-03-08 10:11:28+00	2026-03-08 10:31:28+00	20	칩 배출 막힘
158	1	2025-12-16 07:41:22+00	2025-12-16 08:26:22+00	45	칩 배출 막힘
159	4	2025-05-18 08:05:19+00	2025-05-18 08:25:19+00	20	공구 교체
160	4	2025-04-21 10:15:28+00	2025-04-21 10:45:28+00	30	센서 오류
161	5	2025-11-10 03:42:36+00	2025-11-10 04:27:36+00	45	센서 오류
162	5	2025-10-19 10:42:28+00	2025-10-19 11:02:28+00	20	공구 교체
163	8	2026-04-26 09:30:23+00	2026-04-26 09:50:23+00	20	센서 오류
164	6	2025-01-14 04:58:15+00	2025-01-14 05:18:15+00	20	센서 오류
165	5	2025-03-09 12:26:28+00	2025-03-09 12:56:28+00	30	센서 오류
166	3	2025-09-25 10:02:35+00	2025-09-25 10:22:35+00	20	칩 배출 막힘
167	8	2026-03-22 21:05:54+00	2026-03-22 21:50:54+00	45	센서 오류
168	6	2025-07-05 10:40:50+00	2025-07-05 11:00:50+00	20	센서 오류
169	2	2025-07-13 11:33:25+00	2025-07-13 12:18:25+00	45	칩 배출 막힘
170	5	2025-04-18 06:16:00+00	2025-04-18 06:46:00+00	30	칩 배출 막힘
171	5	2025-04-09 04:31:53+00	2025-04-09 05:16:53+00	45	칩 배출 막힘
172	3	2025-09-26 22:25:19+00	2025-09-26 23:10:19+00	45	센서 오류
173	4	2025-06-20 08:48:51+00	2025-06-20 09:33:51+00	45	공구 교체
174	4	2026-01-11 09:35:08+00	2026-01-11 10:20:08+00	45	공구 교체
175	3	2025-10-26 23:02:44+00	2025-10-26 23:47:44+00	45	칩 배출 막힘
176	8	2026-04-03 09:31:48+00	2026-04-03 10:01:48+00	30	칩 배출 막힘
177	2	2025-04-02 02:07:08+00	2025-04-02 02:37:08+00	30	공구 교체
178	8	2026-03-31 08:30:53+00	2026-03-31 08:50:53+00	20	칩 배출 막힘
179	8	2025-03-31 12:05:55+00	2025-03-31 12:50:55+00	45	공구 교체
180	5	2025-03-29 06:06:42+00	2025-03-29 06:26:42+00	20	공구 교체
181	2	2026-02-24 00:45:06+00	2026-02-24 01:05:06+00	20	공구 교체
182	6	2025-05-27 07:49:31+00	2025-05-27 08:19:31+00	30	센서 오류
183	6	2025-08-23 11:12:16+00	2025-08-23 11:32:16+00	20	공구 교체
184	7	2025-07-31 10:49:41+00	2025-07-31 11:34:41+00	45	센서 오류
185	5	2025-04-01 02:57:05+00	2025-04-01 03:42:05+00	45	센서 오류
186	1	2025-07-30 12:49:24+00	2025-07-30 13:19:24+00	30	칩 배출 막힘
187	5	2026-06-11 04:02:14+00	2026-06-11 04:32:14+00	30	공구 교체
188	7	2026-02-19 00:53:17+00	2026-02-19 01:23:17+00	30	센서 오류
189	6	2025-01-18 02:58:55+00	2025-01-18 03:18:55+00	20	칩 배출 막힘
190	2	2025-02-09 05:06:29+00	2025-02-09 05:36:29+00	30	칩 배출 막힘
191	8	2025-03-09 01:46:59+00	2025-03-09 02:16:59+00	30	공구 교체
192	7	2026-02-01 06:07:29+00	2026-02-01 06:37:29+00	30	센서 오류
193	6	2025-09-08 22:59:10+00	2025-09-08 23:29:10+00	30	센서 오류
194	4	2025-03-27 01:51:11+00	2025-03-27 02:11:11+00	20	칩 배출 막힘
195	6	2025-08-16 10:51:19+00	2025-08-16 11:21:19+00	30	공구 교체
196	3	2026-06-25 23:03:40+00	2026-06-25 23:23:40+00	20	공구 교체
197	3	2025-09-18 05:27:30+00	2025-09-18 05:57:30+00	30	공구 교체
198	1	2025-11-10 08:47:19+00	2025-11-10 09:32:19+00	45	센서 오류
199	8	2025-01-05 06:17:31+00	2025-01-05 06:37:31+00	20	센서 오류
200	8	2025-01-26 01:34:45+00	2025-01-26 02:04:45+00	30	공구 교체
201	6	2025-11-27 03:04:08+00	2025-11-27 03:24:08+00	20	공구 교체
202	5	2025-01-08 04:59:03+00	2025-01-08 05:29:03+00	30	센서 오류
203	2	2025-09-05 22:29:07+00	2025-09-05 22:49:07+00	20	공구 교체
204	3	2025-10-16 03:51:26+00	2025-10-16 04:11:26+00	20	칩 배출 막힘
205	7	2025-04-24 00:47:59+00	2025-04-24 01:07:59+00	20	센서 오류
206	4	2025-12-07 01:42:11+00	2025-12-07 02:27:11+00	45	공구 교체
207	5	2026-05-09 05:34:34+00	2026-05-09 06:19:34+00	45	공구 교체
208	3	2025-02-07 02:12:12+00	2025-02-07 02:57:12+00	45	칩 배출 막힘
209	2	2026-04-05 00:08:41+00	2026-04-05 00:28:41+00	20	칩 배출 막힘
210	6	2025-09-09 01:21:14+00	2025-09-09 01:51:14+00	30	칩 배출 막힘
211	2	2025-06-17 00:35:26+00	2025-06-17 01:05:26+00	30	공구 교체
212	7	2025-05-23 00:11:46+00	2025-05-23 00:56:46+00	45	공구 교체
213	6	2026-05-11 03:27:57+00	2026-05-11 04:12:57+00	45	공구 교체
214	8	2025-08-15 08:36:48+00	2025-08-15 09:06:48+00	30	센서 오류
215	1	2025-05-19 11:30:22+00	2025-05-19 12:00:22+00	30	센서 오류
216	2	2025-10-06 12:38:06+00	2025-10-06 13:08:06+00	30	공구 교체
217	8	2025-04-29 01:20:10+00	2025-04-29 01:50:10+00	30	칩 배출 막힘
218	7	2026-06-12 23:05:07+00	2026-06-12 23:35:07+00	30	공구 교체
219	1	2026-05-31 00:49:23+00	2026-05-31 01:19:23+00	30	칩 배출 막힘
220	3	2025-01-10 02:39:37+00	2025-01-10 03:24:37+00	45	칩 배출 막힘
221	6	2025-10-26 21:24:14+00	2025-10-26 21:54:14+00	30	칩 배출 막힘
222	6	2026-03-11 23:04:01+00	2026-03-11 23:24:01+00	20	센서 오류
223	7	2025-12-25 06:57:40+00	2025-12-25 07:42:40+00	45	칩 배출 막힘
224	4	2025-03-24 05:16:20+00	2025-03-24 06:01:20+00	45	칩 배출 막힘
225	8	2025-08-05 06:02:41+00	2025-08-05 06:47:41+00	45	칩 배출 막힘
226	1	2025-02-08 23:56:55+00	2025-02-09 00:41:55+00	45	칩 배출 막힘
227	4	2025-07-26 06:59:11+00	2025-07-26 07:19:11+00	20	공구 교체
228	8	2025-05-16 04:43:34+00	2025-05-16 05:13:34+00	30	센서 오류
229	6	2025-08-01 12:43:58+00	2025-08-01 13:28:58+00	45	센서 오류
230	6	2026-06-25 03:39:35+00	2026-06-25 04:24:35+00	45	칩 배출 막힘
231	1	2026-04-10 07:58:32+00	2026-04-10 08:28:32+00	30	칩 배출 막힘
232	5	2025-02-24 02:15:12+00	2025-02-24 03:00:12+00	45	공구 교체
233	5	2026-05-24 09:04:36+00	2026-05-24 09:34:36+00	30	칩 배출 막힘
234	2	2025-03-27 12:11:45+00	2025-03-27 12:31:45+00	20	공구 교체
235	7	2026-06-04 06:18:58+00	2026-06-04 06:48:58+00	30	센서 오류
236	4	2026-05-28 22:13:46+00	2026-05-28 22:58:46+00	45	칩 배출 막힘
237	3	2025-09-29 11:55:20+00	2025-09-29 12:25:20+00	30	센서 오류
238	6	2025-07-25 03:27:21+00	2025-07-25 03:47:21+00	20	공구 교체
239	7	2025-12-17 03:23:08+00	2025-12-17 04:08:08+00	45	공구 교체
240	5	2025-10-29 22:41:34+00	2025-10-29 23:26:34+00	45	칩 배출 막힘
241	8	2026-06-15 05:31:09+00	2026-06-15 05:51:09+00	20	칩 배출 막힘
242	7	2025-05-01 03:24:37+00	2025-05-01 04:09:37+00	45	칩 배출 막힘
243	3	2026-02-02 05:42:09+00	2026-02-02 06:12:09+00	30	공구 교체
244	5	2026-02-28 22:02:00+00	2026-02-28 22:32:00+00	30	센서 오류
245	8	2025-05-27 04:12:59+00	2025-05-27 04:42:59+00	30	센서 오류
246	6	2025-09-04 21:45:26+00	2025-09-04 22:05:26+00	20	공구 교체
247	8	2026-06-03 06:42:52+00	2026-06-03 07:27:52+00	45	공구 교체
248	3	2025-01-25 23:58:08+00	2025-01-26 00:18:08+00	20	칩 배출 막힘
249	7	2025-10-12 11:15:57+00	2025-10-12 12:00:57+00	45	공구 교체
250	4	2026-02-19 11:46:13+00	2026-02-19 12:06:13+00	20	센서 오류
251	5	2025-01-05 23:15:20+00	2025-01-06 00:00:20+00	45	칩 배출 막힘
252	5	2025-07-01 05:26:53+00	2025-07-01 06:12:53+00	46	스핀들 진동 경미
253	5	2025-07-25 22:58:30+00	2025-07-25 23:55:30+00	57	예방 정비
254	5	2025-08-22 12:14:26+00	2025-08-22 13:13:26+00	59	예방 정비
255	5	2025-09-12 01:16:41+00	2025-09-12 02:22:41+00	66	스핀들 진동 경미
256	5	2025-10-11 04:42:36+00	2025-10-11 05:17:36+00	35	스핀들 진동 경미
257	5	2025-11-04 12:35:49+00	2025-11-04 13:17:49+00	42	예방 정비
258	5	2025-11-28 04:28:28+00	2025-11-28 05:14:28+00	46	예방 정비
259	5	2025-12-22 07:37:36+00	2025-12-22 08:23:36+00	46	스핀들 진동 경미
260	5	2026-01-01 09:59:00+00	2026-01-01 11:07:00+00	68	치수 보정
261	5	2026-01-12 07:48:54+00	2026-01-12 09:18:54+00	90	주축 베어링 마모 점검
262	5	2026-01-24 06:54:08+00	2026-01-24 08:27:08+00	93	주축 베어링 마모 점검
263	5	2026-02-04 09:31:24+00	2026-02-04 11:02:24+00	91	치수 보정
264	5	2026-02-17 04:38:12+00	2026-02-17 05:30:12+00	52	치수 보정
265	5	2026-03-02 04:19:32+00	2026-03-02 05:12:32+00	53	주축 베어링 마모 점검
266	5	2026-03-13 03:17:04+00	2026-03-13 04:33:04+00	76	주축 베어링 마모 점검
267	5	2026-03-23 02:56:48+00	2026-03-23 04:20:48+00	84	스핀들 진동 경고
268	5	2026-04-05 12:44:01+00	2026-04-05 13:43:01+00	59	스핀들 진동 경고
269	5	2026-04-14 08:43:07+00	2026-04-14 09:15:07+00	32	비상 정지
270	5	2026-04-16 02:10:39+00	2026-04-16 03:21:39+00	71	비상 정지
271	5	2026-04-20 02:33:42+00	2026-04-20 03:15:42+00	42	비상 정지
272	5	2026-04-23 01:29:31+00	2026-04-23 03:01:31+00	92	비상 정지
273	5	2026-04-26 02:17:35+00	2026-04-26 03:31:35+00	74	치수 보정 정지
274	5	2026-04-29 23:17:15+00	2026-04-30 00:48:15+00	91	주축 베어링 마모
275	5	2026-05-04 00:12:34+00	2026-05-04 01:36:34+00	84	스핀들 진동 경고
276	5	2026-05-07 04:36:06+00	2026-05-07 06:51:06+00	135	비상 정지
277	5	2026-05-09 07:47:43+00	2026-05-09 09:43:43+00	116	치수 보정 정지
278	5	2026-05-12 22:57:23+00	2026-05-13 01:27:23+00	150	비상 정지
279	5	2026-05-15 07:47:17+00	2026-05-15 09:52:17+00	125	치수 보정 정지
280	5	2026-05-17 22:46:00+00	2026-05-18 01:24:00+00	158	스핀들 진동 경고
281	5	2026-05-20 11:54:43+00	2026-05-20 14:25:43+00	151	치수 보정 정지
282	5	2026-05-22 02:43:40+00	2026-05-22 04:52:40+00	129	주축 베어링 마모
283	5	2026-05-23 21:39:11+00	2026-05-24 00:27:11+00	168	치수 보정 정지
284	5	2026-05-27 07:34:57+00	2026-05-27 10:08:57+00	154	스핀들 진동 경고
285	5	2026-05-28 23:32:41+00	2026-05-29 02:45:41+00	193	비상 정지
286	5	2026-06-02 05:19:57+00	2026-06-02 08:04:57+00	165	비상 정지
287	5	2026-06-04 01:20:30+00	2026-06-04 04:33:30+00	193	치수 보정 정지
288	5	2026-06-06 02:54:17+00	2026-06-06 06:15:17+00	201	치수 보정 정지
289	5	2026-06-09 03:15:17+00	2026-06-09 06:30:17+00	195	치수 보정 정지
290	5	2026-06-13 07:16:57+00	2026-06-13 11:13:57+00	237	치수 보정 정지
291	5	2026-06-17 03:00:16+00	2026-06-17 06:34:16+00	214	치수 보정 정지
292	5	2026-06-20 03:37:12+00	2026-06-20 07:43:12+00	246	치수 보정 정지
293	5	2026-06-24 09:08:23+00	2026-06-24 13:28:23+00	260	스핀들 진동 경고
294	5	2026-06-27 06:10:51+00	2026-06-27 10:42:51+00	272	스핀들 진동 경고
295	5	2026-06-28 21:08:12+00	2026-06-29 01:54:12+00	286	스핀들 진동 경고
\.


--
-- Data for Name: inventory; Type: TABLE DATA; Schema: public; Owner: -
--

COPY public.inventory (product_id, on_hand_qty, reorder_point, updated_at) FROM stdin;
1	37189	10800	2026-06-30
2	42865	10600	2026-06-30
3	15490	7200	2026-06-30
4	17631	6300	2026-06-30
5	16524	6000	2026-06-30
6	16684	5300	2026-06-30
7	70833	18200	2026-06-30
8	11998	15600	2026-06-30
9	84364	28200	2026-06-30
10	60733	24700	2026-06-30
11	24799	8800	2026-06-30
12	22675	6900	2026-06-30
13	15992	3700	2026-06-30
14	9757	2900	2026-06-30
\.


--
-- Data for Name: inventory_snapshots; Type: TABLE DATA; Schema: public; Owner: -
--

COPY public.inventory_snapshots (snapshot_id, snapshot_date, product_id, on_hand_qty) FROM stdin;
1	2025-01-31	1	33982
2	2025-02-28	1	31979
3	2025-03-31	1	31021
4	2025-04-30	1	25739
5	2025-05-31	1	25280
6	2025-06-30	1	24774
7	2025-07-31	1	26008
8	2025-08-31	1	23629
9	2025-09-30	1	27860
10	2025-10-31	1	29544
11	2025-11-30	1	27855
12	2025-12-31	1	27045
13	2026-01-31	1	26525
14	2026-02-28	1	29373
15	2026-03-31	1	26523
16	2026-04-30	1	19747
17	2026-05-31	1	19067
18	2026-06-30	1	37189
19	2025-01-31	2	34844
20	2025-02-28	2	37764
21	2025-03-31	2	36721
22	2025-04-30	2	30482
23	2025-05-31	2	28689
24	2025-06-30	2	31259
25	2025-07-31	2	24769
26	2025-08-31	2	22351
27	2025-09-30	2	23994
28	2025-10-31	2	27320
29	2025-11-30	2	25375
30	2025-12-31	2	25614
31	2026-01-31	2	26573
32	2026-02-28	2	23206
33	2026-03-31	2	24973
34	2026-04-30	2	26204
35	2026-05-31	2	26542
36	2026-06-30	2	42865
37	2025-01-31	3	15613
38	2025-02-28	3	18122
39	2025-03-31	3	18696
40	2025-04-30	3	23304
41	2025-05-31	3	25352
42	2025-06-30	3	29656
43	2025-07-31	3	33986
44	2025-08-31	3	36977
45	2025-09-30	3	33108
46	2025-10-31	3	28192
47	2025-11-30	3	33185
48	2025-12-31	3	34067
49	2026-01-31	3	32980
50	2026-02-28	3	32605
51	2026-03-31	3	28239
52	2026-04-30	3	30122
53	2026-05-31	3	33198
54	2026-06-30	3	15490
55	2025-01-31	4	12552
56	2025-02-28	4	11636
57	2025-03-31	4	13402
58	2025-04-30	4	11940
59	2025-05-31	4	11915
60	2025-06-30	4	15025
61	2025-07-31	4	14532
62	2025-08-31	4	16269
63	2025-09-30	4	20811
64	2025-10-31	4	20822
65	2025-11-30	4	21919
66	2025-12-31	4	25515
67	2026-01-31	4	28595
68	2026-02-28	4	31434
69	2026-03-31	4	31252
70	2026-04-30	4	33956
71	2026-05-31	4	35145
72	2026-06-30	4	17631
73	2025-01-31	5	12179
74	2025-02-28	5	11585
75	2025-03-31	5	10917
76	2025-04-30	5	9706
77	2025-05-31	5	10727
78	2025-06-30	5	13179
79	2025-07-31	5	12170
80	2025-08-31	5	14494
81	2025-09-30	5	16387
82	2025-10-31	5	13748
83	2025-11-30	5	17396
84	2025-12-31	5	17231
85	2026-01-31	5	15358
86	2026-02-28	5	14707
87	2026-03-31	5	19296
88	2026-04-30	5	18004
89	2026-05-31	5	17284
90	2026-06-30	5	16524
91	2025-01-31	6	13598
92	2025-02-28	6	12990
93	2025-03-31	6	13675
94	2025-04-30	6	10547
95	2025-05-31	6	9790
96	2025-06-30	6	11054
97	2025-07-31	6	10506
98	2025-08-31	6	13321
99	2025-09-30	6	10220
100	2025-10-31	6	9841
101	2025-11-30	6	12990
102	2025-12-31	6	11685
103	2026-01-31	6	9062
104	2026-02-28	6	10511
105	2026-03-31	6	12434
106	2026-04-30	6	12996
107	2026-05-31	6	12527
108	2026-06-30	6	16684
109	2025-01-31	7	51398
110	2025-02-28	7	59182
111	2025-03-31	7	63988
112	2025-04-30	7	57961
113	2025-05-31	7	61419
114	2025-06-30	7	72615
115	2025-07-31	7	61678
116	2025-08-31	7	57520
117	2025-09-30	7	53738
118	2025-10-31	7	44552
119	2025-11-30	7	53536
120	2025-12-31	7	46438
121	2026-01-31	7	55603
122	2026-02-28	7	61801
123	2026-03-31	7	50886
124	2026-04-30	7	39710
125	2026-05-31	7	48111
126	2026-06-30	7	70833
127	2025-01-31	8	1966
128	2025-02-28	8	2447
129	2025-03-31	8	2996
130	2025-04-30	8	3725
131	2025-05-31	8	4356
132	2025-06-30	8	4931
133	2025-07-31	8	5454
134	2025-08-31	8	5993
135	2025-09-30	8	6656
136	2025-10-31	8	7266
137	2025-11-30	8	7899
138	2025-12-31	8	8462
139	2026-01-31	8	9045
140	2026-02-28	8	9501
141	2026-03-31	8	10062
142	2026-04-30	8	10830
143	2026-05-31	8	11519
144	2026-06-30	8	11998
145	2025-01-31	9	71566
146	2025-02-28	9	76053
147	2025-03-31	9	82045
148	2025-04-30	9	70906
149	2025-05-31	9	88457
150	2025-06-30	9	101369
151	2025-07-31	9	96171
152	2025-08-31	9	101128
153	2025-09-30	9	95976
154	2025-10-31	9	87605
155	2025-11-30	9	72019
156	2025-12-31	9	67068
157	2026-01-31	9	72172
158	2026-02-28	9	78264
159	2026-03-31	9	87243
160	2026-04-30	9	70825
161	2026-05-31	9	52809
162	2026-06-30	9	84364
163	2025-01-31	10	64360
164	2025-02-28	10	59420
165	2025-03-31	10	48219
166	2025-04-30	10	42248
167	2025-05-31	10	51873
168	2025-06-30	10	65881
169	2025-07-31	10	66828
170	2025-08-31	10	66101
171	2025-09-30	10	81689
172	2025-10-31	10	91143
173	2025-11-30	10	79728
174	2025-12-31	10	77672
175	2026-01-31	10	86288
176	2026-02-28	10	75123
177	2026-03-31	10	84929
178	2026-04-30	10	95469
179	2026-05-31	10	99246
180	2026-06-30	10	60733
181	2025-01-31	11	18420
182	2025-02-28	11	21597
183	2025-03-31	11	22299
184	2025-04-30	11	22994
185	2025-05-31	11	23204
186	2025-06-30	11	25823
187	2025-07-31	11	23692
188	2025-08-31	11	21869
189	2025-09-30	11	21525
190	2025-10-31	11	22698
191	2025-11-30	11	24992
192	2025-12-31	11	27653
193	2026-01-31	11	29347
194	2026-02-28	11	31466
195	2026-03-31	11	34892
196	2026-04-30	11	36129
197	2026-05-31	11	32931
198	2026-06-30	11	24799
199	2025-01-31	12	17452
200	2025-02-28	12	17758
201	2025-03-31	12	16648
202	2025-04-30	12	15090
203	2025-05-31	12	13587
204	2025-06-30	12	15397
205	2025-07-31	12	16456
206	2025-08-31	12	16142
207	2025-09-30	12	15898
208	2025-10-31	12	17194
209	2025-11-30	12	17270
210	2025-12-31	12	18805
211	2026-01-31	12	16845
212	2026-02-28	12	16407
213	2026-03-31	12	16719
214	2026-04-30	12	18031
215	2026-05-31	12	16255
216	2026-06-30	12	22675
217	2025-01-31	13	15364
218	2025-02-28	13	14488
219	2025-03-31	13	12819
220	2025-04-30	13	12736
221	2025-05-31	13	11824
222	2025-06-30	13	12512
223	2025-07-31	13	14831
224	2025-08-31	13	14154
225	2025-09-30	13	12216
226	2025-10-31	13	11325
227	2025-11-30	13	9050
228	2025-12-31	13	9287
229	2026-01-31	13	7624
230	2026-02-28	13	9150
231	2026-03-31	13	7376
232	2026-04-30	13	6699
233	2026-05-31	13	8008
234	2026-06-30	13	15992
235	2025-01-31	14	7382
236	2025-02-28	14	7707
237	2025-03-31	14	7630
238	2025-04-30	14	6260
239	2025-05-31	14	6689
240	2025-06-30	14	6971
241	2025-07-31	14	8424
242	2025-08-31	14	7358
243	2025-09-30	14	7307
244	2025-10-31	14	6080
245	2025-11-30	14	5368
246	2025-12-31	14	5426
247	2026-01-31	14	6088
248	2026-02-28	14	6302
249	2026-03-31	14	5259
250	2026-04-30	14	4627
251	2026-05-31	14	6332
252	2026-06-30	14	9757
\.


--
-- Data for Name: material_lots; Type: TABLE DATA; Schema: public; Owner: -
--

COPY public.material_lots (lot_id, supplier_id, material_grade, received_date, qty_kg, qc_status) FROM stdin;
1	1	SCM440	2024-12-20	1148.5	재검
2	1	SCM440	2025-01-04	2116.0	재검
3	1	SCM440	2025-01-19	5017.7	합격
4	1	SCM440	2025-02-03	2885.0	합격
5	1	SCM440	2025-02-18	2105.9	합격
6	1	SCM440	2025-03-05	3201.6	합격
7	1	SCM440	2025-03-20	2970.0	합격
8	1	SCM440	2025-04-04	3467.1	합격
9	1	SCM440	2025-04-19	5623.2	합격
10	1	SCM440	2025-05-04	832.8	보류
11	1	SCM440	2025-05-19	3048.5	합격
12	1	SCM440	2025-06-03	3081.9	합격
13	1	SCM440	2025-06-18	9526.8	합격
14	1	SCM440	2025-07-03	1304.0	재검
15	1	SCM440	2025-07-18	1615.3	보류
16	1	SCM440	2025-08-02	2111.1	합격
17	1	SCM440	2025-08-17	2273.8	합격
18	1	SCM440	2025-09-01	3127.6	합격
19	1	SCM440	2025-09-16	5836.7	합격
20	1	SCM440	2025-10-01	1615.7	재검
21	1	SCM440	2025-10-16	10097.6	합격
22	1	SCM440	2025-10-31	1650.1	재검
23	1	SCM440	2025-11-15	1297.5	재검
24	1	SCM440	2025-11-30	2753.4	합격
25	1	SCM440	2025-12-15	2607.7	합격
26	1	SCM440	2025-12-30	2866.8	합격
27	1	SCM440	2026-01-14	2877.3	합격
28	1	SCM440	2026-01-29	2713.7	합격
29	1	SCM440	2026-02-13	2100.4	합격
30	1	SCM440	2026-02-28	3583.6	합격
31	1	SCM440	2026-03-15	3015.7	합격
32	1	SCM440	2026-03-30	5423.7	합격
33	2	SCM440	2026-04-10	1210.6	보류
34	2	SCM440	2026-04-28	2492.0	합격
35	2	SCM440	2026-05-16	2581.5	합격
36	2	SCM440	2026-06-03	2563.8	합격
37	2	SCM440	2026-06-21	1170.7	합격
38	1	SCM415	2024-12-22	1851.9	합격
39	1	SCM415	2025-01-15	2797.8	합격
40	1	SCM415	2025-02-08	2591.1	합격
41	1	SCM415	2025-03-04	6345.3	합격
42	1	SCM415	2025-03-28	1567.0	재검
43	1	SCM415	2025-04-21	3187.2	합격
44	1	SCM415	2025-05-15	3593.5	합격
45	1	SCM415	2025-06-08	2779.8	합격
46	1	SCM415	2025-07-02	6421.7	합격
47	1	SCM415	2025-07-26	1709.8	재검
48	1	SCM415	2025-08-19	3000.5	합격
49	1	SCM415	2025-09-12	5837.9	합격
50	1	SCM415	2025-10-06	1692.6	재검
51	1	SCM415	2025-10-30	3144.7	합격
52	1	SCM415	2025-11-23	3101.5	합격
53	1	SCM415	2025-12-17	3070.1	합격
54	1	SCM415	2026-01-10	2875.7	합격
55	1	SCM415	2026-02-03	2770.8	합격
56	1	SCM415	2026-02-27	3263.6	합격
57	1	SCM415	2026-03-23	3676.3	합격
58	1	SCM415	2026-04-16	6993.1	합격
59	1	SCM415	2026-05-10	1478.6	재검
60	1	SCM415	2026-06-03	3374.2	합격
61	1	SCM415	2026-06-27	705.5	합격
62	3	CAC406	2024-12-21	977.8	재검
63	3	CAC406	2025-01-10	2007.7	재검
64	3	CAC406	2025-01-30	2416.7	합격
65	3	CAC406	2025-02-19	1067.9	합격
66	3	CAC406	2025-03-11	1404.6	합격
67	3	CAC406	2025-03-31	1422.9	합격
68	3	CAC406	2025-04-20	1345.9	합격
69	3	CAC406	2025-05-10	3181.8	합격
70	3	CAC406	2025-05-30	1636.0	보류
71	3	CAC406	2025-06-19	1253.2	합격
72	3	CAC406	2025-07-09	1353.0	합격
73	3	CAC406	2025-07-29	993.7	합격
74	3	CAC406	2025-08-18	1399.6	합격
75	3	CAC406	2025-09-07	1198.6	합격
76	3	CAC406	2025-09-27	1101.6	합격
77	3	CAC406	2025-10-17	1607.2	합격
78	3	CAC406	2025-11-06	1270.5	합격
79	3	CAC406	2025-11-26	1269.0	합격
80	3	CAC406	2025-12-16	1053.3	합격
81	3	CAC406	2026-01-05	2729.1	합격
82	3	CAC406	2026-01-25	1025.5	재검
83	3	CAC406	2026-02-14	751.6	합격
84	3	CAC406	2026-03-06	1331.5	합격
85	3	CAC406	2026-03-26	2991.0	합격
86	3	CAC406	2026-04-15	1243.6	재검
87	3	CAC406	2026-05-05	1419.3	합격
88	3	CAC406	2026-05-25	1135.9	합격
89	3	CAC406	2026-06-14	1092.4	합격
90	3	AL6061	2024-12-23	1527.4	합격
91	3	AL6061	2025-01-14	3014.2	합격
92	3	AL6061	2025-02-05	2671.9	합격
93	3	AL6061	2025-02-27	3085.4	합격
94	3	AL6061	2025-03-21	3522.6	합격
95	3	AL6061	2025-04-12	10368.5	합격
96	3	AL6061	2025-05-04	1055.2	보류
97	3	AL6061	2025-05-26	1749.1	재검
98	3	AL6061	2025-06-17	3277.3	합격
99	3	AL6061	2025-07-09	3076.7	합격
100	3	AL6061	2025-07-31	2509.7	합격
101	3	AL6061	2025-08-22	3232.5	합격
102	3	AL6061	2025-09-13	2943.1	합격
103	3	AL6061	2025-10-05	2458.3	합격
104	3	AL6061	2025-10-27	3587.6	합격
105	3	AL6061	2025-11-18	3669.6	합격
106	3	AL6061	2025-12-10	2911.0	합격
107	3	AL6061	2026-01-01	6696.4	합격
108	3	AL6061	2026-01-23	830.6	보류
109	3	AL6061	2026-02-14	6164.9	합격
110	3	AL6061	2026-03-08	983.9	보류
111	3	AL6061	2026-03-30	14391.1	합격
112	3	AL6061	2026-04-21	1770.9	재검
113	3	AL6061	2026-05-13	1851.1	보류
114	3	AL6061	2026-06-04	1478.1	보류
115	3	AL6061	2026-06-26	2029.8	재검
116	4	SUS303	2024-12-24	207.3	합격
117	4	SUS303	2025-01-13	343.4	합격
118	4	SUS303	2025-02-02	672.3	합격
119	4	SUS303	2025-02-22	1497.3	재검
120	4	SUS303	2025-03-14	933.7	합격
121	4	SUS303	2025-04-03	1801.7	보류
122	4	SUS303	2025-04-23	361.3	합격
123	4	SUS303	2025-05-13	485.7	합격
124	4	SUS303	2025-06-02	466.2	합격
125	4	SUS303	2025-06-22	408.9	합격
126	4	SUS303	2025-07-12	669.1	합격
127	4	SUS303	2025-08-01	1792.5	보류
128	4	SUS303	2025-08-21	338.8	합격
129	4	SUS303	2025-09-10	405.1	합격
130	4	SUS303	2025-09-30	282.8	합격
131	4	SUS303	2025-10-20	541.3	합격
132	4	SUS303	2025-11-09	336.0	합격
133	4	SUS303	2025-11-29	466.4	합격
134	4	SUS303	2025-12-19	329.3	합격
135	4	SUS303	2026-01-08	762.2	합격
136	4	SUS303	2026-01-28	1724.0	재검
137	4	SUS303	2026-02-17	321.4	합격
138	4	SUS303	2026-03-09	394.7	합격
139	4	SUS303	2026-03-29	497.2	합격
140	4	SUS303	2026-04-18	406.0	합격
141	4	SUS303	2026-05-08	472.2	합격
142	4	SUS303	2026-05-28	421.4	합격
143	4	SUS303	2026-06-17	300.4	합격
\.


--
-- Data for Name: order_items; Type: TABLE DATA; Schema: public; Owner: -
--

COPY public.order_items (order_item_id, order_id, product_id, quantity, unit_price) FROM stdin;
1	1	1	15706	1750.00
2	1	2	23451	1990.00
3	1	3	7863	2500.00
4	1	4	10885	2820.00
5	1	5	8298	2950.00
6	1	6	7468	3270.00
7	2	7	35197	920.00
8	2	13	5418	4920.00
9	2	14	4832	6430.00
10	3	8	11193	1110.00
11	3	11	7195	3120.00
12	3	12	6371	3920.00
13	4	9	42038	580.00
14	4	10	27650	690.00
15	5	8	11193	1110.00
16	5	11	6045	3120.00
17	5	12	6360	3920.00
18	6	1	16885	1750.00
19	6	2	10580	1990.00
20	6	3	7604	2500.00
21	6	4	10130	2820.00
22	6	5	8311	2950.00
23	6	6	9290	3270.00
24	7	7	14276	920.00
25	7	13	5817	4920.00
26	7	14	4001	6430.00
27	8	8	10661	1110.00
28	8	11	4603	3120.00
29	8	12	4141	3920.00
30	9	9	33781	580.00
31	9	10	40591	690.00
32	10	8	10661	1110.00
33	10	11	4582	3120.00
34	10	12	4801	3920.00
35	11	1	21382	1750.00
36	11	2	15847	1990.00
37	11	3	11042	2500.00
38	11	4	10858	2820.00
39	11	5	11924	2950.00
40	11	6	9050	3270.00
41	12	7	27673	920.00
42	12	13	7738	4920.00
43	12	14	5321	6430.00
44	13	8	12167	1110.00
45	13	11	6816	3120.00
46	13	12	7608	3920.00
47	14	9	44042	580.00
48	14	10	54933	690.00
49	15	8	12167	1110.00
50	15	11	6687	3120.00
51	15	12	6295	3920.00
52	16	1	26913	1750.00
53	16	2	26234	1990.00
54	16	3	9606	2500.00
55	16	4	14938	2820.00
56	16	5	11781	2950.00
57	16	6	15531	3270.00
58	17	7	39029	920.00
59	17	13	6912	4920.00
60	17	14	7283	6430.00
61	18	8	16166	1110.00
62	18	11	5985	3120.00
63	18	12	6920	3920.00
64	19	9	65881	580.00
65	19	10	48033	690.00
66	20	8	16166	1110.00
67	20	11	9624	3120.00
68	20	12	6094	3920.00
69	21	1	18927	1750.00
70	21	2	20342	1990.00
71	21	3	11337	2500.00
72	21	4	11665	2820.00
73	21	5	9672	2950.00
74	21	6	12004	3270.00
75	22	7	32340	920.00
76	22	13	6439	4920.00
77	22	14	4444	6430.00
78	23	8	14022	1110.00
79	23	11	8357	3120.00
80	23	12	7059	3920.00
81	24	9	35130	580.00
82	24	10	36155	690.00
83	25	8	14022	1110.00
84	25	11	6752	3120.00
85	25	12	6769	3920.00
86	26	1	20360	1750.00
87	26	2	15819	1990.00
88	26	3	9057	2500.00
89	26	4	7871	2820.00
90	26	5	8459	2950.00
91	26	6	8101	3270.00
92	27	7	21968	920.00
93	27	13	5014	4920.00
94	27	14	4511	6430.00
95	28	8	12738	1110.00
96	28	11	6095	3120.00
97	28	12	3639	3920.00
98	29	9	37583	580.00
99	29	10	27909	690.00
100	30	8	12738	1110.00
101	30	11	4564	3120.00
102	30	12	5549	3920.00
103	31	1	17658	1750.00
104	31	2	26910	1990.00
105	31	3	7778	2500.00
106	31	4	14010	2820.00
107	31	5	11835	2950.00
108	31	6	11536	3270.00
109	32	7	46093	920.00
110	32	13	4928	4920.00
111	32	14	3556	6430.00
112	33	8	11590	1110.00
113	33	11	8880	3120.00
114	33	12	4791	3920.00
115	34	9	57881	580.00
116	34	10	44831	690.00
117	35	8	11590	1110.00
118	35	11	8129	3120.00
119	35	12	8572	3920.00
120	36	1	16765	1750.00
121	36	2	17400	1990.00
122	36	3	6877	2500.00
123	36	4	6388	2820.00
124	36	5	6747	2950.00
125	36	6	5269	3270.00
126	37	7	31926	920.00
127	37	13	5668	4920.00
128	37	14	5069	6430.00
129	38	8	11937	1110.00
130	38	11	6581	3120.00
131	38	12	5181	3920.00
132	39	9	27278	580.00
133	39	10	32581	690.00
134	40	8	11937	1110.00
135	40	11	7388	3120.00
136	40	12	3413	3920.00
137	41	1	11537	1750.00
138	41	2	18546	1990.00
139	41	3	18986	2500.00
140	41	4	8896	2820.00
141	41	5	11236	2950.00
142	41	6	13329	3270.00
143	42	7	32178	920.00
144	42	13	8275	4920.00
145	42	14	5260	6430.00
146	43	8	14723	1110.00
147	43	11	6406	3120.00
148	43	12	7924	3920.00
149	44	9	56719	580.00
150	44	10	32425	690.00
151	45	8	14723	1110.00
152	45	11	11090	3120.00
153	45	12	4749	3920.00
154	46	1	16859	1750.00
155	46	2	14126	1990.00
156	46	3	19869	2500.00
157	46	4	8806	2820.00
158	46	5	13923	2950.00
159	46	6	9528	3270.00
160	47	7	38336	920.00
161	47	13	6992	4920.00
162	47	14	5746	6430.00
163	48	8	13514	1110.00
164	48	11	6033	3120.00
165	48	12	5557	3920.00
166	49	9	56964	580.00
167	49	10	25854	690.00
168	50	8	13514	1110.00
169	50	11	7174	3120.00
170	50	12	4656	3920.00
171	51	1	22838	1750.00
172	51	2	21801	1990.00
173	51	3	9890	2500.00
174	51	4	10549	2820.00
175	51	5	9163	2950.00
176	51	6	7191	3270.00
177	52	7	24018	920.00
178	52	13	9208	4920.00
179	52	14	5925	6430.00
180	53	8	14027	1110.00
181	53	11	8549	3120.00
182	53	12	4638	3920.00
183	54	9	63384	580.00
184	54	10	49156	690.00
185	55	8	14027	1110.00
186	55	11	5984	3120.00
187	55	12	5079	3920.00
188	56	1	16868	1750.00
189	56	2	19205	1990.00
190	56	3	12868	2500.00
191	56	4	8494	2820.00
192	56	5	10772	2950.00
193	56	6	11227	3270.00
194	57	7	33055	920.00
195	57	13	5492	4920.00
196	57	14	4337	6430.00
197	58	8	12485	1110.00
198	58	11	6685	3120.00
199	58	12	5736	3920.00
200	59	9	51790	580.00
201	59	10	46848	690.00
202	60	8	12485	1110.00
203	60	11	5105	3120.00
204	60	12	4506	3920.00
205	61	1	19036	1840.00
206	61	2	18367	2090.00
207	61	3	12737	2630.00
208	61	4	6575	2970.00
209	61	5	14298	3110.00
210	61	6	11454	3440.00
211	62	7	23230	970.00
212	62	13	8403	5180.00
213	62	14	4592	6770.00
214	63	8	12950	1170.00
215	63	11	7499	3280.00
216	63	12	7137	4130.00
217	64	9	41716	610.00
218	64	10	29110	730.00
219	65	8	12950	1170.00
220	65	11	5123	3280.00
221	65	12	7567	4130.00
222	66	1	9274	1840.00
223	66	2	15449	2090.00
224	66	3	10316	2630.00
225	66	4	6464	2970.00
226	66	5	8357	3110.00
227	66	6	4408	3440.00
228	67	7	14887	970.00
229	67	13	3089	5180.00
230	67	14	3823	6770.00
231	68	8	10132	1170.00
232	68	11	5687	3280.00
233	68	12	3548	4130.00
234	69	9	30891	610.00
235	69	10	45580	730.00
236	70	8	10132	1170.00
237	70	11	4522	3280.00
238	70	12	5763	4130.00
239	71	1	22580	1840.00
240	71	2	15606	2090.00
241	71	3	20822	2630.00
242	71	4	12328	2970.00
243	71	5	8451	3110.00
244	71	6	10122	3440.00
245	72	7	46420	970.00
246	72	13	8056	5180.00
247	72	14	7144	6770.00
248	73	8	12426	1170.00
249	73	11	8245	3280.00
250	73	12	5737	4130.00
251	74	9	37349	610.00
252	74	10	34926	730.00
253	75	8	12426	1170.00
254	75	11	5622	3280.00
255	75	12	6696	4130.00
256	76	1	30650	1840.00
257	76	2	17682	2090.00
258	76	3	8553	2630.00
259	76	4	9453	2970.00
260	76	5	9996	3110.00
261	76	6	7308	3440.00
262	77	7	48343	970.00
263	77	13	8081	5180.00
264	77	14	6463	6770.00
265	78	8	17044	1170.00
266	78	11	7109	3280.00
267	78	12	5753	4130.00
268	79	9	70941	610.00
269	79	10	40809	730.00
270	80	8	17044	1170.00
271	80	11	10672	3280.00
272	80	12	5783	4130.00
273	81	1	19764	1840.00
274	81	2	17035	2090.00
275	81	3	6053	2630.00
276	81	4	5448	2970.00
277	81	5	7856	3110.00
278	81	6	6546	3440.00
279	82	7	23133	970.00
280	82	13	5847	5180.00
281	82	14	4128	6770.00
282	83	8	15280	1170.00
283	83	11	8739	3280.00
284	83	12	7206	4130.00
285	84	9	71375	610.00
286	84	10	40513	730.00
287	85	8	15280	1170.00
288	85	11	10636	3280.00
289	85	12	7823	4130.00
290	86	2	4489	2090.00
291	86	3	25583	2630.00
292	86	4	24920	2970.00
293	86	5	8022	3110.00
294	87	7	13407	970.00
295	87	14	1406	6770.00
296	88	8	11137	1170.00
297	88	11	13061	3280.00
298	88	12	4046	4130.00
299	89	9	22446	610.00
300	89	10	83083	730.00
301	90	8	11137	1170.00
302	90	11	12825	3280.00
303	90	12	2516	4130.00
\.


--
-- Data for Name: price_list; Type: TABLE DATA; Schema: public; Owner: -
--

COPY public.price_list (price_id, product_id, effective_from, unit_price) FROM stdin;
1	1	2025-01-01	1750.00
2	1	2026-01-01	1840.00
3	2	2025-01-01	1990.00
4	2	2026-01-01	2090.00
5	3	2025-01-01	2500.00
6	3	2026-01-01	2630.00
7	4	2025-01-01	2820.00
8	4	2026-01-01	2970.00
9	5	2025-01-01	2950.00
10	5	2026-01-01	3110.00
11	6	2025-01-01	3270.00
12	6	2026-01-01	3440.00
13	7	2025-01-01	920.00
14	7	2026-01-01	970.00
15	8	2025-01-01	1110.00
16	8	2026-01-01	1170.00
17	9	2025-01-01	580.00
18	9	2026-01-01	610.00
19	10	2025-01-01	690.00
20	10	2026-01-01	730.00
21	11	2025-01-01	3120.00
22	11	2026-01-01	3280.00
23	12	2025-01-01	3920.00
24	12	2026-01-01	4130.00
25	13	2025-01-01	4920.00
26	13	2026-01-01	5180.00
27	14	2025-01-01	6430.00
28	14	2026-01-01	6770.00
\.


--
-- Data for Name: product_families; Type: TABLE DATA; Schema: public; Owner: -
--

COPY public.product_families (family_id, family_code, name, base_material) FROM stdin;
1	SH	정밀 샤프트	탄소강 SCM440
2	BU	부싱	청동 CAC406
3	PN	커넥터 핀	스테인리스 SUS303
4	GR	스퍼 기어	합금강 SCM415
5	VB	밸브 바디	알루미늄 AL6061
\.


--
-- Data for Name: production_lines; Type: TABLE DATA; Schema: public; Owner: -
--

COPY public.production_lines (line_id, name, location, commissioned_date) FROM stdin;
1	정밀가공 1라인	1공장 A동	2019-03-11
2	정밀가공 2라인	1공장 B동	2020-07-02
3	정밀가공 3라인	1공장 C동	2016-05-20
4	정밀가공 4라인	2공장	2021-09-15
\.


--
-- Data for Name: production_runs; Type: TABLE DATA; Schema: public; Owner: -
--

COPY public.production_runs (run_id, line_id, product_id, lot_id, run_date, planned_qty, produced_qty) FROM stdin;
1	1	2	3	2025-01-02	785	768
2	1	7	64	2025-01-02	1623	1534
3	2	9	116	2025-01-02	2056	2035
4	2	10	116	2025-01-02	1824	1793
5	2	11	38	2025-01-02	668	644
6	2	12	38	2025-01-02	587	558
7	3	3	3	2025-01-02	593	585
8	3	5	3	2025-01-02	513	479
9	3	6	3	2025-01-02	455	426
10	4	13	90	2025-01-02	308	293
11	4	14	90	2025-01-02	243	230
12	1	1	3	2025-01-03	832	789
13	1	2	3	2025-01-03	774	744
14	1	7	64	2025-01-03	1386	1379
15	1	8	64	2025-01-03	1361	1355
16	2	10	116	2025-01-03	2169	2077
17	2	11	38	2025-01-03	691	644
18	3	3	3	2025-01-03	588	561
19	3	4	3	2025-01-03	573	556
20	3	5	3	2025-01-03	561	552
21	3	6	3	2025-01-03	476	463
22	4	13	90	2025-01-03	279	277
23	4	14	90	2025-01-03	223	221
24	1	1	3	2025-01-04	879	845
25	1	2	3	2025-01-04	929	925
26	1	8	64	2025-01-04	1302	1282
27	2	10	116	2025-01-04	1816	1689
28	2	11	38	2025-01-04	758	723
29	2	12	38	2025-01-04	615	612
30	3	3	3	2025-01-04	632	593
31	3	5	3	2025-01-04	505	473
32	3	6	3	2025-01-04	500	465
33	4	13	90	2025-01-04	312	302
34	4	14	90	2025-01-04	222	214
35	1	1	3	2025-01-06	874	839
36	1	2	3	2025-01-06	877	849
37	1	7	64	2025-01-06	1423	1357
38	2	10	116	2025-01-06	2151	2000
39	2	11	38	2025-01-06	656	629
40	2	12	38	2025-01-06	601	572
41	3	3	3	2025-01-06	673	655
42	3	5	3	2025-01-06	552	522
43	3	6	3	2025-01-06	446	442
44	4	14	90	2025-01-06	228	222
45	1	1	3	2025-01-07	947	907
46	1	2	3	2025-01-07	850	809
47	1	7	64	2025-01-07	1466	1445
48	1	8	64	2025-01-07	1420	1399
49	2	9	116	2025-01-07	2018	1931
50	2	10	116	2025-01-07	2012	1921
51	2	11	38	2025-01-07	747	712
52	2	12	38	2025-01-07	584	556
53	3	3	3	2025-01-07	583	560
54	3	4	3	2025-01-07	556	520
55	3	5	3	2025-01-07	492	461
56	3	6	3	2025-01-07	480	446
57	4	13	90	2025-01-07	293	282
58	4	14	90	2025-01-07	248	235
59	1	1	3	2025-01-08	931	883
60	1	2	3	2025-01-08	886	870
61	1	7	64	2025-01-08	1442	1391
62	1	8	64	2025-01-08	1322	1250
63	2	9	116	2025-01-08	1997	1902
64	2	10	116	2025-01-08	2012	1918
65	2	11	38	2025-01-08	680	676
66	2	12	38	2025-01-08	552	515
67	3	3	3	2025-01-08	635	619
68	3	4	3	2025-01-08	594	593
69	3	5	3	2025-01-08	588	576
70	3	6	3	2025-01-08	469	445
71	4	13	90	2025-01-08	289	275
72	1	1	3	2025-01-09	888	886
73	1	2	3	2025-01-09	780	777
74	1	7	64	2025-01-09	1574	1571
75	1	8	64	2025-01-09	1224	1219
76	2	9	116	2025-01-09	1983	1929
77	2	10	116	2025-01-09	1807	1704
78	2	11	38	2025-01-09	642	626
79	2	12	38	2025-01-09	512	508
80	3	3	3	2025-01-09	588	557
81	3	5	3	2025-01-09	532	525
82	3	6	3	2025-01-09	511	475
83	4	13	90	2025-01-09	299	288
84	4	14	90	2025-01-09	227	222
85	1	1	3	2025-01-10	875	847
86	1	2	3	2025-01-10	896	869
87	1	7	64	2025-01-10	1619	1516
88	1	8	64	2025-01-10	1200	1138
89	2	9	116	2025-01-10	1981	1936
90	2	11	38	2025-01-10	635	613
91	2	12	38	2025-01-10	589	582
92	3	3	3	2025-01-10	586	571
93	3	4	3	2025-01-10	548	536
94	4	13	90	2025-01-10	292	280
95	1	1	3	2025-01-11	926	901
96	1	2	3	2025-01-11	915	906
97	1	7	64	2025-01-11	1550	1509
98	1	8	64	2025-01-11	1429	1426
99	2	9	116	2025-01-11	2376	2338
100	2	10	116	2025-01-11	1836	1770
101	2	12	38	2025-01-11	602	592
102	3	3	3	2025-01-11	607	566
103	3	4	3	2025-01-11	536	519
104	3	5	3	2025-01-11	584	578
105	3	6	3	2025-01-11	519	517
106	4	13	90	2025-01-11	273	272
107	4	14	90	2025-01-11	223	222
108	1	1	3	2025-01-13	810	778
109	1	2	3	2025-01-13	827	814
110	1	8	64	2025-01-13	1300	1285
111	2	9	117	2025-01-13	2145	2110
112	2	10	117	2025-01-13	2152	2086
113	2	11	38	2025-01-13	692	684
114	2	12	38	2025-01-13	523	511
115	3	3	3	2025-01-13	679	668
116	3	5	3	2025-01-13	506	482
117	3	6	3	2025-01-13	527	496
118	4	14	90	2025-01-13	257	253
119	1	1	3	2025-01-14	815	758
120	1	7	64	2025-01-14	1447	1418
121	1	8	64	2025-01-14	1406	1368
122	2	10	117	2025-01-14	2145	2079
123	2	12	38	2025-01-14	610	590
124	3	3	3	2025-01-14	611	581
125	3	4	3	2025-01-14	607	599
126	3	5	3	2025-01-14	509	497
127	3	6	3	2025-01-14	527	496
128	4	13	91	2025-01-14	316	297
129	4	14	91	2025-01-14	238	234
130	1	1	3	2025-01-15	939	901
131	1	2	3	2025-01-15	769	720
132	1	7	64	2025-01-15	1634	1584
133	2	9	117	2025-01-15	2032	2017
134	2	10	117	2025-01-15	2149	2084
135	2	11	39	2025-01-15	708	667
136	2	12	39	2025-01-15	593	567
137	3	3	3	2025-01-15	586	576
138	3	4	3	2025-01-15	546	526
139	3	5	3	2025-01-15	579	553
140	3	6	3	2025-01-15	522	521
141	4	13	91	2025-01-15	283	278
142	4	14	91	2025-01-15	257	255
143	1	1	3	2025-01-16	976	926
144	1	2	3	2025-01-16	859	806
145	1	7	64	2025-01-16	1432	1388
146	1	8	64	2025-01-16	1282	1238
147	2	9	117	2025-01-16	2016	1879
148	2	10	117	2025-01-16	1929	1825
149	2	11	39	2025-01-16	633	619
150	2	12	39	2025-01-16	614	574
151	3	3	3	2025-01-16	669	656
152	3	4	3	2025-01-16	505	471
153	3	6	3	2025-01-16	445	415
154	4	13	91	2025-01-16	280	279
155	1	1	3	2025-01-17	879	869
156	1	2	3	2025-01-17	918	906
157	1	7	64	2025-01-17	1530	1523
158	1	8	64	2025-01-17	1210	1169
159	2	9	117	2025-01-17	2248	2226
160	2	10	117	2025-01-17	1950	1865
161	2	11	39	2025-01-17	727	678
162	2	12	39	2025-01-17	529	515
163	3	6	3	2025-01-17	505	503
164	4	13	91	2025-01-17	322	312
165	4	14	91	2025-01-17	237	226
166	1	1	3	2025-01-18	917	854
167	1	2	3	2025-01-18	828	794
168	1	7	64	2025-01-18	1461	1387
169	2	10	117	2025-01-18	2116	2056
170	2	11	39	2025-01-18	683	666
171	2	12	39	2025-01-18	580	566
172	3	3	3	2025-01-18	559	535
173	3	4	3	2025-01-18	543	535
174	3	5	3	2025-01-18	513	510
175	3	6	3	2025-01-18	522	514
176	4	13	91	2025-01-18	326	316
177	4	14	91	2025-01-18	252	245
178	1	2	3	2025-01-20	920	913
179	1	7	64	2025-01-20	1421	1411
180	1	8	64	2025-01-20	1402	1321
181	2	9	117	2025-01-20	2385	2378
182	2	10	117	2025-01-20	2028	1924
183	2	11	39	2025-01-20	718	714
184	2	12	39	2025-01-20	577	550
185	3	3	3	2025-01-20	637	632
186	3	4	3	2025-01-20	528	517
187	3	6	3	2025-01-20	503	488
188	4	13	91	2025-01-20	296	285
189	4	14	91	2025-01-20	252	250
190	1	1	3	2025-01-21	897	889
191	1	2	3	2025-01-21	782	776
192	1	7	64	2025-01-21	1427	1403
193	1	8	64	2025-01-21	1336	1257
194	2	9	117	2025-01-21	2045	1996
195	2	10	117	2025-01-21	2054	1975
196	2	11	39	2025-01-21	694	653
197	2	12	39	2025-01-21	516	504
198	3	3	3	2025-01-21	587	550
199	3	4	3	2025-01-21	554	537
200	3	5	3	2025-01-21	515	489
201	4	14	91	2025-01-21	229	228
202	1	1	3	2025-01-22	844	786
203	1	2	3	2025-01-22	775	741
204	1	7	64	2025-01-22	1585	1543
205	1	8	64	2025-01-22	1171	1107
206	2	9	117	2025-01-22	2258	2100
207	2	12	39	2025-01-22	509	507
208	3	3	3	2025-01-22	581	555
209	3	4	3	2025-01-22	572	561
210	3	6	3	2025-01-22	494	475
211	4	13	91	2025-01-22	279	276
212	4	14	91	2025-01-22	228	217
213	1	1	3	2025-01-23	977	957
214	1	2	3	2025-01-23	862	823
215	1	7	64	2025-01-23	1637	1586
216	1	8	64	2025-01-23	1271	1213
217	2	10	117	2025-01-23	1806	1719
218	2	11	39	2025-01-23	690	676
219	3	4	3	2025-01-23	584	568
220	3	5	3	2025-01-23	497	491
221	4	13	91	2025-01-23	271	261
222	4	14	91	2025-01-23	255	246
223	1	1	3	2025-01-24	828	787
224	1	2	3	2025-01-24	800	791
225	1	7	64	2025-01-24	1588	1570
226	1	8	64	2025-01-24	1420	1399
227	2	9	117	2025-01-24	2132	2031
228	2	11	39	2025-01-24	710	691
229	2	12	39	2025-01-24	590	561
230	3	4	3	2025-01-24	578	552
231	3	6	3	2025-01-24	454	424
232	4	13	91	2025-01-24	302	290
233	4	14	91	2025-01-24	240	231
234	1	1	3	2025-01-25	987	983
235	1	2	3	2025-01-25	855	805
236	1	8	64	2025-01-25	1342	1255
237	2	9	117	2025-01-25	2224	2136
238	2	10	117	2025-01-25	2011	1905
239	2	11	39	2025-01-25	740	724
240	2	12	39	2025-01-25	523	501
241	3	3	3	2025-01-25	622	579
242	4	13	91	2025-01-25	297	293
243	4	14	91	2025-01-25	236	225
244	1	2	3	2025-01-27	802	786
245	1	7	64	2025-01-27	1628	1624
246	2	9	117	2025-01-27	2091	2012
247	2	10	117	2025-01-27	2130	2077
248	2	11	39	2025-01-27	758	732
249	2	12	39	2025-01-27	523	505
250	3	3	3	2025-01-27	576	555
251	3	4	3	2025-01-27	608	575
252	4	13	91	2025-01-27	286	281
253	4	14	91	2025-01-27	253	247
254	1	2	3	2025-01-31	860	800
255	1	7	64	2025-01-31	1400	1377
256	1	8	64	2025-01-31	1217	1210
257	2	9	117	2025-01-31	2073	2036
258	2	11	39	2025-01-31	646	602
259	2	12	39	2025-01-31	578	543
260	3	5	3	2025-01-31	496	492
261	4	14	91	2025-01-31	261	246
262	1	1	3	2025-02-01	811	806
263	1	2	3	2025-02-01	778	728
264	1	7	64	2025-02-01	1333	1252
265	1	8	64	2025-02-01	1073	1039
266	2	9	117	2025-02-01	1941	1920
267	2	10	117	2025-02-01	1550	1461
268	2	11	39	2025-02-01	646	645
269	2	12	39	2025-02-01	452	426
270	3	3	3	2025-02-01	572	543
271	3	6	3	2025-02-01	412	390
272	4	13	91	2025-02-01	244	233
273	4	14	91	2025-02-01	197	188
274	1	1	4	2025-02-03	828	820
275	1	2	4	2025-02-03	762	722
276	1	7	64	2025-02-03	1400	1312
277	1	8	64	2025-02-03	1055	986
278	2	9	118	2025-02-03	2032	1915
279	2	10	118	2025-02-03	1818	1771
280	2	11	39	2025-02-03	570	548
281	2	12	39	2025-02-03	457	448
282	3	3	4	2025-02-03	493	490
283	3	5	4	2025-02-03	507	480
284	3	6	4	2025-02-03	374	358
285	4	13	91	2025-02-03	248	247
286	4	14	91	2025-02-03	196	186
287	1	1	4	2025-02-04	837	783
288	1	2	4	2025-02-04	660	630
289	1	7	64	2025-02-04	1290	1243
290	1	8	64	2025-02-04	1039	1030
291	2	9	118	2025-02-04	2060	2054
292	2	10	118	2025-02-04	1561	1553
293	2	11	39	2025-02-04	546	523
294	2	12	39	2025-02-04	468	457
295	3	3	4	2025-02-04	547	519
296	3	4	4	2025-02-04	486	482
297	3	6	4	2025-02-04	446	423
298	4	13	91	2025-02-04	231	216
299	4	14	91	2025-02-04	224	211
300	1	1	4	2025-02-05	751	698
301	1	2	4	2025-02-05	680	677
302	1	7	64	2025-02-05	1210	1135
303	2	9	118	2025-02-05	1697	1587
304	2	10	118	2025-02-05	1767	1660
305	2	11	39	2025-02-05	585	583
306	2	12	39	2025-02-05	442	419
307	3	3	4	2025-02-05	539	535
308	3	4	4	2025-02-05	514	482
309	3	5	4	2025-02-05	473	463
310	3	6	4	2025-02-05	444	418
311	4	13	92	2025-02-05	278	269
312	4	14	92	2025-02-05	201	189
313	1	1	4	2025-02-06	733	726
314	2	9	118	2025-02-06	1898	1849
315	2	10	118	2025-02-06	1591	1575
316	2	11	39	2025-02-06	619	610
317	2	12	39	2025-02-06	513	491
318	3	3	4	2025-02-06	485	455
319	3	4	4	2025-02-06	432	402
320	3	5	4	2025-02-06	447	417
321	3	6	4	2025-02-06	447	442
322	4	13	92	2025-02-06	281	272
323	4	14	92	2025-02-06	197	195
324	1	1	4	2025-02-07	791	743
325	1	2	4	2025-02-07	756	745
326	1	7	64	2025-02-07	1265	1195
327	1	8	64	2025-02-07	1204	1154
328	2	9	118	2025-02-07	2026	1908
329	2	10	118	2025-02-07	1847	1734
330	2	11	39	2025-02-07	582	548
331	2	12	39	2025-02-07	450	435
332	3	3	4	2025-02-07	575	566
333	3	4	4	2025-02-07	524	515
334	3	6	4	2025-02-07	410	406
335	4	14	92	2025-02-07	199	192
336	1	1	4	2025-02-08	776	755
337	1	2	4	2025-02-08	792	777
338	1	7	64	2025-02-08	1185	1128
339	1	8	64	2025-02-08	1025	1000
340	2	9	118	2025-02-08	1772	1696
341	2	10	118	2025-02-08	1630	1544
342	2	11	40	2025-02-08	576	571
343	2	12	40	2025-02-08	445	430
344	3	3	4	2025-02-08	522	516
345	3	4	4	2025-02-08	519	492
346	3	5	4	2025-02-08	449	417
347	3	6	4	2025-02-08	439	429
348	4	13	92	2025-02-08	237	233
349	4	14	92	2025-02-08	199	198
350	2	9	118	2025-02-10	1844	1750
351	2	10	118	2025-02-10	1738	1647
352	2	11	40	2025-02-10	654	644
353	3	3	4	2025-02-10	560	538
354	3	5	4	2025-02-10	449	419
355	3	6	4	2025-02-10	403	398
356	4	14	92	2025-02-10	200	199
357	1	1	4	2025-02-11	783	747
358	1	2	4	2025-02-11	771	749
359	1	7	64	2025-02-11	1306	1240
360	1	8	64	2025-02-11	1200	1163
361	2	9	118	2025-02-11	1979	1949
362	2	10	118	2025-02-11	1767	1759
363	2	11	40	2025-02-11	620	616
364	2	12	40	2025-02-11	512	476
365	3	4	4	2025-02-11	448	447
366	3	5	4	2025-02-11	479	472
367	3	6	4	2025-02-11	404	377
368	4	14	92	2025-02-11	194	185
369	1	2	4	2025-02-12	772	720
370	1	7	64	2025-02-12	1187	1167
371	1	8	64	2025-02-12	1125	1087
372	2	11	40	2025-02-12	604	592
373	2	12	40	2025-02-12	522	508
374	3	3	4	2025-02-12	487	470
375	3	4	4	2025-02-12	516	511
376	3	5	4	2025-02-12	472	457
377	3	6	4	2025-02-12	383	361
378	4	13	92	2025-02-12	280	271
379	4	14	92	2025-02-12	198	189
380	1	1	4	2025-02-13	837	786
381	1	7	64	2025-02-13	1380	1315
382	2	10	118	2025-02-13	1653	1572
383	2	11	40	2025-02-13	651	645
384	2	12	40	2025-02-13	500	465
385	3	3	4	2025-02-13	515	493
386	3	4	4	2025-02-13	484	453
387	3	5	4	2025-02-13	476	459
388	3	6	4	2025-02-13	410	404
389	4	13	92	2025-02-13	239	236
390	4	14	92	2025-02-13	212	211
391	1	1	4	2025-02-14	785	752
392	1	2	4	2025-02-14	768	753
393	1	8	64	2025-02-14	1204	1167
394	2	10	118	2025-02-14	1703	1631
395	2	12	40	2025-02-14	524	499
396	3	3	4	2025-02-14	488	477
397	3	4	4	2025-02-14	479	453
398	3	5	4	2025-02-14	467	436
399	3	6	4	2025-02-14	398	396
400	4	13	92	2025-02-14	273	261
401	4	14	92	2025-02-14	202	200
402	1	1	4	2025-02-15	813	776
403	1	2	4	2025-02-15	743	694
404	1	7	64	2025-02-15	1315	1273
405	1	8	64	2025-02-15	1134	1109
406	2	9	118	2025-02-15	1784	1770
407	2	10	118	2025-02-15	1692	1677
408	2	11	40	2025-02-15	657	638
409	3	3	4	2025-02-15	505	483
410	3	4	4	2025-02-15	524	516
411	3	5	4	2025-02-15	497	484
412	3	6	4	2025-02-15	437	409
413	4	13	92	2025-02-15	273	259
414	4	14	92	2025-02-15	193	183
415	1	1	4	2025-02-17	725	688
416	1	2	4	2025-02-17	776	729
417	1	8	64	2025-02-17	1077	1067
418	2	9	118	2025-02-17	2037	2027
419	2	10	118	2025-02-17	1548	1531
420	2	11	40	2025-02-17	566	546
421	2	12	40	2025-02-17	495	488
422	3	3	4	2025-02-17	536	499
423	3	4	4	2025-02-17	488	487
424	3	5	4	2025-02-17	455	448
425	4	14	92	2025-02-17	189	182
426	1	2	5	2025-02-18	776	771
427	1	7	64	2025-02-18	1367	1350
428	1	8	64	2025-02-18	1133	1091
429	2	9	118	2025-02-18	1725	1632
430	2	10	118	2025-02-18	1828	1766
431	2	12	40	2025-02-18	469	448
432	3	3	5	2025-02-18	522	511
433	3	4	5	2025-02-18	508	506
434	3	6	5	2025-02-18	387	384
435	4	13	92	2025-02-18	239	223
436	4	14	92	2025-02-18	193	189
437	1	1	5	2025-02-19	816	786
438	1	2	5	2025-02-19	688	680
439	1	7	65	2025-02-19	1213	1197
440	1	8	65	2025-02-19	1181	1133
441	2	9	118	2025-02-19	1970	1853
442	2	10	118	2025-02-19	1679	1568
443	2	11	40	2025-02-19	621	582
444	3	3	5	2025-02-19	505	492
445	3	4	5	2025-02-19	454	429
446	3	5	5	2025-02-19	434	424
447	4	13	92	2025-02-19	232	224
448	1	1	5	2025-02-20	813	793
449	1	2	5	2025-02-20	743	731
450	1	7	65	2025-02-20	1154	1134
451	1	8	65	2025-02-20	1075	1063
452	2	9	118	2025-02-20	1800	1709
453	2	10	118	2025-02-20	1812	1729
454	2	11	40	2025-02-20	547	514
455	3	4	5	2025-02-20	435	410
456	3	5	5	2025-02-20	485	468
457	3	6	5	2025-02-20	381	361
458	4	13	92	2025-02-20	234	233
459	4	14	92	2025-02-20	220	206
460	1	1	5	2025-02-21	694	686
461	1	2	5	2025-02-21	784	758
462	1	7	65	2025-02-21	1368	1320
463	1	8	65	2025-02-21	1156	1133
464	2	9	118	2025-02-21	1951	1855
465	2	10	118	2025-02-21	1713	1655
466	2	11	40	2025-02-21	582	563
467	2	12	40	2025-02-21	474	444
468	3	3	5	2025-02-21	528	519
469	3	6	5	2025-02-21	382	372
470	4	13	92	2025-02-21	276	268
471	1	1	5	2025-02-22	796	757
472	1	2	5	2025-02-22	683	663
473	1	7	65	2025-02-22	1159	1140
474	1	8	65	2025-02-22	1048	975
475	2	9	118	2025-02-22	1720	1617
476	2	12	40	2025-02-22	511	481
477	3	3	5	2025-02-22	568	542
478	3	4	5	2025-02-22	469	442
479	3	6	5	2025-02-22	405	378
480	4	13	92	2025-02-22	232	219
481	4	14	92	2025-02-22	217	206
482	1	1	5	2025-02-24	696	689
483	1	8	65	2025-02-24	1212	1149
484	2	9	118	2025-02-24	1975	1855
485	2	10	118	2025-02-24	1812	1802
486	2	11	40	2025-02-24	650	628
487	2	12	40	2025-02-24	466	439
488	3	3	5	2025-02-24	483	468
489	3	4	5	2025-02-24	485	457
490	3	5	5	2025-02-24	497	478
491	3	6	5	2025-02-24	389	386
492	4	13	92	2025-02-24	268	253
493	4	14	92	2025-02-24	218	215
494	1	1	5	2025-02-25	698	662
495	1	2	5	2025-02-25	695	670
496	1	7	65	2025-02-25	1237	1153
497	1	8	65	2025-02-25	1165	1128
498	2	9	118	2025-02-25	1854	1738
499	2	10	118	2025-02-25	1606	1535
500	2	11	40	2025-02-25	658	657
501	2	12	40	2025-02-25	524	502
502	3	4	5	2025-02-25	447	426
503	3	6	5	2025-02-25	399	380
504	4	13	92	2025-02-25	270	263
505	4	14	92	2025-02-25	209	208
506	1	2	5	2025-02-26	691	658
507	1	7	65	2025-02-26	1330	1257
508	1	8	65	2025-02-26	1200	1133
509	2	9	118	2025-02-26	1885	1851
510	2	10	118	2025-02-26	1610	1502
511	2	11	40	2025-02-26	555	538
512	2	12	40	2025-02-26	507	474
513	3	3	5	2025-02-26	523	509
514	3	4	5	2025-02-26	454	440
515	3	5	5	2025-02-26	500	499
516	3	6	5	2025-02-26	412	396
517	4	13	92	2025-02-26	261	255
518	4	14	92	2025-02-26	222	219
519	1	1	5	2025-02-27	757	711
520	1	8	65	2025-02-27	1126	1066
521	2	9	118	2025-02-27	1972	1894
522	2	10	118	2025-02-27	1577	1500
523	2	11	40	2025-02-27	607	566
524	2	12	40	2025-02-27	517	495
525	3	4	5	2025-02-27	460	436
526	3	5	5	2025-02-27	457	447
527	3	6	5	2025-02-27	436	431
528	4	13	93	2025-02-27	273	268
529	4	14	93	2025-02-27	186	175
530	1	1	5	2025-02-28	736	718
531	1	2	5	2025-02-28	692	645
532	1	7	65	2025-02-28	1331	1249
533	1	8	65	2025-02-28	1196	1130
534	2	9	118	2025-02-28	1919	1839
535	2	10	118	2025-02-28	1585	1479
536	2	11	40	2025-02-28	625	605
537	2	12	40	2025-02-28	436	423
538	3	3	5	2025-02-28	496	488
539	3	4	5	2025-02-28	444	428
540	3	5	5	2025-02-28	482	449
541	3	6	5	2025-02-28	390	383
542	4	13	93	2025-02-28	242	238
543	4	14	93	2025-02-28	213	200
544	1	1	5	2025-03-03	864	828
545	1	7	65	2025-03-03	1590	1582
546	2	9	118	2025-03-03	2158	2077
547	2	10	118	2025-03-03	2323	2322
548	2	12	40	2025-03-03	598	573
549	3	4	5	2025-03-03	595	566
550	3	5	5	2025-03-03	569	552
551	3	6	5	2025-03-03	534	506
552	4	14	93	2025-03-03	259	245
553	1	2	5	2025-03-04	974	936
554	1	7	65	2025-03-04	1577	1510
555	1	8	65	2025-03-04	1352	1293
556	2	9	118	2025-03-04	2147	2030
557	2	12	41	2025-03-04	561	523
558	3	3	5	2025-03-04	636	635
559	3	5	5	2025-03-04	573	534
560	3	6	5	2025-03-04	559	537
561	4	13	93	2025-03-04	343	326
562	4	14	93	2025-03-04	262	253
563	1	1	6	2025-03-05	895	860
564	1	2	6	2025-03-05	916	875
565	1	7	65	2025-03-05	1548	1459
566	1	8	65	2025-03-05	1350	1276
567	2	9	118	2025-03-05	2487	2399
568	2	11	41	2025-03-05	786	737
569	3	3	6	2025-03-05	706	663
570	3	4	6	2025-03-05	595	565
571	3	5	6	2025-03-05	590	560
572	3	6	6	2025-03-05	534	496
573	4	13	93	2025-03-05	291	285
574	4	14	93	2025-03-05	272	255
575	1	1	6	2025-03-06	984	979
576	1	2	6	2025-03-06	906	899
577	1	7	65	2025-03-06	1444	1418
578	2	9	118	2025-03-06	2167	2087
579	2	11	41	2025-03-06	740	721
580	2	12	41	2025-03-06	589	558
581	3	3	6	2025-03-06	638	631
582	3	4	6	2025-03-06	615	580
583	3	5	6	2025-03-06	606	572
584	4	13	93	2025-03-06	312	292
585	4	14	93	2025-03-06	255	253
586	1	1	6	2025-03-07	941	909
587	1	2	6	2025-03-07	960	898
588	1	7	65	2025-03-07	1687	1647
589	1	8	65	2025-03-07	1347	1338
590	2	9	118	2025-03-07	2219	2133
591	2	10	118	2025-03-07	1956	1819
592	2	11	41	2025-03-07	792	769
593	2	12	41	2025-03-07	574	550
594	3	4	6	2025-03-07	633	596
595	3	5	6	2025-03-07	580	568
596	3	6	6	2025-03-07	534	509
597	4	13	93	2025-03-07	350	349
598	4	14	93	2025-03-07	257	250
599	1	1	6	2025-03-08	998	952
600	1	7	65	2025-03-08	1478	1474
601	2	9	118	2025-03-08	2352	2215
602	2	10	118	2025-03-08	2148	1998
603	2	11	41	2025-03-08	734	724
604	2	12	41	2025-03-08	613	575
605	3	3	6	2025-03-08	684	672
606	3	4	6	2025-03-08	602	585
607	3	6	6	2025-03-08	468	444
608	4	13	93	2025-03-08	337	316
609	4	14	93	2025-03-08	276	268
610	1	1	6	2025-03-10	906	845
611	1	7	65	2025-03-10	1576	1514
612	1	8	65	2025-03-10	1278	1216
613	2	9	118	2025-03-10	2408	2240
614	2	10	118	2025-03-10	1956	1949
615	2	12	41	2025-03-10	590	551
616	3	3	6	2025-03-10	595	560
617	3	4	6	2025-03-10	575	542
618	3	5	6	2025-03-10	595	562
619	3	6	6	2025-03-10	548	533
620	4	13	93	2025-03-10	295	284
621	1	1	6	2025-03-11	966	953
622	1	7	66	2025-03-11	1451	1447
623	1	8	66	2025-03-11	1247	1220
624	2	9	118	2025-03-11	2397	2354
625	2	10	118	2025-03-11	2047	2021
626	2	11	41	2025-03-11	773	762
627	2	12	41	2025-03-11	584	581
628	3	4	6	2025-03-11	578	557
629	3	5	6	2025-03-11	555	521
630	4	13	93	2025-03-11	327	304
631	4	14	93	2025-03-11	267	262
632	1	1	6	2025-03-12	925	867
633	1	2	6	2025-03-12	845	816
634	1	8	66	2025-03-12	1461	1446
635	2	9	118	2025-03-12	2447	2337
636	2	10	118	2025-03-12	2273	2127
637	2	11	41	2025-03-12	711	696
638	2	12	41	2025-03-12	609	597
639	3	3	6	2025-03-12	679	634
640	3	4	6	2025-03-12	551	516
641	3	5	6	2025-03-12	548	526
642	3	6	6	2025-03-12	459	430
643	4	14	93	2025-03-12	266	253
644	1	1	6	2025-03-13	985	980
645	1	2	6	2025-03-13	871	816
646	1	7	66	2025-03-13	1720	1652
647	2	9	118	2025-03-13	2411	2372
648	2	10	118	2025-03-13	2190	2182
649	2	11	41	2025-03-13	670	667
650	2	12	41	2025-03-13	587	580
651	3	4	6	2025-03-13	645	602
652	3	5	6	2025-03-13	525	509
653	3	6	6	2025-03-13	493	466
654	4	13	93	2025-03-13	310	309
655	4	14	93	2025-03-13	231	229
656	1	1	6	2025-03-14	1050	1031
657	1	2	6	2025-03-14	889	845
658	1	7	66	2025-03-14	1561	1504
659	1	8	66	2025-03-14	1502	1461
660	2	9	120	2025-03-14	2368	2245
661	2	10	120	2025-03-14	2247	2201
662	2	11	41	2025-03-14	710	672
663	2	12	41	2025-03-14	611	598
664	3	3	6	2025-03-14	611	606
665	3	4	6	2025-03-14	652	613
666	3	5	6	2025-03-14	519	495
667	3	6	6	2025-03-14	543	523
668	4	13	93	2025-03-14	302	282
669	4	14	93	2025-03-14	256	243
670	1	1	6	2025-03-15	1048	1005
671	1	8	66	2025-03-15	1408	1373
672	2	9	120	2025-03-15	2351	2214
673	2	11	41	2025-03-15	736	709
674	3	3	6	2025-03-15	705	670
675	3	4	6	2025-03-15	611	607
676	3	5	6	2025-03-15	536	530
677	3	6	6	2025-03-15	494	481
678	4	13	93	2025-03-15	324	315
679	1	2	6	2025-03-17	956	945
680	1	7	66	2025-03-17	1659	1553
681	2	9	120	2025-03-17	2163	2021
682	2	10	120	2025-03-17	2093	1951
683	2	11	41	2025-03-17	714	699
684	2	12	41	2025-03-17	585	552
685	3	3	6	2025-03-17	644	637
686	3	4	6	2025-03-17	585	570
687	4	13	93	2025-03-17	319	299
688	1	1	6	2025-03-18	943	899
689	1	7	66	2025-03-18	1647	1599
690	1	8	66	2025-03-18	1315	1260
691	2	9	120	2025-03-18	2360	2359
692	2	10	120	2025-03-18	1915	1833
693	2	11	41	2025-03-18	677	657
694	2	12	41	2025-03-18	639	610
695	3	4	6	2025-03-18	644	607
696	3	5	6	2025-03-18	549	528
697	3	6	6	2025-03-18	472	444
698	4	14	93	2025-03-18	269	256
699	1	1	6	2025-03-19	1001	1000
700	1	2	6	2025-03-19	925	899
701	1	7	66	2025-03-19	1442	1411
702	1	8	66	2025-03-19	1431	1331
703	2	9	120	2025-03-19	2447	2353
704	2	10	120	2025-03-19	2318	2210
705	2	11	41	2025-03-19	707	673
706	2	12	41	2025-03-19	591	560
707	3	3	6	2025-03-19	682	645
708	3	4	6	2025-03-19	592	555
709	3	5	6	2025-03-19	589	560
710	3	6	6	2025-03-19	477	463
711	4	13	93	2025-03-19	327	310
712	4	14	93	2025-03-19	269	255
713	1	2	7	2025-03-20	926	914
714	1	7	66	2025-03-20	1694	1685
715	1	8	66	2025-03-20	1316	1242
716	2	9	120	2025-03-20	2493	2463
717	2	10	120	2025-03-20	2193	2173
718	3	3	7	2025-03-20	663	623
719	3	4	7	2025-03-20	591	550
720	3	5	7	2025-03-20	556	523
721	3	6	7	2025-03-20	459	452
722	4	14	93	2025-03-20	274	263
723	1	1	7	2025-03-21	1051	1022
724	1	2	7	2025-03-21	874	839
725	1	7	66	2025-03-21	1494	1475
726	1	8	66	2025-03-21	1337	1313
727	2	10	120	2025-03-21	2234	2097
728	2	11	41	2025-03-21	758	735
729	2	12	41	2025-03-21	643	640
730	3	3	7	2025-03-21	715	687
731	3	4	7	2025-03-21	577	558
732	3	5	7	2025-03-21	517	490
733	3	6	7	2025-03-21	533	519
734	4	14	94	2025-03-21	274	272
735	1	1	7	2025-03-22	1003	997
736	1	2	7	2025-03-22	814	795
737	1	7	66	2025-03-22	1666	1616
738	1	8	66	2025-03-22	1334	1294
739	2	9	120	2025-03-22	2522	2458
740	2	10	120	2025-03-22	2267	2181
741	2	11	41	2025-03-22	757	741
742	2	12	41	2025-03-22	634	625
743	3	5	7	2025-03-22	548	518
744	3	6	7	2025-03-22	477	468
745	4	13	94	2025-03-22	312	293
746	4	14	94	2025-03-22	280	261
747	1	1	7	2025-03-24	964	915
748	1	2	7	2025-03-24	945	920
749	1	7	66	2025-03-24	1642	1607
750	1	8	66	2025-03-24	1258	1226
751	2	9	120	2025-03-24	2402	2319
752	2	10	120	2025-03-24	1948	1850
753	2	11	41	2025-03-24	704	689
754	2	12	41	2025-03-24	579	549
755	3	3	7	2025-03-24	714	681
756	3	4	7	2025-03-24	645	617
757	3	5	7	2025-03-24	532	501
758	3	6	7	2025-03-24	529	499
759	4	13	94	2025-03-24	310	292
760	4	14	94	2025-03-24	231	221
761	1	1	7	2025-03-25	902	848
762	1	8	66	2025-03-25	1458	1438
763	2	10	120	2025-03-25	2188	2174
764	2	11	41	2025-03-25	713	675
765	2	12	41	2025-03-25	653	608
766	3	3	7	2025-03-25	647	614
767	3	4	7	2025-03-25	603	579
768	3	5	7	2025-03-25	606	597
769	4	13	94	2025-03-25	347	341
770	1	1	7	2025-03-26	901	882
771	1	2	7	2025-03-26	821	803
772	1	7	66	2025-03-26	1678	1618
773	2	9	120	2025-03-26	2408	2390
774	2	10	120	2025-03-26	2037	1968
775	2	11	41	2025-03-26	815	763
776	2	12	41	2025-03-26	603	588
777	3	4	7	2025-03-26	597	586
778	3	5	7	2025-03-26	579	577
779	3	6	7	2025-03-26	490	462
780	4	13	94	2025-03-26	307	306
781	4	14	94	2025-03-26	234	229
782	1	1	7	2025-03-27	936	933
783	1	2	7	2025-03-27	964	912
784	1	7	66	2025-03-27	1537	1483
785	1	8	66	2025-03-27	1409	1396
786	2	10	120	2025-03-27	2292	2225
787	2	11	41	2025-03-27	800	771
788	2	12	41	2025-03-27	589	557
789	3	3	7	2025-03-27	699	696
790	3	4	7	2025-03-27	596	563
791	3	5	7	2025-03-27	544	531
792	3	6	7	2025-03-27	552	537
793	4	13	94	2025-03-27	289	279
794	4	14	94	2025-03-27	264	262
795	1	1	7	2025-03-28	950	948
796	1	7	66	2025-03-28	1625	1524
797	1	8	66	2025-03-28	1390	1315
798	2	9	120	2025-03-28	2564	2508
799	2	10	120	2025-03-28	2212	2097
800	2	12	41	2025-03-28	597	571
801	3	3	7	2025-03-28	700	663
802	3	4	7	2025-03-28	627	583
803	4	13	94	2025-03-28	296	275
804	4	14	94	2025-03-28	243	242
805	1	1	7	2025-03-29	942	901
806	1	2	7	2025-03-29	894	862
807	1	7	66	2025-03-29	1742	1701
808	1	8	66	2025-03-29	1282	1192
809	2	9	120	2025-03-29	2291	2290
810	2	10	120	2025-03-29	2233	2186
811	2	11	41	2025-03-29	693	688
812	2	12	41	2025-03-29	645	638
813	3	3	7	2025-03-29	701	688
814	3	6	7	2025-03-29	467	440
815	4	13	94	2025-03-29	339	332
816	4	14	94	2025-03-29	265	249
817	1	1	7	2025-03-31	917	870
818	1	2	7	2025-03-31	886	830
819	1	8	67	2025-03-31	1281	1253
820	2	9	120	2025-03-31	2282	2170
821	2	10	120	2025-03-31	2170	2168
822	2	11	41	2025-03-31	705	657
823	2	12	41	2025-03-31	645	609
824	3	3	7	2025-03-31	638	611
825	3	4	7	2025-03-31	540	527
826	3	5	7	2025-03-31	525	502
827	3	6	7	2025-03-31	543	526
828	4	13	94	2025-03-31	287	280
829	4	14	94	2025-03-31	240	223
830	1	1	7	2025-04-01	986	950
831	1	2	7	2025-04-01	883	844
832	1	7	67	2025-04-01	1683	1676
833	1	8	67	2025-04-01	1347	1292
834	2	9	120	2025-04-01	2509	2427
835	2	10	120	2025-04-01	2098	1962
836	2	11	41	2025-04-01	773	767
837	2	12	41	2025-04-01	666	622
838	3	3	7	2025-04-01	726	702
839	3	5	7	2025-04-01	650	648
840	3	6	7	2025-04-01	546	512
841	4	14	94	2025-04-01	289	284
842	1	1	7	2025-04-02	954	916
843	1	2	7	2025-04-02	862	829
844	1	7	67	2025-04-02	1770	1746
845	1	8	67	2025-04-02	1297	1231
846	2	9	120	2025-04-02	2582	2556
847	2	10	120	2025-04-02	1995	1858
848	2	11	41	2025-04-02	832	786
849	2	12	41	2025-04-02	612	573
850	3	3	7	2025-04-02	682	652
851	3	4	7	2025-04-02	631	619
852	3	5	7	2025-04-02	637	612
853	3	6	7	2025-04-02	550	540
854	4	13	94	2025-04-02	349	325
855	4	14	94	2025-04-02	251	237
856	1	1	7	2025-04-03	1061	1050
857	1	2	7	2025-04-03	890	857
858	1	7	67	2025-04-03	1707	1701
859	1	8	67	2025-04-03	1304	1284
860	2	9	120	2025-04-03	2544	2521
861	2	12	41	2025-04-03	583	570
862	3	3	7	2025-04-03	722	709
863	3	4	7	2025-04-03	558	551
864	3	5	7	2025-04-03	623	612
865	3	6	7	2025-04-03	564	551
866	4	14	94	2025-04-03	286	285
867	1	2	8	2025-04-04	968	943
868	1	7	67	2025-04-04	1672	1646
869	1	8	67	2025-04-04	1462	1406
870	2	9	120	2025-04-04	2242	2163
871	2	11	41	2025-04-04	703	672
872	2	12	41	2025-04-04	617	613
873	3	3	8	2025-04-04	700	665
874	3	4	8	2025-04-04	566	536
875	3	5	8	2025-04-04	583	554
876	3	6	8	2025-04-04	545	542
877	4	13	94	2025-04-04	301	287
878	4	14	94	2025-04-04	259	246
879	1	1	8	2025-04-05	918	857
880	1	7	67	2025-04-05	1560	1543
881	1	8	67	2025-04-05	1393	1347
882	2	9	120	2025-04-05	2604	2528
883	2	10	120	2025-04-05	2340	2207
884	2	11	41	2025-04-05	716	702
885	2	12	41	2025-04-05	640	601
886	3	3	8	2025-04-05	664	654
887	3	4	8	2025-04-05	668	636
888	3	5	8	2025-04-05	642	635
889	3	6	8	2025-04-05	561	534
890	1	1	8	2025-04-07	904	850
891	1	2	8	2025-04-07	933	883
892	1	7	67	2025-04-07	1543	1511
893	1	8	67	2025-04-07	1524	1507
894	2	9	120	2025-04-07	2512	2467
895	2	10	120	2025-04-07	2216	2093
896	2	11	41	2025-04-07	770	769
897	2	12	41	2025-04-07	626	619
898	3	3	8	2025-04-07	625	596
899	3	4	8	2025-04-07	580	548
900	3	6	8	2025-04-07	492	487
901	4	14	94	2025-04-07	259	241
902	1	1	8	2025-04-08	1058	1002
903	1	2	8	2025-04-08	915	900
904	1	7	67	2025-04-08	1620	1539
905	1	8	67	2025-04-08	1375	1284
906	2	9	120	2025-04-08	2633	2540
907	2	10	120	2025-04-08	2043	2032
908	3	3	8	2025-04-08	625	618
909	3	4	8	2025-04-08	611	568
910	3	5	8	2025-04-08	588	568
911	3	6	8	2025-04-08	494	490
912	4	13	94	2025-04-08	356	346
913	4	14	94	2025-04-08	253	248
914	1	1	8	2025-04-09	1020	1017
915	1	2	8	2025-04-09	967	918
916	1	8	67	2025-04-09	1555	1480
917	2	9	120	2025-04-09	2639	2602
918	2	10	120	2025-04-09	2098	2045
919	2	11	41	2025-04-09	694	666
920	3	3	8	2025-04-09	631	611
921	3	4	8	2025-04-09	676	639
922	3	5	8	2025-04-09	550	539
923	3	6	8	2025-04-09	498	485
924	4	13	94	2025-04-09	306	295
925	4	14	94	2025-04-09	265	249
926	1	1	8	2025-04-10	957	924
927	1	7	67	2025-04-10	1498	1454
928	1	8	67	2025-04-10	1468	1454
929	2	9	120	2025-04-10	2516	2415
930	2	10	120	2025-04-10	2219	2175
931	2	11	41	2025-04-10	829	827
932	3	3	8	2025-04-10	669	634
933	3	4	8	2025-04-10	628	602
934	3	6	8	2025-04-10	518	482
935	4	13	94	2025-04-10	337	316
936	4	14	94	2025-04-10	289	285
937	1	7	67	2025-04-11	1541	1452
938	1	8	67	2025-04-11	1328	1271
939	2	9	120	2025-04-11	2381	2340
940	2	12	41	2025-04-11	575	537
941	3	3	8	2025-04-11	679	641
942	3	4	8	2025-04-11	570	539
943	3	5	8	2025-04-11	607	568
944	3	6	8	2025-04-11	550	531
945	4	13	94	2025-04-11	337	333
946	4	14	94	2025-04-11	265	246
947	1	1	8	2025-04-12	1035	1014
948	1	2	8	2025-04-12	986	983
949	1	7	67	2025-04-12	1562	1484
950	2	9	120	2025-04-12	2373	2297
951	2	10	120	2025-04-12	2357	2318
952	2	11	41	2025-04-12	824	769
953	2	12	41	2025-04-12	642	638
954	3	3	8	2025-04-12	671	655
955	3	4	8	2025-04-12	610	576
956	3	6	8	2025-04-12	564	531
957	4	13	95	2025-04-12	338	320
958	4	14	95	2025-04-12	240	239
959	1	1	8	2025-04-14	1070	999
960	1	7	67	2025-04-14	1661	1572
961	1	8	67	2025-04-14	1381	1286
962	2	9	120	2025-04-14	2406	2279
963	2	10	120	2025-04-14	2380	2295
964	2	11	41	2025-04-14	735	713
965	3	3	8	2025-04-14	613	585
966	3	4	8	2025-04-14	569	558
967	3	5	8	2025-04-14	594	590
968	3	6	8	2025-04-14	520	499
969	4	13	95	2025-04-14	362	352
970	1	1	8	2025-04-15	1003	932
971	1	2	8	2025-04-15	1007	982
972	2	9	120	2025-04-15	2469	2307
973	2	11	41	2025-04-15	814	771
974	3	3	8	2025-04-15	715	714
975	3	4	8	2025-04-15	654	622
976	3	6	8	2025-04-15	500	485
977	4	13	95	2025-04-15	356	347
978	1	1	8	2025-04-16	1012	966
979	1	2	8	2025-04-16	854	800
980	1	7	67	2025-04-16	1557	1509
981	1	8	67	2025-04-16	1398	1355
982	2	9	120	2025-04-16	2496	2417
983	2	10	120	2025-04-16	1981	1923
984	2	11	41	2025-04-16	814	807
985	2	12	41	2025-04-16	663	643
986	3	3	8	2025-04-16	618	602
987	3	4	8	2025-04-16	583	548
988	3	5	8	2025-04-16	610	568
989	3	6	8	2025-04-16	535	512
990	4	13	95	2025-04-16	353	342
991	4	14	95	2025-04-16	246	245
992	1	1	8	2025-04-17	981	944
993	1	2	8	2025-04-17	850	792
994	1	7	67	2025-04-17	1630	1569
995	1	8	67	2025-04-17	1426	1384
996	2	10	120	2025-04-17	2255	2155
997	2	11	41	2025-04-17	779	738
998	2	12	41	2025-04-17	676	652
999	3	3	8	2025-04-17	629	608
1000	3	4	8	2025-04-17	591	557
1001	3	6	8	2025-04-17	571	556
1002	4	14	95	2025-04-17	265	247
1003	1	1	8	2025-04-18	896	866
1004	1	2	8	2025-04-18	992	972
1005	1	7	67	2025-04-18	1718	1651
1006	1	8	67	2025-04-18	1304	1279
1007	2	9	120	2025-04-18	2238	2099
1008	2	10	120	2025-04-18	2317	2179
1009	2	11	41	2025-04-18	788	779
1010	2	12	41	2025-04-18	650	634
1011	3	3	8	2025-04-18	622	591
1012	3	4	8	2025-04-18	590	551
1013	3	5	8	2025-04-18	616	594
1014	4	13	95	2025-04-18	350	332
1015	4	14	95	2025-04-18	286	280
1016	1	1	9	2025-04-19	960	948
1017	1	2	9	2025-04-19	917	899
1018	1	8	67	2025-04-19	1553	1518
1019	2	9	120	2025-04-19	2484	2390
1020	2	10	120	2025-04-19	2348	2317
1021	2	12	41	2025-04-19	615	602
1022	3	5	9	2025-04-19	572	555
1023	3	6	9	2025-04-19	489	467
1024	4	13	95	2025-04-19	336	313
1025	4	14	95	2025-04-19	254	241
1026	1	1	9	2025-04-21	896	840
1027	1	2	9	2025-04-21	849	804
1028	1	7	68	2025-04-21	1568	1460
1029	1	8	68	2025-04-21	1491	1423
1030	2	9	120	2025-04-21	2196	2055
1031	2	10	120	2025-04-21	2043	1941
1032	2	11	43	2025-04-21	762	759
1033	2	12	43	2025-04-21	663	640
1034	3	3	9	2025-04-21	716	670
1035	3	4	9	2025-04-21	621	591
1036	3	5	9	2025-04-21	544	541
1037	3	6	9	2025-04-21	561	542
1038	4	13	95	2025-04-21	347	328
1039	4	14	95	2025-04-21	248	236
1040	1	2	9	2025-04-22	1013	968
1041	1	7	68	2025-04-22	1802	1779
1042	1	8	68	2025-04-22	1323	1243
1043	2	10	120	2025-04-22	2091	2017
1044	2	11	43	2025-04-22	780	745
1045	2	12	43	2025-04-22	633	609
1046	3	3	9	2025-04-22	633	614
1047	3	4	9	2025-04-22	558	524
1048	3	5	9	2025-04-22	616	586
1049	3	6	9	2025-04-22	565	563
1050	4	13	95	2025-04-22	341	335
1051	4	14	95	2025-04-22	261	248
1052	1	1	9	2025-04-23	1028	956
1053	1	2	9	2025-04-23	1017	954
1054	1	8	68	2025-04-23	1551	1535
1055	2	9	122	2025-04-23	2586	2509
1056	2	10	122	2025-04-23	2406	2265
1057	2	11	43	2025-04-23	757	733
1058	2	12	43	2025-04-23	570	560
1059	3	3	9	2025-04-23	698	678
1060	3	4	9	2025-04-23	675	657
1061	3	5	9	2025-04-23	625	584
1062	3	6	9	2025-04-23	557	552
1063	4	13	95	2025-04-23	341	339
1064	4	14	95	2025-04-23	277	267
1065	1	1	9	2025-04-24	909	847
1066	1	2	9	2025-04-24	920	907
1067	1	7	68	2025-04-24	1797	1770
1068	1	8	68	2025-04-24	1467	1368
1069	2	9	122	2025-04-24	2648	2554
1070	2	10	122	2025-04-24	2293	2178
1071	2	11	43	2025-04-24	714	698
1072	2	12	43	2025-04-24	649	612
1073	3	3	9	2025-04-24	715	713
1074	3	4	9	2025-04-24	642	628
1075	3	6	9	2025-04-24	482	472
1076	4	13	95	2025-04-24	333	317
1077	4	14	95	2025-04-24	280	266
1078	1	1	9	2025-04-25	1058	988
1079	1	2	9	2025-04-25	987	931
1080	1	7	68	2025-04-25	1485	1404
1081	1	8	68	2025-04-25	1320	1250
1082	2	9	122	2025-04-25	2498	2448
1083	2	10	122	2025-04-25	2018	1899
1084	2	11	43	2025-04-25	714	705
1085	2	12	43	2025-04-25	654	633
1086	3	3	9	2025-04-25	683	660
1087	3	4	9	2025-04-25	674	648
1088	3	6	9	2025-04-25	553	533
1089	4	13	95	2025-04-25	344	320
1090	4	14	95	2025-04-25	274	272
1091	1	1	9	2025-04-26	1005	975
1092	1	2	9	2025-04-26	989	942
1093	1	7	68	2025-04-26	1528	1493
1094	1	8	68	2025-04-26	1313	1290
1095	2	10	122	2025-04-26	2357	2261
1096	2	11	43	2025-04-26	692	648
1097	3	4	9	2025-04-26	667	625
1098	3	6	9	2025-04-26	531	500
1099	4	13	95	2025-04-26	310	309
1100	4	14	95	2025-04-26	274	257
1101	1	1	9	2025-04-28	942	925
1102	1	2	9	2025-04-28	918	883
1103	1	7	68	2025-04-28	1755	1654
1104	1	8	68	2025-04-28	1563	1556
1105	2	9	122	2025-04-28	2178	2076
1106	2	11	43	2025-04-28	825	818
1107	2	12	43	2025-04-28	567	536
1108	3	4	9	2025-04-28	601	560
1109	3	5	9	2025-04-28	623	610
1110	3	6	9	2025-04-28	510	507
1111	4	13	95	2025-04-28	304	299
1112	4	14	95	2025-04-28	284	277
1113	1	1	9	2025-04-29	997	945
1114	1	2	9	2025-04-29	1018	1014
1115	1	7	68	2025-04-29	1494	1389
1116	1	8	68	2025-04-29	1520	1493
1117	2	9	122	2025-04-29	2500	2400
1118	2	11	43	2025-04-29	698	675
1119	2	12	43	2025-04-29	581	562
1120	3	3	9	2025-04-29	669	642
1121	3	4	9	2025-04-29	629	593
1122	3	5	9	2025-04-29	643	617
1123	3	6	9	2025-04-29	535	530
1124	4	13	95	2025-04-29	349	337
1125	4	14	95	2025-04-29	258	241
1126	1	1	9	2025-04-30	978	920
1127	1	2	9	2025-04-30	1008	990
1128	1	8	68	2025-04-30	1558	1525
1129	2	9	122	2025-04-30	2399	2352
1130	2	10	122	2025-04-30	2012	1942
1131	2	11	43	2025-04-30	774	757
1132	3	5	9	2025-04-30	631	589
1133	4	13	95	2025-04-30	353	337
1134	4	14	95	2025-04-30	282	276
1135	1	2	9	2025-05-01	886	825
1136	1	7	68	2025-05-01	1822	1727
1137	1	8	68	2025-05-01	1444	1408
1138	2	9	122	2025-05-01	2718	2707
1139	2	11	43	2025-05-01	805	757
1140	2	12	43	2025-05-01	568	563
1141	3	3	9	2025-05-01	729	704
1142	3	4	9	2025-05-01	604	576
1143	3	5	9	2025-05-01	571	547
1144	3	6	9	2025-05-01	556	546
1145	1	1	9	2025-05-02	994	965
1146	1	2	9	2025-05-02	1025	1021
1147	2	9	122	2025-05-02	2482	2373
1148	2	10	122	2025-05-02	2290	2264
1149	2	11	43	2025-05-02	735	710
1150	2	12	43	2025-05-02	620	609
1151	3	3	9	2025-05-02	721	709
1152	3	5	9	2025-05-02	649	636
1153	3	6	9	2025-05-02	564	542
1154	4	13	95	2025-05-02	361	351
1155	1	1	9	2025-05-03	922	899
1156	1	2	9	2025-05-03	952	935
1157	1	7	68	2025-05-03	1642	1620
1158	1	8	68	2025-05-03	1547	1472
1159	2	9	122	2025-05-03	2626	2569
1160	2	10	122	2025-05-03	2302	2163
1161	2	12	43	2025-05-03	683	669
1162	3	6	9	2025-05-03	551	540
1163	1	1	9	2025-05-07	1033	987
1164	1	2	9	2025-05-07	971	903
1165	1	7	68	2025-05-07	1794	1682
1166	1	8	68	2025-05-07	1574	1520
1167	2	9	122	2025-05-07	2604	2571
1168	2	10	122	2025-05-07	2418	2345
1169	2	11	43	2025-05-07	862	845
1170	2	12	43	2025-05-07	667	658
1171	3	3	9	2025-05-07	724	677
1172	3	4	9	2025-05-07	647	606
1173	3	6	9	2025-05-07	592	580
1174	4	13	95	2025-05-07	365	353
1175	4	14	95	2025-05-07	286	267
1176	1	1	9	2025-05-08	918	856
1177	1	2	9	2025-05-08	952	908
1178	1	7	68	2025-05-08	1526	1493
1179	2	9	122	2025-05-08	2289	2166
1180	2	10	122	2025-05-08	2055	2017
1181	2	11	43	2025-05-08	787	780
1182	2	12	43	2025-05-08	663	658
1183	3	3	9	2025-05-08	715	696
1184	3	4	9	2025-05-08	652	621
1185	3	5	9	2025-05-08	633	599
1186	3	6	9	2025-05-08	571	557
1187	4	14	95	2025-05-08	292	278
1188	1	1	9	2025-05-09	1032	1001
1189	1	2	9	2025-05-09	933	877
1190	1	7	68	2025-05-09	1776	1683
1191	1	8	68	2025-05-09	1330	1269
1192	2	9	122	2025-05-09	2439	2390
1193	2	10	122	2025-05-09	2365	2347
1194	2	11	43	2025-05-09	838	815
1195	3	3	9	2025-05-09	721	691
1196	3	4	9	2025-05-09	648	639
1197	4	13	95	2025-05-09	343	320
1198	4	14	95	2025-05-09	256	238
1199	1	7	69	2025-05-10	1566	1529
1200	2	10	122	2025-05-10	2104	2032
1201	2	11	43	2025-05-10	819	767
1202	3	4	9	2025-05-10	634	616
1203	3	5	9	2025-05-10	655	628
1204	3	6	9	2025-05-10	573	544
1205	4	14	95	2025-05-10	260	251
1206	1	1	9	2025-05-12	1064	1043
1207	1	2	9	2025-05-12	912	877
1208	1	7	69	2025-05-12	1582	1497
1209	1	8	69	2025-05-12	1593	1531
1210	2	10	122	2025-05-12	2327	2213
1211	2	11	43	2025-05-12	789	780
1212	2	12	43	2025-05-12	620	581
1213	3	3	9	2025-05-12	717	694
1214	3	6	9	2025-05-12	588	555
1215	4	13	95	2025-05-12	346	338
1216	4	14	95	2025-05-12	267	250
1217	1	1	9	2025-05-13	1044	978
1218	1	2	9	2025-05-13	977	936
1219	1	7	69	2025-05-13	1612	1547
1220	1	8	69	2025-05-13	1485	1484
1221	2	9	123	2025-05-13	2699	2697
1222	2	10	123	2025-05-13	2477	2354
1223	3	3	9	2025-05-13	648	633
1224	3	4	9	2025-05-13	693	657
1225	3	6	9	2025-05-13	532	510
1226	4	13	95	2025-05-13	320	309
1227	4	14	95	2025-05-13	253	235
1228	1	2	9	2025-05-14	973	939
1229	1	7	69	2025-05-14	1615	1556
1230	1	8	69	2025-05-14	1533	1500
1231	2	9	123	2025-05-14	2324	2166
1232	2	10	123	2025-05-14	2313	2262
1233	2	12	43	2025-05-14	608	571
1234	3	4	9	2025-05-14	686	655
1235	4	13	95	2025-05-14	341	327
1236	4	14	95	2025-05-14	248	240
1237	1	1	9	2025-05-15	1015	1002
1238	1	7	69	2025-05-15	1726	1682
1239	1	8	69	2025-05-15	1575	1495
1240	2	9	123	2025-05-15	2705	2660
1241	2	10	123	2025-05-15	2317	2275
1242	2	11	44	2025-05-15	790	741
1243	2	12	44	2025-05-15	600	579
1244	3	3	9	2025-05-15	654	620
1245	3	4	9	2025-05-15	612	588
1246	3	5	9	2025-05-15	643	606
1247	3	6	9	2025-05-15	550	547
1248	4	13	95	2025-05-15	325	308
1249	4	14	95	2025-05-15	249	241
1250	1	1	9	2025-05-16	1020	960
1251	1	2	9	2025-05-16	955	904
1252	1	7	69	2025-05-16	1670	1628
1253	2	9	123	2025-05-16	2325	2277
1254	2	11	44	2025-05-16	730	681
1255	2	12	44	2025-05-16	673	672
1256	3	4	9	2025-05-16	658	648
1257	3	5	9	2025-05-16	659	653
1258	3	6	9	2025-05-16	537	518
1259	4	13	95	2025-05-16	324	306
1260	4	14	95	2025-05-16	265	257
1261	1	2	9	2025-05-17	974	961
1262	1	7	69	2025-05-17	1686	1596
1263	1	8	69	2025-05-17	1501	1430
1264	2	10	123	2025-05-17	2264	2254
1265	2	11	44	2025-05-17	807	782
1266	2	12	44	2025-05-17	591	553
1267	3	3	9	2025-05-17	657	628
1268	3	4	9	2025-05-17	620	590
1269	3	5	9	2025-05-17	646	642
1270	3	6	9	2025-05-17	507	491
1271	4	13	95	2025-05-17	337	332
1272	4	14	95	2025-05-17	267	256
1273	1	1	11	2025-05-19	929	925
1274	1	2	11	2025-05-19	905	843
1275	1	8	69	2025-05-19	1381	1331
1276	2	9	123	2025-05-19	2375	2229
1277	2	10	123	2025-05-19	2167	2134
1278	2	11	44	2025-05-19	830	806
1279	3	3	11	2025-05-19	648	634
1280	3	4	11	2025-05-19	587	553
1281	3	5	11	2025-05-19	586	567
1282	3	6	11	2025-05-19	542	508
1283	4	14	95	2025-05-19	277	265
1284	1	7	69	2025-05-20	1796	1699
1285	1	8	69	2025-05-20	1527	1421
1286	2	9	123	2025-05-20	2486	2336
1287	2	10	123	2025-05-20	2427	2261
1288	2	11	44	2025-05-20	855	849
1289	2	12	44	2025-05-20	673	638
1290	3	3	11	2025-05-20	726	693
1291	3	5	11	2025-05-20	652	623
1292	3	6	11	2025-05-20	558	541
1293	4	14	95	2025-05-20	246	245
1294	1	1	11	2025-05-21	1043	982
1295	1	2	11	2025-05-21	1022	968
1296	1	7	69	2025-05-21	1815	1723
1297	1	8	69	2025-05-21	1410	1400
1298	2	9	123	2025-05-21	2342	2329
1299	2	10	123	2025-05-21	2031	2006
1300	2	11	44	2025-05-21	816	774
1301	2	12	44	2025-05-21	649	637
1302	3	3	11	2025-05-21	722	673
1303	3	4	11	2025-05-21	671	626
1304	3	5	11	2025-05-21	568	551
1305	3	6	11	2025-05-21	594	593
1306	4	14	95	2025-05-21	291	274
1307	1	1	11	2025-05-22	1006	1004
1308	1	2	11	2025-05-22	1019	1008
1309	1	7	69	2025-05-22	1850	1766
1310	1	8	69	2025-05-22	1460	1400
1311	2	9	123	2025-05-22	2572	2394
1312	2	10	123	2025-05-22	2369	2326
1313	2	11	44	2025-05-22	726	701
1314	2	12	44	2025-05-22	640	599
1315	3	3	11	2025-05-22	705	656
1316	3	4	11	2025-05-22	618	595
1317	3	5	11	2025-05-22	595	566
1318	3	6	11	2025-05-22	568	529
1319	4	13	95	2025-05-22	309	302
1320	4	14	95	2025-05-22	261	243
1321	1	1	11	2025-05-23	1054	987
1322	1	7	69	2025-05-23	1853	1798
1323	2	9	123	2025-05-23	2502	2343
1324	2	10	123	2025-05-23	2184	2086
1325	2	11	44	2025-05-23	752	726
1326	2	12	44	2025-05-23	635	618
1327	3	3	11	2025-05-23	663	646
1328	3	4	11	2025-05-23	633	626
1329	3	5	11	2025-05-23	579	560
1330	4	13	95	2025-05-23	345	331
1331	4	14	95	2025-05-23	290	287
1332	1	1	11	2025-05-24	939	922
1333	1	2	11	2025-05-24	899	894
1334	1	7	69	2025-05-24	1800	1756
1335	1	8	69	2025-05-24	1537	1513
1336	2	9	123	2025-05-24	2386	2376
1337	2	10	123	2025-05-24	2052	1979
1338	2	11	44	2025-05-24	828	816
1339	2	12	44	2025-05-24	665	644
1340	3	3	11	2025-05-24	652	616
1341	3	5	11	2025-05-24	661	620
1342	3	6	11	2025-05-24	543	505
1343	4	13	95	2025-05-24	347	346
1344	4	14	95	2025-05-24	244	239
1345	1	1	11	2025-05-26	990	960
1346	1	2	11	2025-05-26	957	939
1347	1	7	69	2025-05-26	1694	1649
1348	1	8	69	2025-05-26	1465	1457
1349	2	9	123	2025-05-26	2386	2234
1350	2	10	123	2025-05-26	2251	2156
1351	2	11	44	2025-05-26	769	718
1352	2	12	44	2025-05-26	597	568
1353	3	3	11	2025-05-26	698	651
1354	3	5	11	2025-05-26	643	618
1355	4	13	95	2025-05-26	331	324
1356	1	1	11	2025-05-27	963	915
1357	1	2	11	2025-05-27	990	938
1358	1	7	69	2025-05-27	1549	1483
1359	1	8	69	2025-05-27	1402	1349
1360	2	9	123	2025-05-27	2516	2388
1361	2	10	123	2025-05-27	2467	2303
1362	2	12	44	2025-05-27	682	635
1363	3	3	11	2025-05-27	695	691
1364	3	4	11	2025-05-27	639	606
1365	3	5	11	2025-05-27	580	573
1366	3	6	11	2025-05-27	539	502
1367	4	13	95	2025-05-27	365	364
1368	4	14	95	2025-05-27	288	286
1369	1	2	11	2025-05-28	944	924
1370	1	7	69	2025-05-28	1528	1467
1371	1	8	69	2025-05-28	1595	1507
1372	2	9	123	2025-05-28	2624	2479
1373	2	11	44	2025-05-28	775	724
1374	3	3	11	2025-05-28	652	644
1375	3	4	11	2025-05-28	669	636
1376	3	6	11	2025-05-28	592	571
1377	4	13	95	2025-05-28	327	307
1378	4	14	95	2025-05-28	265	258
1379	1	1	11	2025-05-29	1023	1010
1380	1	7	69	2025-05-29	1600	1495
1381	1	8	69	2025-05-29	1480	1399
1382	2	9	123	2025-05-29	2597	2493
1383	2	11	44	2025-05-29	801	749
1384	2	12	44	2025-05-29	660	641
1385	3	3	11	2025-05-29	752	704
1386	3	4	11	2025-05-29	600	560
1387	3	5	11	2025-05-29	651	631
1388	3	6	11	2025-05-29	553	529
1389	4	13	95	2025-05-29	314	310
1390	1	1	11	2025-05-30	1073	1018
1391	1	2	11	2025-05-30	1034	1024
1392	1	8	69	2025-05-30	1520	1452
1393	2	9	123	2025-05-30	2285	2257
1394	2	10	123	2025-05-30	2097	2029
1395	2	11	44	2025-05-30	808	798
1396	2	12	44	2025-05-30	650	644
1397	3	3	11	2025-05-30	753	725
1398	3	4	11	2025-05-30	692	687
1399	3	5	11	2025-05-30	572	544
1400	3	6	11	2025-05-30	499	492
1401	4	14	95	2025-05-30	276	263
1402	1	1	11	2025-05-31	1106	1054
1403	1	2	11	2025-05-31	968	925
1404	1	7	69	2025-05-31	1771	1722
1405	1	8	69	2025-05-31	1394	1337
1406	2	9	123	2025-05-31	2346	2247
1407	2	10	123	2025-05-31	2094	1974
1408	2	12	44	2025-05-31	623	588
1409	3	4	11	2025-05-31	596	555
1410	3	5	11	2025-05-31	563	529
1411	3	6	11	2025-05-31	588	547
1412	4	13	95	2025-05-31	310	299
1413	1	2	11	2025-06-02	947	910
1414	1	7	69	2025-06-02	1725	1695
1415	1	8	69	2025-06-02	1294	1279
1416	2	9	124	2025-06-02	2439	2426
1417	2	10	124	2025-06-02	1992	1877
1418	2	11	44	2025-06-02	732	706
1419	3	3	11	2025-06-02	641	634
1420	3	4	11	2025-06-02	638	636
1421	3	5	11	2025-06-02	530	508
1422	4	13	95	2025-06-02	313	302
1423	4	14	95	2025-06-02	270	266
1424	1	2	12	2025-06-03	911	854
1425	1	8	69	2025-06-03	1418	1365
1426	2	9	124	2025-06-03	2257	2172
1427	2	10	124	2025-06-03	2377	2276
1428	2	11	44	2025-06-03	702	655
1429	2	12	44	2025-06-03	555	530
1430	3	3	12	2025-06-03	733	698
1431	3	4	12	2025-06-03	606	586
1432	3	5	12	2025-06-03	545	510
1433	3	6	12	2025-06-03	536	523
1434	4	13	95	2025-06-03	342	327
1435	1	1	12	2025-06-04	954	945
1436	1	7	69	2025-06-04	1517	1439
1437	1	8	69	2025-06-04	1503	1453
1438	2	9	124	2025-06-04	2336	2267
1439	2	10	124	2025-06-04	2207	2076
1440	2	12	44	2025-06-04	635	619
1441	3	3	12	2025-06-04	713	669
1442	3	4	12	2025-06-04	565	545
1443	3	5	12	2025-06-04	581	575
1444	3	6	12	2025-06-04	505	471
1445	4	13	95	2025-06-04	341	327
1446	4	14	95	2025-06-04	273	265
1447	1	1	12	2025-06-05	1062	1058
1448	1	2	12	2025-06-05	868	850
1449	1	7	69	2025-06-05	1733	1708
1450	1	8	69	2025-06-05	1405	1380
1451	2	9	124	2025-06-05	2596	2438
1452	2	11	44	2025-06-05	782	747
1453	2	12	44	2025-06-05	646	617
1454	3	3	12	2025-06-05	660	649
1455	3	4	12	2025-06-05	656	646
1456	3	5	12	2025-06-05	619	600
1457	3	6	12	2025-06-05	541	508
1458	4	13	95	2025-06-05	338	335
1459	4	14	95	2025-06-05	255	251
1460	1	1	12	2025-06-07	891	877
1461	1	2	12	2025-06-07	942	880
1462	1	7	69	2025-06-07	1782	1699
1463	1	8	69	2025-06-07	1321	1258
1464	2	9	124	2025-06-07	2210	2060
1465	2	11	44	2025-06-07	773	756
1466	2	12	44	2025-06-07	577	548
1467	3	4	12	2025-06-07	621	588
1468	3	5	12	2025-06-07	632	628
1469	3	6	12	2025-06-07	498	495
1470	4	14	95	2025-06-07	246	234
1471	1	1	12	2025-06-09	916	871
1472	1	8	69	2025-06-09	1517	1481
1473	2	9	124	2025-06-09	2244	2224
1474	2	10	124	2025-06-09	2124	2077
1475	2	11	45	2025-06-09	738	697
1476	2	12	45	2025-06-09	661	641
1477	3	3	12	2025-06-09	675	652
1478	3	4	12	2025-06-09	633	596
1479	3	5	12	2025-06-09	578	575
1480	4	13	95	2025-06-09	356	350
1481	4	14	95	2025-06-09	245	240
1482	1	1	12	2025-06-10	1012	983
1483	1	2	12	2025-06-10	849	797
1484	1	7	69	2025-06-10	1717	1715
1485	1	8	69	2025-06-10	1310	1248
1486	2	9	124	2025-06-10	2419	2409
1487	2	10	124	2025-06-10	2025	1959
1488	2	11	45	2025-06-10	825	778
1489	2	12	45	2025-06-10	575	542
1490	3	3	12	2025-06-10	619	578
1491	3	5	12	2025-06-10	613	609
1492	3	6	12	2025-06-10	476	473
1493	4	14	95	2025-06-10	257	256
1494	1	1	12	2025-06-11	896	834
1495	1	2	12	2025-06-11	966	950
1496	1	7	69	2025-06-11	1600	1575
1497	1	8	69	2025-06-11	1379	1353
1498	2	9	124	2025-06-11	2275	2223
1499	2	10	124	2025-06-11	2067	2050
1500	3	3	12	2025-06-11	663	652
1501	3	4	12	2025-06-11	580	565
1502	3	5	12	2025-06-11	620	587
1503	3	6	12	2025-06-11	492	477
1504	4	13	95	2025-06-11	349	343
1505	4	14	95	2025-06-11	282	278
1506	1	1	12	2025-06-12	957	899
1507	1	2	12	2025-06-12	984	950
1508	1	7	69	2025-06-12	1772	1669
1509	1	8	69	2025-06-12	1379	1321
1510	2	9	124	2025-06-12	2339	2278
1511	2	10	124	2025-06-12	2087	1954
1512	2	11	45	2025-06-12	808	790
1513	2	12	45	2025-06-12	652	647
1514	3	3	12	2025-06-12	619	580
1515	3	4	12	2025-06-12	579	554
1516	3	6	12	2025-06-12	551	514
1517	4	13	95	2025-06-12	342	334
1518	4	14	95	2025-06-12	236	225
1519	1	1	12	2025-06-13	1060	991
1520	1	2	12	2025-06-13	887	856
1521	1	7	69	2025-06-13	1666	1654
1522	1	8	69	2025-06-13	1422	1398
1523	2	9	124	2025-06-13	2333	2316
1524	2	10	124	2025-06-13	2157	2008
1525	2	12	45	2025-06-13	560	531
1526	3	3	12	2025-06-13	613	577
1527	3	4	12	2025-06-13	575	545
1528	3	5	12	2025-06-13	588	575
1529	3	6	12	2025-06-13	528	502
1530	4	13	95	2025-06-13	317	316
1531	4	14	95	2025-06-13	244	236
1532	1	1	12	2025-06-14	1027	1017
1533	1	2	12	2025-06-14	837	816
1534	1	7	69	2025-06-14	1576	1512
1535	1	8	69	2025-06-14	1391	1362
1536	2	9	124	2025-06-14	2447	2384
1537	2	10	124	2025-06-14	2188	2160
1538	2	11	45	2025-06-14	700	652
1539	2	12	45	2025-06-14	611	595
1540	3	3	12	2025-06-14	635	608
1541	3	4	12	2025-06-14	547	532
1542	3	5	12	2025-06-14	604	599
1543	3	6	12	2025-06-14	527	514
1544	4	13	95	2025-06-14	332	322
1545	4	14	95	2025-06-14	268	265
1546	1	1	12	2025-06-16	1043	1019
1547	1	2	12	2025-06-16	841	787
1548	1	7	69	2025-06-16	1706	1624
1549	2	9	124	2025-06-16	2238	2139
1550	2	10	124	2025-06-16	2181	2117
1551	2	11	45	2025-06-16	739	737
1552	2	12	45	2025-06-16	581	540
1553	3	3	12	2025-06-16	605	579
1554	3	6	12	2025-06-16	473	453
1555	4	13	95	2025-06-16	324	305
1556	4	14	95	2025-06-16	259	247
1557	1	1	12	2025-06-17	907	876
1558	1	2	12	2025-06-17	827	786
1559	1	7	69	2025-06-17	1472	1401
1560	1	8	69	2025-06-17	1418	1417
1561	2	9	124	2025-06-17	2525	2379
1562	2	10	124	2025-06-17	2349	2207
1563	2	11	45	2025-06-17	800	759
1564	2	12	45	2025-06-17	612	578
1565	3	3	12	2025-06-17	630	611
1566	3	4	12	2025-06-17	563	556
1567	3	5	12	2025-06-17	527	519
1568	3	6	12	2025-06-17	468	454
1569	4	13	98	2025-06-17	341	324
1570	4	14	98	2025-06-17	250	247
1571	1	1	13	2025-06-18	895	883
1572	1	2	13	2025-06-18	977	922
1573	1	7	69	2025-06-18	1515	1491
1574	1	8	69	2025-06-18	1422	1325
1575	2	9	124	2025-06-18	2606	2463
1576	2	10	124	2025-06-18	2309	2170
1577	2	11	45	2025-06-18	748	747
1578	3	3	13	2025-06-18	695	678
1579	3	4	13	2025-06-18	653	618
1580	3	5	13	2025-06-18	605	574
1581	3	6	13	2025-06-18	525	495
1582	4	13	98	2025-06-18	304	291
1583	1	1	13	2025-06-19	938	908
1584	1	2	13	2025-06-19	987	950
1585	1	7	71	2025-06-19	1615	1594
1586	2	10	124	2025-06-19	2321	2292
1587	2	12	45	2025-06-19	592	580
1588	3	4	13	2025-06-19	551	524
1589	3	5	13	2025-06-19	539	506
1590	4	13	98	2025-06-19	310	301
1591	4	14	98	2025-06-19	237	224
1592	1	1	13	2025-06-20	914	868
1593	1	2	13	2025-06-20	877	829
1594	1	7	71	2025-06-20	1583	1548
1595	2	9	124	2025-06-20	2581	2505
1596	2	10	124	2025-06-20	2053	2044
1597	2	11	45	2025-06-20	823	778
1598	2	12	45	2025-06-20	645	616
1599	3	3	13	2025-06-20	677	633
1600	3	4	13	2025-06-20	646	603
1601	3	5	13	2025-06-20	640	634
1602	3	6	13	2025-06-20	516	507
1603	4	13	98	2025-06-20	304	301
1604	1	1	13	2025-06-21	991	971
1605	1	7	71	2025-06-21	1543	1449
1606	2	9	124	2025-06-21	2263	2159
1607	2	12	45	2025-06-21	575	565
1608	3	6	13	2025-06-21	492	491
1609	4	13	98	2025-06-21	313	304
1610	4	14	98	2025-06-21	276	271
1611	1	1	13	2025-06-23	1011	958
1612	1	2	13	2025-06-23	886	836
1613	1	7	71	2025-06-23	1572	1486
1614	1	8	71	2025-06-23	1337	1280
1615	2	9	125	2025-06-23	2523	2475
1616	2	10	125	2025-06-23	2004	1929
1617	3	3	13	2025-06-23	663	628
1618	3	4	13	2025-06-23	635	609
1619	3	6	13	2025-06-23	543	518
1620	4	13	98	2025-06-23	304	298
1621	4	14	98	2025-06-23	276	257
1622	1	1	13	2025-06-24	1053	1011
1623	1	2	13	2025-06-24	920	891
1624	1	7	71	2025-06-24	1732	1726
1625	1	8	71	2025-06-24	1433	1429
1626	2	9	125	2025-06-24	2226	2084
1627	2	10	125	2025-06-24	2358	2275
1628	2	11	45	2025-06-24	746	731
1629	3	3	13	2025-06-24	611	605
1630	3	4	13	2025-06-24	579	566
1631	3	5	13	2025-06-24	598	580
1632	3	6	13	2025-06-24	490	469
1633	4	14	98	2025-06-24	253	244
1634	1	1	13	2025-06-25	1051	991
1635	1	2	13	2025-06-25	1001	941
1636	1	7	71	2025-06-25	1580	1503
1637	2	11	45	2025-06-25	766	738
1638	2	12	45	2025-06-25	602	575
1639	3	3	13	2025-06-25	677	674
1640	3	4	13	2025-06-25	635	593
1641	3	5	13	2025-06-25	541	539
1642	3	6	13	2025-06-25	518	502
1643	4	13	98	2025-06-25	330	326
1644	4	14	98	2025-06-25	276	274
1645	1	1	13	2025-06-26	997	973
1646	1	2	13	2025-06-26	965	931
1647	1	8	71	2025-06-26	1476	1441
1648	2	9	125	2025-06-26	2339	2179
1649	2	10	125	2025-06-26	2088	2032
1650	2	11	45	2025-06-26	754	722
1651	2	12	45	2025-06-26	558	519
1652	3	3	13	2025-06-26	628	587
1653	3	4	13	2025-06-26	641	608
1654	3	5	13	2025-06-26	628	617
1655	3	6	13	2025-06-26	474	463
1656	4	13	98	2025-06-26	314	296
1657	4	14	98	2025-06-26	279	278
1658	1	1	13	2025-06-27	1026	987
1659	1	2	13	2025-06-27	921	867
1660	1	7	71	2025-06-27	1613	1579
1661	1	8	71	2025-06-27	1403	1377
1662	2	9	125	2025-06-27	2555	2421
1663	2	10	125	2025-06-27	2180	2159
1664	2	11	45	2025-06-27	815	813
1665	2	12	45	2025-06-27	660	643
1666	3	3	13	2025-06-27	679	674
1667	3	5	13	2025-06-27	629	626
1668	4	14	98	2025-06-27	241	235
1669	1	2	13	2025-06-28	863	841
1670	1	7	71	2025-06-28	1765	1662
1671	1	8	71	2025-06-28	1426	1414
1672	2	9	125	2025-06-28	2227	2149
1673	2	10	125	2025-06-28	2192	2178
1674	2	11	45	2025-06-28	745	729
1675	2	12	45	2025-06-28	562	555
1676	3	3	13	2025-06-28	722	699
1677	3	4	13	2025-06-28	545	511
1678	3	5	13	2025-06-28	588	550
1679	3	6	13	2025-06-28	551	536
1680	1	1	13	2025-06-30	948	934
1681	1	2	13	2025-06-30	1002	945
1682	1	7	71	2025-06-30	1517	1435
1683	1	8	71	2025-06-30	1493	1470
1684	2	9	125	2025-06-30	2518	2345
1685	2	10	125	2025-06-30	2186	2077
1686	2	11	45	2025-06-30	784	743
1687	2	12	45	2025-06-30	598	557
1688	3	3	13	2025-06-30	730	696
1689	1	1	13	2025-07-01	905	890
1690	1	2	13	2025-07-01	921	900
1691	1	7	71	2025-07-01	1535	1524
1692	2	9	125	2025-07-01	2355	2280
1693	2	10	125	2025-07-01	2252	2101
1694	2	11	45	2025-07-01	725	724
1695	2	12	45	2025-07-01	535	501
1696	3	4	13	2025-07-01	584	559
1697	3	5	13	2025-07-01	562	550
1698	3	6	13	2025-07-01	458	447
1699	4	13	98	2025-07-01	325	311
1700	4	14	98	2025-07-01	228	224
1701	1	1	13	2025-07-02	995	977
1702	1	2	13	2025-07-02	801	756
1703	1	7	71	2025-07-02	1507	1426
1704	1	8	71	2025-07-02	1319	1292
1705	2	9	125	2025-07-02	2501	2353
1706	2	10	125	2025-07-02	2080	2021
1707	2	11	46	2025-07-02	681	669
1708	2	12	46	2025-07-02	634	624
1709	3	3	13	2025-07-02	582	576
1710	3	4	13	2025-07-02	618	591
1711	3	5	13	2025-07-02	518	483
1712	3	6	13	2025-07-02	483	475
1713	4	13	98	2025-07-02	282	266
1714	4	14	98	2025-07-02	256	253
1715	1	2	13	2025-07-03	911	868
1716	1	7	71	2025-07-03	1505	1479
1717	2	9	125	2025-07-03	2359	2223
1718	2	10	125	2025-07-03	2172	2115
1719	2	12	46	2025-07-03	618	607
1720	3	3	13	2025-07-03	656	622
1721	3	4	13	2025-07-03	586	567
1722	3	6	13	2025-07-03	476	465
1723	4	13	98	2025-07-03	312	307
1724	4	14	98	2025-07-03	236	228
1725	1	1	13	2025-07-04	1021	1014
1726	1	2	13	2025-07-04	793	742
1727	1	7	71	2025-07-04	1700	1589
1728	1	8	71	2025-07-04	1262	1182
1729	2	9	125	2025-07-04	2485	2482
1730	2	10	125	2025-07-04	1880	1795
1731	2	11	46	2025-07-04	793	790
1732	2	12	46	2025-07-04	526	520
1733	3	4	13	2025-07-04	635	624
1734	3	5	13	2025-07-04	577	565
1735	3	6	13	2025-07-04	460	431
1736	4	13	98	2025-07-04	319	303
1737	4	14	98	2025-07-04	260	248
1738	1	1	13	2025-07-05	950	926
1739	1	7	71	2025-07-05	1613	1558
1740	2	9	125	2025-07-05	2374	2357
1741	2	10	125	2025-07-05	2067	2056
1742	2	11	46	2025-07-05	751	711
1743	2	12	46	2025-07-05	633	616
1744	3	3	13	2025-07-05	620	597
1745	3	4	13	2025-07-05	529	493
1746	3	5	13	2025-07-05	509	482
1747	3	6	13	2025-07-05	456	432
1748	4	13	98	2025-07-05	317	310
1749	1	1	13	2025-07-07	860	837
1750	1	2	13	2025-07-07	861	821
1751	1	7	71	2025-07-07	1431	1339
1752	1	8	71	2025-07-07	1314	1273
1753	2	11	46	2025-07-07	756	704
1754	2	12	46	2025-07-07	631	624
1755	3	3	13	2025-07-07	634	619
1756	3	5	13	2025-07-07	568	542
1757	3	6	13	2025-07-07	497	486
1758	4	13	98	2025-07-07	330	318
1759	4	14	98	2025-07-07	240	239
1760	1	1	13	2025-07-08	1017	971
1761	1	2	13	2025-07-08	825	767
1762	1	8	71	2025-07-08	1459	1404
1763	2	9	125	2025-07-08	2505	2500
1764	2	12	46	2025-07-08	593	568
1765	3	3	13	2025-07-08	594	570
1766	3	4	13	2025-07-08	547	540
1767	3	5	13	2025-07-08	547	536
1768	3	6	13	2025-07-08	454	439
1769	4	14	98	2025-07-08	250	233
1770	1	1	13	2025-07-09	868	844
1771	1	2	13	2025-07-09	873	849
1772	1	7	72	2025-07-09	1503	1402
1773	1	8	72	2025-07-09	1447	1380
1774	2	9	125	2025-07-09	2408	2404
1775	2	10	125	2025-07-09	2257	2190
1776	2	11	46	2025-07-09	694	658
1777	2	12	46	2025-07-09	600	571
1778	3	3	13	2025-07-09	609	596
1779	3	4	13	2025-07-09	536	532
1780	3	5	13	2025-07-09	549	521
1781	4	13	99	2025-07-09	335	327
1782	1	1	13	2025-07-10	887	832
1783	1	2	13	2025-07-10	939	910
1784	1	7	72	2025-07-10	1446	1376
1785	1	8	72	2025-07-10	1297	1226
1786	2	9	125	2025-07-10	2427	2322
1787	2	10	125	2025-07-10	2252	2226
1788	2	11	46	2025-07-10	707	680
1789	2	12	46	2025-07-10	621	591
1790	3	3	13	2025-07-10	600	572
1791	3	4	13	2025-07-10	587	553
1792	3	5	13	2025-07-10	578	538
1793	3	6	13	2025-07-10	479	452
1794	4	13	99	2025-07-10	336	327
1795	4	14	99	2025-07-10	238	231
1796	1	1	13	2025-07-11	997	936
1797	1	2	13	2025-07-11	800	789
1798	1	7	72	2025-07-11	1555	1496
1799	1	8	72	2025-07-11	1332	1281
1800	2	9	125	2025-07-11	2099	2065
1801	2	10	125	2025-07-11	2011	1925
1802	2	12	46	2025-07-11	589	571
1803	3	4	13	2025-07-11	586	559
1804	3	5	13	2025-07-11	603	590
1805	4	13	99	2025-07-11	326	313
1806	4	14	99	2025-07-11	227	217
1807	1	1	13	2025-07-12	892	887
1808	1	2	13	2025-07-12	928	917
1809	1	7	72	2025-07-12	1520	1445
1810	1	8	72	2025-07-12	1378	1340
1811	2	9	126	2025-07-12	2342	2180
1812	2	10	126	2025-07-12	1963	1861
1813	2	12	46	2025-07-12	614	579
1814	3	3	13	2025-07-12	673	635
1815	3	4	13	2025-07-12	588	578
1816	3	5	13	2025-07-12	506	494
1817	3	6	13	2025-07-12	480	470
1818	4	13	99	2025-07-12	287	274
1819	4	14	99	2025-07-12	260	259
1820	1	7	72	2025-07-14	1551	1464
1821	1	8	72	2025-07-14	1382	1304
1822	2	9	126	2025-07-14	2108	2102
1823	2	10	126	2025-07-14	1881	1762
1824	2	11	46	2025-07-14	744	693
1825	2	12	46	2025-07-14	599	561
1826	3	3	13	2025-07-14	608	571
1827	3	4	13	2025-07-14	588	587
1828	3	6	13	2025-07-14	543	531
1829	4	13	99	2025-07-14	318	307
1830	4	14	99	2025-07-14	271	268
1831	1	2	13	2025-07-15	915	861
1832	1	7	72	2025-07-15	1401	1349
1833	2	9	126	2025-07-15	2218	2141
1834	2	12	46	2025-07-15	546	508
1835	3	3	13	2025-07-15	688	664
1836	3	4	13	2025-07-15	619	596
1837	3	6	13	2025-07-15	476	469
1838	4	13	99	2025-07-15	307	292
1839	4	14	99	2025-07-15	224	220
1840	1	1	13	2025-07-16	938	936
1841	1	2	13	2025-07-16	919	875
1842	1	7	72	2025-07-16	1427	1380
1843	1	8	72	2025-07-16	1450	1351
1844	2	10	126	2025-07-16	2103	2091
1845	2	11	46	2025-07-16	768	736
1846	2	12	46	2025-07-16	568	533
1847	3	3	13	2025-07-16	651	631
1848	3	4	13	2025-07-16	632	612
1849	3	6	13	2025-07-16	512	502
1850	4	13	99	2025-07-16	294	279
1851	1	1	13	2025-07-17	876	817
1852	1	2	13	2025-07-17	966	957
1853	1	7	72	2025-07-17	1545	1449
1854	2	10	126	2025-07-17	2185	2069
1855	2	11	46	2025-07-17	749	746
1856	2	12	46	2025-07-17	613	580
1857	3	4	13	2025-07-17	571	562
1858	3	5	13	2025-07-17	551	540
1859	3	6	13	2025-07-17	545	544
1860	4	13	99	2025-07-17	294	283
1861	4	14	99	2025-07-17	273	268
1862	1	2	13	2025-07-18	812	771
1863	1	7	72	2025-07-18	1455	1423
1864	1	8	72	2025-07-18	1463	1381
1865	2	9	126	2025-07-18	2237	2165
1866	2	10	126	2025-07-18	1977	1959
1867	2	11	46	2025-07-18	756	740
1868	2	12	46	2025-07-18	612	575
1869	3	3	13	2025-07-18	644	630
1870	3	5	13	2025-07-18	537	504
1871	4	14	99	2025-07-18	232	229
1872	1	1	13	2025-07-19	934	883
1873	1	2	13	2025-07-19	897	872
1874	1	7	72	2025-07-19	1409	1321
1875	1	8	72	2025-07-19	1409	1362
1876	2	9	126	2025-07-19	2155	2015
1877	2	10	126	2025-07-19	1914	1899
1878	2	11	46	2025-07-19	708	684
1879	2	12	46	2025-07-19	574	550
1880	3	4	13	2025-07-19	575	554
1881	3	5	13	2025-07-19	592	580
1882	3	6	13	2025-07-19	525	506
1883	4	13	99	2025-07-19	299	292
1884	4	14	99	2025-07-19	255	249
1885	1	1	13	2025-07-21	970	938
1886	1	2	13	2025-07-21	884	879
1887	1	8	72	2025-07-21	1308	1256
1888	2	9	126	2025-07-21	2200	2062
1889	2	10	126	2025-07-21	1950	1848
1890	2	11	46	2025-07-21	745	701
1891	3	3	13	2025-07-21	687	658
1892	3	4	13	2025-07-21	559	534
1893	3	5	13	2025-07-21	569	567
1894	3	6	13	2025-07-21	512	489
1895	4	13	99	2025-07-21	319	317
1896	4	14	99	2025-07-21	253	245
1897	1	1	13	2025-07-22	843	798
1898	1	2	13	2025-07-22	871	856
1899	1	7	72	2025-07-22	1644	1640
1900	1	8	72	2025-07-22	1430	1336
1901	2	9	126	2025-07-22	2453	2388
1902	2	11	46	2025-07-22	769	718
1903	3	3	13	2025-07-22	593	558
1904	3	4	13	2025-07-22	572	544
1905	3	5	13	2025-07-22	583	575
1906	3	6	13	2025-07-22	467	462
1907	4	13	99	2025-07-22	296	288
1908	1	1	13	2025-07-23	884	848
1909	1	2	13	2025-07-23	870	818
1910	1	7	72	2025-07-23	1639	1555
1911	1	8	72	2025-07-23	1410	1324
1912	2	9	126	2025-07-23	2176	2049
1913	2	10	126	2025-07-23	2225	2135
1914	2	11	46	2025-07-23	750	738
1915	2	12	46	2025-07-23	578	572
1916	3	4	13	2025-07-23	541	528
1917	3	5	13	2025-07-23	593	569
1918	3	6	13	2025-07-23	492	470
1919	4	13	99	2025-07-23	304	291
1920	1	2	13	2025-07-24	947	924
1921	1	7	72	2025-07-24	1508	1428
1922	1	8	72	2025-07-24	1470	1383
1923	2	9	126	2025-07-24	2345	2248
1924	2	10	126	2025-07-24	1953	1916
1925	2	11	46	2025-07-24	698	667
1926	2	12	46	2025-07-24	596	594
1927	3	5	13	2025-07-24	588	562
1928	3	6	13	2025-07-24	474	446
1929	4	13	99	2025-07-24	319	301
1930	1	1	13	2025-07-25	966	950
1931	1	2	13	2025-07-25	863	844
1932	1	7	72	2025-07-25	1479	1384
1933	2	9	126	2025-07-25	2219	2122
1934	2	10	126	2025-07-25	1951	1910
1935	2	12	46	2025-07-25	635	632
1936	3	3	13	2025-07-25	591	581
1937	3	4	13	2025-07-25	627	620
1938	3	5	13	2025-07-25	525	493
1939	3	6	13	2025-07-25	523	521
1940	4	13	99	2025-07-25	340	334
1941	4	14	99	2025-07-25	240	236
1942	1	1	13	2025-07-26	882	854
1943	1	2	13	2025-07-26	837	783
1944	1	7	72	2025-07-26	1551	1536
1945	1	8	72	2025-07-26	1365	1311
1946	2	9	126	2025-07-26	2296	2192
1947	2	10	126	2025-07-26	2081	1969
1948	2	11	46	2025-07-26	675	646
1949	2	12	46	2025-07-26	609	601
1950	3	3	13	2025-07-26	632	594
1951	3	4	13	2025-07-26	575	556
1952	3	6	13	2025-07-26	537	503
1953	4	13	99	2025-07-26	301	295
1954	4	14	99	2025-07-26	255	243
1955	1	1	13	2025-07-28	953	947
1956	1	2	13	2025-07-28	881	848
1957	1	7	72	2025-07-28	1543	1464
1958	2	9	126	2025-07-28	2077	2030
1959	2	10	126	2025-07-28	1960	1947
1960	2	11	46	2025-07-28	776	772
1961	2	12	46	2025-07-28	634	614
1962	3	3	13	2025-07-28	631	593
1963	3	4	13	2025-07-28	580	552
1964	3	5	13	2025-07-28	595	584
1965	3	6	13	2025-07-28	453	443
1966	4	13	99	2025-07-28	322	302
1967	4	14	99	2025-07-28	235	231
1968	1	1	13	2025-07-29	987	943
1969	1	7	73	2025-07-29	1697	1599
1970	2	9	126	2025-07-29	2073	1984
1971	2	10	126	2025-07-29	2024	1978
1972	2	11	46	2025-07-29	760	728
1973	2	12	46	2025-07-29	618	584
1974	3	3	13	2025-07-29	590	588
1975	3	4	13	2025-07-29	610	568
1976	3	6	13	2025-07-29	544	526
1977	4	13	99	2025-07-29	326	318
1978	4	14	99	2025-07-29	269	252
1979	1	2	13	2025-07-30	927	877
1980	1	7	73	2025-07-30	1613	1530
1981	1	8	73	2025-07-30	1391	1317
1982	2	9	126	2025-07-30	2061	1979
1983	2	10	126	2025-07-30	1992	1984
1984	2	11	46	2025-07-30	716	686
1985	2	12	46	2025-07-30	565	551
1986	3	3	13	2025-07-30	680	663
1987	3	4	13	2025-07-30	614	606
1988	3	5	13	2025-07-30	589	551
1989	4	14	99	2025-07-30	231	217
1990	1	1	13	2025-07-31	884	864
1991	1	2	13	2025-07-31	961	936
1992	2	9	126	2025-07-31	2185	2040
1993	2	10	126	2025-07-31	2152	2021
1994	2	11	46	2025-07-31	738	687
1995	2	12	46	2025-07-31	622	595
1996	3	3	13	2025-07-31	622	590
1997	3	4	13	2025-07-31	539	502
1998	3	6	13	2025-07-31	485	479
1999	4	13	100	2025-07-31	310	292
2000	4	14	100	2025-07-31	228	219
2001	1	1	13	2025-08-01	719	690
2002	1	2	13	2025-08-01	640	604
2003	1	7	73	2025-08-01	1357	1281
2004	1	8	73	2025-08-01	1072	1060
2005	2	9	126	2025-08-01	1673	1660
2006	2	10	126	2025-08-01	1816	1800
2007	2	11	46	2025-08-01	540	519
2008	2	12	46	2025-08-01	471	453
2009	3	3	13	2025-08-01	521	498
2010	3	4	13	2025-08-01	467	446
2011	3	5	13	2025-08-01	459	450
2012	3	6	13	2025-08-01	397	383
2013	4	13	100	2025-08-01	271	266
2014	4	14	100	2025-08-01	212	204
2015	1	1	16	2025-08-02	722	691
2016	1	2	16	2025-08-02	709	693
2017	1	7	73	2025-08-02	1291	1232
2018	1	8	73	2025-08-02	1096	1023
2019	2	9	126	2025-08-02	1690	1578
2020	2	10	126	2025-08-02	1556	1507
2021	2	11	46	2025-08-02	539	515
2022	2	12	46	2025-08-02	474	463
2023	3	5	16	2025-08-02	465	458
2024	3	6	16	2025-08-02	391	372
2025	4	13	100	2025-08-02	249	248
2026	4	14	100	2025-08-02	193	182
2027	1	1	16	2025-08-04	794	779
2028	1	2	16	2025-08-04	650	637
2029	1	7	73	2025-08-04	1203	1118
2030	1	8	73	2025-08-04	1022	997
2031	2	9	126	2025-08-04	1768	1720
2032	2	10	126	2025-08-04	1547	1495
2033	2	11	46	2025-08-04	584	577
2034	2	12	46	2025-08-04	426	409
2035	3	3	16	2025-08-04	542	511
2036	3	4	16	2025-08-04	455	447
2037	3	5	16	2025-08-04	426	420
2038	3	6	16	2025-08-04	387	385
2039	4	14	100	2025-08-04	194	186
2040	1	1	16	2025-08-05	710	698
2041	1	2	16	2025-08-05	768	758
2042	1	7	73	2025-08-05	1206	1162
2043	1	8	73	2025-08-05	1094	1067
2044	2	9	126	2025-08-05	1687	1571
2045	2	12	46	2025-08-05	460	448
2046	3	3	16	2025-08-05	503	474
2047	3	4	16	2025-08-05	512	484
2048	3	6	16	2025-08-05	419	404
2049	4	13	100	2025-08-05	259	243
2050	4	14	100	2025-08-05	197	191
2051	1	2	16	2025-08-06	751	711
2052	1	8	73	2025-08-06	1187	1122
2053	2	9	126	2025-08-06	1682	1650
2054	2	11	46	2025-08-06	571	540
2055	2	12	46	2025-08-06	466	435
2056	3	3	16	2025-08-06	475	470
2057	3	4	16	2025-08-06	453	421
2058	3	5	16	2025-08-06	418	388
2059	4	13	100	2025-08-06	237	232
2060	4	14	100	2025-08-06	202	201
2061	1	1	16	2025-08-07	723	672
2062	1	2	16	2025-08-07	749	733
2063	1	7	73	2025-08-07	1153	1133
2064	1	8	73	2025-08-07	1018	980
2065	2	9	126	2025-08-07	2007	1958
2066	2	10	126	2025-08-07	1610	1514
2067	2	11	46	2025-08-07	552	521
2068	2	12	46	2025-08-07	509	480
2069	3	3	16	2025-08-07	515	513
2070	3	4	16	2025-08-07	437	411
2071	3	5	16	2025-08-07	481	471
2072	3	6	16	2025-08-07	368	353
2073	4	13	100	2025-08-07	271	264
2074	1	1	16	2025-08-08	775	731
2075	1	2	16	2025-08-08	664	629
2076	1	7	73	2025-08-08	1212	1128
2077	1	8	73	2025-08-08	1001	995
2078	2	9	126	2025-08-08	1999	1862
2079	2	10	126	2025-08-08	1616	1507
2080	2	11	46	2025-08-08	567	542
2081	3	4	16	2025-08-08	477	472
2082	4	13	100	2025-08-08	272	257
2083	4	14	100	2025-08-08	187	182
2084	1	1	16	2025-08-09	824	779
2085	1	7	73	2025-08-09	1349	1308
2086	2	9	126	2025-08-09	1837	1743
2087	2	10	126	2025-08-09	1527	1473
2088	2	11	46	2025-08-09	624	621
2089	3	3	16	2025-08-09	505	490
2090	3	4	16	2025-08-09	435	417
2091	3	5	16	2025-08-09	488	483
2092	3	6	16	2025-08-09	395	391
2093	4	13	100	2025-08-09	257	255
2094	4	14	100	2025-08-09	181	171
2095	1	1	16	2025-08-11	806	772
2096	1	7	73	2025-08-11	1222	1148
2097	1	8	73	2025-08-11	1067	1031
2098	2	9	126	2025-08-11	1732	1671
2099	2	10	126	2025-08-11	1796	1759
2100	2	11	46	2025-08-11	624	612
2101	2	12	46	2025-08-11	448	431
2102	3	3	16	2025-08-11	491	464
2103	3	5	16	2025-08-11	456	440
2104	3	6	16	2025-08-11	422	410
2105	4	14	100	2025-08-11	188	185
2106	1	2	16	2025-08-12	679	658
2107	1	7	73	2025-08-12	1282	1244
2108	1	8	73	2025-08-12	1186	1127
2109	2	10	126	2025-08-12	1833	1791
2110	2	11	46	2025-08-12	535	521
2111	2	12	46	2025-08-12	495	482
2112	3	3	16	2025-08-12	478	448
2113	3	4	16	2025-08-12	492	463
2114	3	5	16	2025-08-12	448	436
2115	3	6	16	2025-08-12	394	385
2116	4	14	100	2025-08-12	216	211
2117	1	1	16	2025-08-13	730	728
2118	1	2	16	2025-08-13	736	733
2119	1	7	73	2025-08-13	1172	1100
2120	1	8	73	2025-08-13	1103	1095
2121	2	10	126	2025-08-13	1714	1608
2122	2	11	46	2025-08-13	580	578
2123	2	12	46	2025-08-13	447	436
2124	3	3	16	2025-08-13	491	476
2125	3	4	16	2025-08-13	439	413
2126	3	6	16	2025-08-13	404	382
2127	4	13	100	2025-08-13	259	251
2128	4	14	100	2025-08-13	185	183
2129	1	1	16	2025-08-14	736	724
2130	1	2	16	2025-08-14	747	745
2131	1	7	73	2025-08-14	1151	1142
2132	1	8	73	2025-08-14	1151	1145
2133	2	10	126	2025-08-14	1608	1496
2134	2	11	46	2025-08-14	590	557
2135	2	12	46	2025-08-14	435	413
2136	3	3	16	2025-08-14	555	534
2137	3	5	16	2025-08-14	406	400
2138	3	6	16	2025-08-14	434	410
2139	4	13	100	2025-08-14	230	229
2140	4	14	100	2025-08-14	198	190
2141	1	1	16	2025-08-16	753	712
2142	1	2	16	2025-08-16	661	620
2143	1	7	73	2025-08-16	1296	1279
2144	1	8	73	2025-08-16	1183	1107
2145	2	9	126	2025-08-16	1715	1613
2146	2	12	46	2025-08-16	486	478
2147	3	3	16	2025-08-16	521	498
2148	3	5	16	2025-08-16	408	385
2149	3	6	16	2025-08-16	370	363
2150	4	13	100	2025-08-16	266	265
2151	4	14	100	2025-08-16	182	177
2152	1	2	17	2025-08-18	706	703
2153	1	7	74	2025-08-18	1325	1321
2154	1	8	74	2025-08-18	1009	957
2155	2	9	126	2025-08-18	1777	1735
2156	2	10	126	2025-08-18	1739	1667
2157	2	11	46	2025-08-18	530	522
2158	2	12	46	2025-08-18	506	493
2159	3	3	17	2025-08-18	492	491
2160	3	4	17	2025-08-18	449	422
2161	3	5	17	2025-08-18	434	404
2162	3	6	17	2025-08-18	407	378
2163	4	13	100	2025-08-18	245	244
2164	4	14	100	2025-08-18	200	198
2165	1	1	17	2025-08-19	714	693
2166	1	2	17	2025-08-19	729	716
2167	1	7	74	2025-08-19	1177	1149
2168	2	9	126	2025-08-19	1678	1664
2169	2	10	126	2025-08-19	1792	1763
2170	2	11	48	2025-08-19	573	539
2171	3	3	17	2025-08-19	551	531
2172	3	4	17	2025-08-19	446	432
2173	3	5	17	2025-08-19	445	443
2174	1	1	17	2025-08-20	756	725
2175	1	2	17	2025-08-20	659	612
2176	1	7	74	2025-08-20	1325	1272
2177	1	8	74	2025-08-20	1159	1096
2178	2	9	126	2025-08-20	1961	1901
2179	2	10	126	2025-08-20	1517	1510
2180	2	11	48	2025-08-20	589	554
2181	3	6	17	2025-08-20	377	376
2182	4	14	100	2025-08-20	205	194
2183	1	1	17	2025-08-21	734	686
2184	1	7	74	2025-08-21	1127	1086
2185	1	8	74	2025-08-21	1099	1026
2186	2	10	128	2025-08-21	1651	1641
2187	2	11	48	2025-08-21	598	559
2188	2	12	48	2025-08-21	464	456
2189	3	3	17	2025-08-21	481	463
2190	3	5	17	2025-08-21	473	447
2191	3	6	17	2025-08-21	430	413
2192	4	13	100	2025-08-21	265	259
2193	4	14	100	2025-08-21	210	200
2194	1	1	17	2025-08-22	770	746
2195	1	2	17	2025-08-22	683	670
2196	1	7	74	2025-08-22	1318	1229
2197	1	8	74	2025-08-22	1190	1115
2198	2	10	128	2025-08-22	1720	1678
2199	2	11	48	2025-08-22	535	514
2200	2	12	48	2025-08-22	506	504
2201	3	3	17	2025-08-22	483	480
2202	3	4	17	2025-08-22	470	453
2203	3	5	17	2025-08-22	431	418
2204	3	6	17	2025-08-22	393	365
2205	4	13	101	2025-08-22	271	257
2206	4	14	101	2025-08-22	190	184
2207	1	2	17	2025-08-23	769	756
2208	1	7	74	2025-08-23	1339	1298
2209	1	8	74	2025-08-23	1075	1036
2210	2	9	128	2025-08-23	1727	1630
2211	2	10	128	2025-08-23	1564	1459
2212	3	3	17	2025-08-23	539	510
2213	3	4	17	2025-08-23	489	461
2214	3	5	17	2025-08-23	448	434
2215	4	13	101	2025-08-23	250	244
2216	4	14	101	2025-08-23	198	194
2217	1	2	17	2025-08-25	761	716
2218	1	7	74	2025-08-25	1235	1189
2219	1	8	74	2025-08-25	1000	990
2220	2	9	128	2025-08-25	1738	1673
2221	2	10	128	2025-08-25	1581	1473
2222	2	11	48	2025-08-25	588	551
2223	2	12	48	2025-08-25	499	479
2224	3	3	17	2025-08-25	518	496
2225	3	4	17	2025-08-25	512	490
2226	3	5	17	2025-08-25	444	442
2227	3	6	17	2025-08-25	426	424
2228	4	13	101	2025-08-25	243	233
2229	4	14	101	2025-08-25	192	186
2230	1	1	17	2025-08-26	728	723
2231	1	2	17	2025-08-26	732	691
2232	1	7	74	2025-08-26	1356	1291
2233	1	8	74	2025-08-26	1148	1068
2234	2	9	128	2025-08-26	1875	1762
2235	2	10	128	2025-08-26	1556	1553
2236	2	11	48	2025-08-26	611	582
2237	2	12	48	2025-08-26	508	482
2238	3	3	17	2025-08-26	557	532
2239	3	4	17	2025-08-26	510	500
2240	3	5	17	2025-08-26	411	403
2241	3	6	17	2025-08-26	392	366
2242	4	13	101	2025-08-26	258	240
2243	1	1	17	2025-08-27	763	747
2244	1	2	17	2025-08-27	678	648
2245	1	8	74	2025-08-27	1148	1117
2246	2	10	128	2025-08-27	1519	1415
2247	2	11	48	2025-08-27	569	551
2248	2	12	48	2025-08-27	480	473
2249	3	4	17	2025-08-27	489	470
2250	3	5	17	2025-08-27	427	413
2251	3	6	17	2025-08-27	438	410
2252	4	13	101	2025-08-27	253	244
2253	4	14	101	2025-08-27	199	197
2254	1	1	17	2025-08-28	717	687
2255	1	2	17	2025-08-28	646	605
2256	1	7	74	2025-08-28	1231	1176
2257	1	8	74	2025-08-28	1180	1139
2258	2	9	128	2025-08-28	1684	1641
2259	2	10	128	2025-08-28	1817	1745
2260	2	11	48	2025-08-28	610	569
2261	3	3	17	2025-08-28	495	473
2262	3	5	17	2025-08-28	489	468
2263	3	6	17	2025-08-28	371	355
2264	4	13	101	2025-08-28	239	237
2265	1	1	17	2025-08-29	676	669
2266	1	2	17	2025-08-29	738	694
2267	1	7	74	2025-08-29	1312	1307
2268	1	8	74	2025-08-29	1109	1086
2269	2	9	128	2025-08-29	1667	1609
2270	2	11	48	2025-08-29	543	515
2271	2	12	48	2025-08-29	468	465
2272	3	4	17	2025-08-29	485	478
2273	3	5	17	2025-08-29	448	437
2274	3	6	17	2025-08-29	397	390
2275	4	13	101	2025-08-29	274	263
2276	4	14	101	2025-08-29	212	205
2277	1	1	17	2025-08-30	760	734
2278	1	2	17	2025-08-30	660	650
2279	1	7	74	2025-08-30	1245	1175
2280	1	8	74	2025-08-30	1051	1034
2281	2	9	128	2025-08-30	1657	1594
2282	2	11	48	2025-08-30	601	587
2283	3	3	17	2025-08-30	550	516
2284	3	4	17	2025-08-30	453	445
2285	3	5	17	2025-08-30	450	431
2286	3	6	17	2025-08-30	372	369
2287	4	13	101	2025-08-30	268	260
2288	4	14	101	2025-08-30	193	182
2289	1	1	18	2025-09-01	937	880
2290	1	2	18	2025-09-01	892	856
2291	1	8	74	2025-09-01	1298	1273
2292	2	9	128	2025-09-01	2346	2181
2293	2	11	48	2025-09-01	796	762
2294	2	12	48	2025-09-01	605	570
2295	3	3	18	2025-09-01	718	702
2296	3	4	18	2025-09-01	565	556
2297	3	5	18	2025-09-01	640	610
2298	3	6	18	2025-09-01	560	529
2299	4	13	101	2025-09-01	354	347
2300	4	14	101	2025-09-01	259	257
2301	1	1	18	2025-09-02	936	892
2302	1	2	18	2025-09-02	852	804
2303	1	7	74	2025-09-02	1651	1616
2304	1	8	74	2025-09-02	1346	1288
2305	2	9	128	2025-09-02	2577	2411
2306	2	10	128	2025-09-02	2322	2159
2307	2	11	48	2025-09-02	765	732
2308	2	12	48	2025-09-02	639	596
2309	3	4	18	2025-09-02	587	586
2310	3	5	18	2025-09-02	549	540
2311	3	6	18	2025-09-02	542	524
2312	4	13	101	2025-09-02	304	303
2313	1	7	74	2025-09-03	1692	1654
2314	2	9	128	2025-09-03	2249	2111
2315	2	10	128	2025-09-03	2231	2195
2316	2	11	48	2025-09-03	745	734
2317	2	12	48	2025-09-03	625	612
2318	3	3	18	2025-09-03	630	621
2319	3	4	18	2025-09-03	606	604
2320	3	5	18	2025-09-03	646	631
2321	4	13	101	2025-09-03	324	323
2322	4	14	101	2025-09-03	252	247
2323	1	1	18	2025-09-04	1044	977
2324	1	2	18	2025-09-04	879	855
2325	1	8	74	2025-09-04	1544	1493
2326	2	9	128	2025-09-04	2612	2540
2327	2	10	128	2025-09-04	2304	2224
2328	2	11	48	2025-09-04	830	773
2329	3	3	18	2025-09-04	723	674
2330	3	4	18	2025-09-04	611	603
2331	3	5	18	2025-09-04	613	581
2332	3	6	18	2025-09-04	531	498
2333	4	13	101	2025-09-04	344	322
2334	1	1	18	2025-09-05	1065	1042
2335	1	2	18	2025-09-05	871	870
2336	1	7	74	2025-09-05	1601	1597
2337	1	8	74	2025-09-05	1567	1491
2338	2	9	128	2025-09-05	2393	2256
2339	2	10	128	2025-09-05	2273	2260
2340	2	12	48	2025-09-05	649	613
2341	3	3	18	2025-09-05	713	680
2342	3	4	18	2025-09-05	559	525
2343	3	5	18	2025-09-05	581	577
2344	4	13	101	2025-09-05	320	315
2345	4	14	101	2025-09-05	281	262
2346	1	1	18	2025-09-06	1058	1048
2347	1	2	18	2025-09-06	973	964
2348	1	7	74	2025-09-06	1784	1741
2349	1	8	74	2025-09-06	1329	1300
2350	2	9	128	2025-09-06	2268	2147
2351	2	10	128	2025-09-06	2315	2159
2352	2	11	48	2025-09-06	832	813
2353	2	12	48	2025-09-06	602	587
2354	3	3	18	2025-09-06	731	690
2355	3	4	18	2025-09-06	611	570
2356	3	5	18	2025-09-06	544	527
2357	4	13	101	2025-09-06	355	342
2358	4	14	101	2025-09-06	262	257
2359	1	2	18	2025-09-08	903	868
2360	1	7	75	2025-09-08	1805	1718
2361	1	8	75	2025-09-08	1444	1364
2362	2	9	128	2025-09-08	2643	2574
2363	2	10	128	2025-09-08	2212	2145
2364	2	12	48	2025-09-08	574	546
2365	3	3	18	2025-09-08	717	674
2366	3	5	18	2025-09-08	653	637
2367	3	6	18	2025-09-08	556	528
2368	4	14	101	2025-09-08	270	256
2369	1	2	18	2025-09-09	866	850
2370	2	9	128	2025-09-09	2509	2340
2371	2	10	128	2025-09-09	1998	1937
2372	2	11	48	2025-09-09	833	792
2373	2	12	48	2025-09-09	609	602
2374	3	3	18	2025-09-09	667	639
2375	3	4	18	2025-09-09	650	606
2376	3	5	18	2025-09-09	607	591
2377	3	6	18	2025-09-09	525	506
2378	4	13	101	2025-09-09	335	325
2379	4	14	101	2025-09-09	286	271
2380	1	2	18	2025-09-10	954	921
2381	1	7	75	2025-09-10	1603	1555
2382	1	8	75	2025-09-10	1393	1316
2383	2	9	129	2025-09-10	2388	2376
2384	2	10	129	2025-09-10	2307	2225
2385	2	11	48	2025-09-10	741	711
2386	2	12	48	2025-09-10	645	627
2387	3	3	18	2025-09-10	662	641
2388	3	4	18	2025-09-10	581	580
2389	3	6	18	2025-09-10	500	495
2390	4	13	101	2025-09-10	327	316
2391	4	14	101	2025-09-10	284	275
2392	1	1	18	2025-09-11	1053	1023
2393	1	2	18	2025-09-11	925	879
2394	1	8	75	2025-09-11	1313	1281
2395	2	9	129	2025-09-11	2551	2542
2396	2	10	129	2025-09-11	2117	2043
2397	2	11	48	2025-09-11	749	739
2398	2	12	48	2025-09-11	632	605
2399	3	3	18	2025-09-11	672	653
2400	3	5	18	2025-09-11	602	591
2401	3	6	18	2025-09-11	550	519
2402	4	13	101	2025-09-11	343	329
2403	4	14	101	2025-09-11	273	255
2404	1	1	18	2025-09-12	1080	1042
2405	1	7	75	2025-09-12	1638	1586
2406	2	9	129	2025-09-12	2574	2525
2407	2	11	49	2025-09-12	815	781
2408	2	12	49	2025-09-12	571	564
2409	3	4	18	2025-09-12	600	560
2410	3	5	18	2025-09-12	646	630
2411	3	6	18	2025-09-12	507	496
2412	4	13	101	2025-09-12	353	335
2413	4	14	101	2025-09-12	285	265
2414	1	1	18	2025-09-13	1043	997
2415	1	8	75	2025-09-13	1385	1289
2416	2	9	129	2025-09-13	2578	2415
2417	2	10	129	2025-09-13	2389	2323
2418	2	11	49	2025-09-13	760	746
2419	2	12	49	2025-09-13	562	536
2420	3	3	18	2025-09-13	651	629
2421	3	4	18	2025-09-13	591	584
2422	3	5	18	2025-09-13	606	590
2423	3	6	18	2025-09-13	511	501
2424	4	13	102	2025-09-13	347	339
2425	4	14	102	2025-09-13	277	266
2426	1	2	18	2025-09-15	884	841
2427	1	7	75	2025-09-15	1659	1566
2428	1	8	75	2025-09-15	1469	1386
2429	2	9	129	2025-09-15	2540	2422
2430	2	10	129	2025-09-15	2123	2070
2431	2	11	49	2025-09-15	830	806
2432	2	12	49	2025-09-15	576	566
2433	3	3	18	2025-09-15	709	696
2434	3	4	18	2025-09-15	620	603
2435	3	5	18	2025-09-15	608	581
2436	3	6	18	2025-09-15	537	530
2437	4	13	102	2025-09-15	319	304
2438	1	1	19	2025-09-16	1067	1009
2439	1	2	19	2025-09-16	859	852
2440	1	7	75	2025-09-16	1775	1669
2441	2	10	129	2025-09-16	2378	2268
2442	2	11	49	2025-09-16	770	734
2443	2	12	49	2025-09-16	574	573
2444	3	4	19	2025-09-16	591	566
2445	3	5	19	2025-09-16	580	556
2446	4	13	102	2025-09-16	298	286
2447	4	14	102	2025-09-16	287	272
2448	1	1	19	2025-09-17	1029	982
2449	1	2	19	2025-09-17	879	832
2450	1	8	75	2025-09-17	1551	1502
2451	2	11	49	2025-09-17	739	717
2452	2	12	49	2025-09-17	590	569
2453	3	3	19	2025-09-17	668	622
2454	3	4	19	2025-09-17	569	553
2455	3	5	19	2025-09-17	594	553
2456	3	6	19	2025-09-17	500	478
2457	4	13	102	2025-09-17	298	277
2458	4	14	102	2025-09-17	283	274
2459	1	2	19	2025-09-18	855	853
2460	1	7	75	2025-09-18	1499	1476
2461	1	8	75	2025-09-18	1505	1449
2462	2	9	129	2025-09-18	2211	2182
2463	2	10	129	2025-09-18	2205	2111
2464	2	11	49	2025-09-18	783	766
2465	2	12	49	2025-09-18	566	545
2466	3	3	19	2025-09-18	709	696
2467	3	4	19	2025-09-18	568	543
2468	3	5	19	2025-09-18	608	567
2469	3	6	19	2025-09-18	481	452
2470	4	13	102	2025-09-18	345	342
2471	4	14	102	2025-09-18	270	265
2472	1	2	19	2025-09-19	891	853
2473	1	7	75	2025-09-19	1512	1441
2474	1	8	75	2025-09-19	1445	1434
2475	2	9	129	2025-09-19	2261	2189
2476	2	10	129	2025-09-19	2305	2190
2477	3	3	19	2025-09-19	659	621
2478	3	4	19	2025-09-19	654	612
2479	4	13	102	2025-09-19	309	305
2480	1	1	19	2025-09-20	915	881
2481	1	2	19	2025-09-20	1020	963
2482	1	8	75	2025-09-20	1309	1287
2483	2	11	49	2025-09-20	702	673
2484	2	12	49	2025-09-20	654	643
2485	3	3	19	2025-09-20	746	699
2486	3	5	19	2025-09-20	542	519
2487	3	6	19	2025-09-20	532	503
2488	4	13	102	2025-09-20	299	279
2489	1	1	19	2025-09-22	995	981
2490	1	2	19	2025-09-22	896	878
2491	1	7	75	2025-09-22	1553	1484
2492	1	8	75	2025-09-22	1320	1269
2493	2	9	129	2025-09-22	2430	2379
2494	2	10	129	2025-09-22	2385	2370
2495	2	11	49	2025-09-22	792	772
2496	2	12	49	2025-09-22	586	552
2497	3	3	19	2025-09-22	627	610
2498	3	4	19	2025-09-22	656	619
2499	3	5	19	2025-09-22	602	593
2500	4	13	102	2025-09-22	314	305
2501	1	2	19	2025-09-23	1004	967
2502	1	8	75	2025-09-23	1420	1416
2503	2	9	129	2025-09-23	2187	2122
2504	2	10	129	2025-09-23	2220	2079
2505	2	11	49	2025-09-23	708	700
2506	2	12	49	2025-09-23	670	662
2507	3	3	19	2025-09-23	708	696
2508	3	4	19	2025-09-23	667	638
2509	3	5	19	2025-09-23	570	545
2510	3	6	19	2025-09-23	547	527
2511	4	13	102	2025-09-23	323	304
2512	4	14	102	2025-09-23	269	259
2513	1	1	19	2025-09-24	1072	1027
2514	1	2	19	2025-09-24	915	878
2515	1	7	75	2025-09-24	1574	1548
2516	1	8	75	2025-09-24	1356	1264
2517	2	9	129	2025-09-24	2239	2225
2518	2	10	129	2025-09-24	2232	2159
2519	2	11	49	2025-09-24	759	714
2520	2	12	49	2025-09-24	601	579
2521	3	3	19	2025-09-24	644	625
2522	3	4	19	2025-09-24	612	593
2523	3	5	19	2025-09-24	553	525
2524	3	6	19	2025-09-24	566	528
2525	4	13	102	2025-09-24	342	339
2526	4	14	102	2025-09-24	288	283
2527	1	2	19	2025-09-25	899	889
2528	1	7	75	2025-09-25	1558	1544
2529	1	8	75	2025-09-25	1423	1406
2530	2	10	129	2025-09-25	2380	2369
2531	2	11	49	2025-09-25	805	754
2532	2	12	49	2025-09-25	657	645
2533	3	3	19	2025-09-25	657	629
2534	3	4	19	2025-09-25	558	552
2535	3	5	19	2025-09-25	586	563
2536	3	6	19	2025-09-25	575	555
2537	4	14	102	2025-09-25	288	282
2538	1	1	19	2025-09-26	945	925
2539	1	2	19	2025-09-26	846	795
2540	1	7	75	2025-09-26	1615	1505
2541	1	8	75	2025-09-26	1445	1425
2542	2	9	129	2025-09-26	2574	2523
2543	2	10	129	2025-09-26	2414	2377
2544	2	11	49	2025-09-26	798	767
2545	3	3	19	2025-09-26	619	599
2546	3	4	19	2025-09-26	633	630
2547	3	5	19	2025-09-26	540	503
2548	3	6	19	2025-09-26	524	506
2549	4	14	102	2025-09-26	254	248
2550	1	1	19	2025-09-27	1050	1011
2551	1	2	19	2025-09-27	919	880
2552	1	7	76	2025-09-27	1561	1554
2553	1	8	76	2025-09-27	1395	1365
2554	2	9	129	2025-09-27	2601	2460
2555	2	10	129	2025-09-27	2352	2271
2556	2	11	49	2025-09-27	746	696
2557	2	12	49	2025-09-27	656	637
2558	3	3	19	2025-09-27	701	655
2559	3	4	19	2025-09-27	667	637
2560	3	5	19	2025-09-27	603	583
2561	3	6	19	2025-09-27	525	497
2562	4	14	102	2025-09-27	241	230
2563	1	2	19	2025-09-29	1026	982
2564	1	7	76	2025-09-29	1494	1391
2565	1	8	76	2025-09-29	1520	1447
2566	2	9	129	2025-09-29	2223	2209
2567	2	10	129	2025-09-29	2054	1958
2568	2	11	49	2025-09-29	724	673
2569	3	3	19	2025-09-29	698	686
2570	3	4	19	2025-09-29	574	571
2571	3	5	19	2025-09-29	572	536
2572	3	6	19	2025-09-29	509	497
2573	4	14	102	2025-09-29	243	241
2574	1	1	19	2025-09-30	1061	1051
2575	1	2	19	2025-09-30	867	859
2576	1	7	76	2025-09-30	1798	1751
2577	1	8	76	2025-09-30	1429	1364
2578	2	9	130	2025-09-30	2470	2438
2579	2	10	130	2025-09-30	2123	2121
2580	2	11	49	2025-09-30	803	797
2581	3	3	19	2025-09-30	698	680
2582	3	4	19	2025-09-30	575	547
2583	3	6	19	2025-09-30	573	559
2584	4	14	102	2025-09-30	256	244
2585	1	1	19	2025-10-01	1124	1084
2586	1	2	19	2025-10-01	1003	988
2587	1	7	76	2025-10-01	1701	1650
2588	1	8	76	2025-10-01	1541	1539
2589	2	9	130	2025-10-01	2726	2543
2590	2	10	130	2025-10-01	2116	1986
2591	2	12	49	2025-10-01	694	656
2592	3	3	19	2025-10-01	686	669
2593	3	4	19	2025-10-01	649	619
2594	3	5	19	2025-10-01	617	589
2595	3	6	19	2025-10-01	588	587
2596	4	13	102	2025-10-01	318	297
2597	4	14	102	2025-10-01	260	245
2598	1	1	19	2025-10-02	1143	1066
2599	1	2	19	2025-10-02	990	949
2600	1	7	76	2025-10-02	1772	1648
2601	1	8	76	2025-10-02	1406	1348
2602	2	9	130	2025-10-02	2601	2438
2603	2	10	130	2025-10-02	2319	2163
2604	2	11	49	2025-10-02	800	754
2605	3	3	19	2025-10-02	666	638
2606	3	4	19	2025-10-02	610	597
2607	3	5	19	2025-10-02	576	542
2608	3	6	19	2025-10-02	600	581
2609	4	13	102	2025-10-02	345	325
2610	4	14	102	2025-10-02	285	270
2611	1	2	19	2025-10-04	1033	961
2612	1	7	76	2025-10-04	1890	1832
2613	1	8	76	2025-10-04	1534	1521
2614	2	9	130	2025-10-04	2341	2268
2615	2	11	49	2025-10-04	846	817
2616	3	3	19	2025-10-04	710	669
2617	3	5	19	2025-10-04	603	588
2618	4	13	102	2025-10-04	379	372
2619	1	1	19	2025-10-10	1146	1089
2620	1	2	19	2025-10-10	1031	1003
2621	1	7	76	2025-10-10	1880	1878
2622	1	8	76	2025-10-10	1473	1415
2623	2	9	130	2025-10-10	2751	2715
2624	2	10	130	2025-10-10	2280	2188
2625	2	11	49	2025-10-10	798	756
2626	2	12	49	2025-10-10	688	653
2627	3	3	19	2025-10-10	739	694
2628	3	4	19	2025-10-10	701	700
2629	3	5	19	2025-10-10	638	616
2630	3	6	19	2025-10-10	508	501
2631	4	13	103	2025-10-10	348	339
2632	4	14	103	2025-10-10	297	283
2633	1	1	19	2025-10-11	942	935
2634	1	7	76	2025-10-11	1910	1893
2635	1	8	76	2025-10-11	1647	1633
2636	2	9	130	2025-10-11	2641	2640
2637	2	10	130	2025-10-11	2284	2269
2638	2	11	49	2025-10-11	865	815
2639	2	12	49	2025-10-11	677	669
2640	3	3	19	2025-10-11	739	702
2641	3	4	19	2025-10-11	665	661
2642	3	5	19	2025-10-11	652	644
2643	3	6	19	2025-10-11	562	529
2644	4	13	103	2025-10-11	317	298
2645	1	2	19	2025-10-13	955	920
2646	2	9	130	2025-10-13	2493	2470
2647	2	11	49	2025-10-13	756	730
2648	2	12	49	2025-10-13	672	659
2649	3	3	19	2025-10-13	734	728
2650	3	5	19	2025-10-13	599	568
2651	3	6	19	2025-10-13	518	514
2652	4	14	103	2025-10-13	297	276
2653	1	1	19	2025-10-14	1131	1111
2654	1	2	19	2025-10-14	1014	958
2655	1	8	76	2025-10-14	1640	1615
2656	2	9	130	2025-10-14	2359	2252
2657	2	10	130	2025-10-14	2190	2043
2658	2	11	49	2025-10-14	892	887
2659	2	12	49	2025-10-14	684	674
2660	3	3	19	2025-10-14	717	678
2661	3	5	19	2025-10-14	637	635
2662	3	6	19	2025-10-14	522	504
2663	4	13	103	2025-10-14	380	379
2664	1	1	19	2025-10-15	1031	969
2665	1	2	19	2025-10-15	1080	1042
2666	1	8	76	2025-10-15	1368	1300
2667	2	9	130	2025-10-15	2344	2205
2668	2	12	49	2025-10-15	695	690
2669	3	3	19	2025-10-15	662	638
2670	3	4	19	2025-10-15	595	589
2671	3	5	19	2025-10-15	642	617
2672	4	13	103	2025-10-15	379	366
2673	1	1	21	2025-10-16	1118	1097
2674	1	2	21	2025-10-16	1036	1012
2675	1	7	76	2025-10-16	1565	1544
2676	1	8	76	2025-10-16	1445	1358
2677	2	9	130	2025-10-16	2778	2722
2678	2	10	130	2025-10-16	2326	2296
2679	2	11	49	2025-10-16	853	808
2680	2	12	49	2025-10-16	598	562
2681	3	3	21	2025-10-16	736	705
2682	3	4	21	2025-10-16	585	569
2683	4	13	103	2025-10-16	343	342
2684	4	14	103	2025-10-16	255	247
2685	1	1	21	2025-10-17	1052	1036
2686	1	2	21	2025-10-17	1079	1043
2687	1	7	77	2025-10-17	1734	1728
2688	1	8	77	2025-10-17	1555	1540
2689	2	9	130	2025-10-17	2352	2299
2690	2	11	49	2025-10-17	776	750
2691	2	12	49	2025-10-17	712	695
2692	3	3	21	2025-10-17	697	654
2693	3	5	21	2025-10-17	580	548
2694	3	6	21	2025-10-17	559	522
2695	4	13	103	2025-10-17	350	345
2696	4	14	103	2025-10-17	255	244
2697	1	1	21	2025-10-18	1142	1075
2698	1	8	77	2025-10-18	1463	1375
2699	2	9	130	2025-10-18	2682	2592
2700	2	12	49	2025-10-18	651	623
2701	3	3	21	2025-10-18	682	668
2702	3	4	21	2025-10-18	693	664
2703	3	5	21	2025-10-18	611	579
2704	3	6	21	2025-10-18	554	519
2705	4	14	103	2025-10-18	287	280
2706	1	1	21	2025-10-20	1078	1018
2707	1	2	21	2025-10-20	939	904
2708	1	7	77	2025-10-20	1641	1572
2709	1	8	77	2025-10-20	1532	1459
2710	2	9	131	2025-10-20	2300	2141
2711	2	10	131	2025-10-20	2168	2050
2712	2	11	49	2025-10-20	803	781
2713	2	12	49	2025-10-20	707	669
2714	3	3	21	2025-10-20	782	736
2715	3	4	21	2025-10-20	641	614
2716	3	6	21	2025-10-20	530	511
2717	4	13	103	2025-10-20	367	362
2718	4	14	103	2025-10-20	294	293
2719	1	1	21	2025-10-21	1090	1032
2720	1	2	21	2025-10-21	911	874
2721	1	7	77	2025-10-21	1892	1759
2722	1	8	77	2025-10-21	1519	1499
2723	2	9	131	2025-10-21	2356	2290
2724	2	10	131	2025-10-21	2133	2043
2725	2	11	49	2025-10-21	867	825
2726	2	12	49	2025-10-21	598	562
2727	3	3	21	2025-10-21	668	645
2728	3	4	21	2025-10-21	610	588
2729	3	5	21	2025-10-21	643	603
2730	3	6	21	2025-10-21	516	480
2731	4	13	103	2025-10-21	323	313
2732	4	14	103	2025-10-21	281	275
2733	1	1	21	2025-10-22	1045	1031
2734	1	7	77	2025-10-22	1857	1734
2735	1	8	77	2025-10-22	1445	1360
2736	2	10	131	2025-10-22	2310	2250
2737	3	3	21	2025-10-22	744	724
2738	3	4	21	2025-10-22	648	620
2739	3	5	21	2025-10-22	579	560
2740	3	6	21	2025-10-22	585	556
2741	4	13	103	2025-10-22	324	323
2742	1	2	21	2025-10-23	983	965
2743	1	7	77	2025-10-23	1781	1722
2744	1	8	77	2025-10-23	1627	1573
2745	2	9	131	2025-10-23	2459	2450
2746	2	10	131	2025-10-23	2456	2368
2747	2	11	49	2025-10-23	838	837
2748	2	12	49	2025-10-23	699	679
2749	3	3	21	2025-10-23	714	695
2750	3	6	21	2025-10-23	574	540
2751	4	13	103	2025-10-23	327	320
2752	4	14	103	2025-10-23	285	265
2753	1	1	21	2025-10-24	1065	1051
2754	1	2	21	2025-10-24	1023	970
2755	1	7	77	2025-10-24	1886	1802
2756	1	8	77	2025-10-24	1370	1349
2757	2	9	131	2025-10-24	2549	2470
2758	2	10	131	2025-10-24	2281	2151
2759	2	11	49	2025-10-24	830	811
2760	2	12	49	2025-10-24	618	611
2761	3	3	21	2025-10-24	659	624
2762	3	4	21	2025-10-24	671	670
2763	3	5	21	2025-10-24	587	568
2764	3	6	21	2025-10-24	596	589
2765	4	13	103	2025-10-24	368	359
2766	4	14	103	2025-10-24	257	243
2767	1	1	21	2025-10-25	1136	1070
2768	1	2	21	2025-10-25	981	933
2769	1	7	77	2025-10-25	1748	1667
2770	1	8	77	2025-10-25	1540	1455
2771	2	9	131	2025-10-25	2414	2334
2772	2	10	131	2025-10-25	2125	2068
2773	2	11	49	2025-10-25	864	829
2774	2	12	49	2025-10-25	659	645
2775	3	3	21	2025-10-25	680	667
2776	3	5	21	2025-10-25	635	625
2777	3	6	21	2025-10-25	544	516
2778	4	14	103	2025-10-25	290	281
2779	1	1	21	2025-10-27	969	926
2780	1	2	21	2025-10-27	921	891
2781	1	7	77	2025-10-27	1614	1554
2782	2	9	131	2025-10-27	2623	2500
2783	2	10	131	2025-10-27	2499	2425
2784	2	11	49	2025-10-27	747	709
2785	3	3	21	2025-10-27	766	750
2786	3	5	21	2025-10-27	609	591
2787	3	6	21	2025-10-27	599	566
2788	4	13	104	2025-10-27	357	354
2789	4	14	104	2025-10-27	259	242
2790	1	1	21	2025-10-28	1092	1050
2791	1	2	21	2025-10-28	1048	1032
2792	1	7	77	2025-10-28	1863	1769
2793	1	8	77	2025-10-28	1377	1304
2794	2	9	131	2025-10-28	2355	2329
2795	2	11	49	2025-10-28	868	851
2796	2	12	49	2025-10-28	600	580
2797	3	3	21	2025-10-28	654	632
2798	3	4	21	2025-10-28	656	635
2799	3	5	21	2025-10-28	657	646
2800	3	6	21	2025-10-28	591	565
2801	4	14	104	2025-10-28	285	265
2802	1	2	21	2025-10-29	1068	1024
2803	1	7	77	2025-10-29	1794	1731
2804	1	8	77	2025-10-29	1488	1463
2805	2	9	131	2025-10-29	2563	2476
2806	2	10	131	2025-10-29	2516	2485
2807	2	11	49	2025-10-29	816	813
2808	2	12	49	2025-10-29	697	688
2809	3	3	21	2025-10-29	675	645
2810	3	4	21	2025-10-29	682	638
2811	3	5	21	2025-10-29	682	654
2812	3	6	21	2025-10-29	604	569
2813	4	13	104	2025-10-29	318	306
2814	4	14	104	2025-10-29	260	247
2815	1	1	21	2025-10-30	1013	951
2816	1	8	77	2025-10-30	1559	1532
2817	2	9	131	2025-10-30	2534	2459
2818	2	10	131	2025-10-30	2504	2377
2819	2	11	51	2025-10-30	777	749
2820	2	12	51	2025-10-30	617	576
2821	3	3	21	2025-10-30	771	733
2822	3	5	21	2025-10-30	584	556
2823	4	13	104	2025-10-30	352	349
2824	4	14	104	2025-10-30	272	270
2825	1	1	21	2025-10-31	955	952
2826	1	2	21	2025-10-31	1016	983
2827	1	7	77	2025-10-31	1763	1667
2828	2	10	131	2025-10-31	2204	2146
2829	2	11	51	2025-10-31	865	858
2830	2	12	51	2025-10-31	645	618
2831	3	3	21	2025-10-31	694	659
2832	3	4	21	2025-10-31	670	653
2833	3	5	21	2025-10-31	577	555
2834	4	13	104	2025-10-31	356	352
2835	4	14	104	2025-10-31	294	293
2836	1	1	21	2025-11-01	1125	1103
2837	1	2	21	2025-11-01	964	945
2838	1	8	77	2025-11-01	1435	1418
2839	2	9	131	2025-11-01	2384	2324
2840	2	10	131	2025-11-01	2471	2445
2841	2	11	51	2025-11-01	823	799
2842	2	12	51	2025-11-01	651	611
2843	3	3	21	2025-11-01	700	651
2844	3	4	21	2025-11-01	614	578
2845	3	6	21	2025-11-01	500	471
2846	4	13	104	2025-11-01	354	342
2847	1	1	21	2025-11-03	1092	1038
2848	1	2	21	2025-11-03	1002	982
2849	1	7	77	2025-11-03	1747	1727
2850	1	8	77	2025-11-03	1519	1470
2851	2	10	131	2025-11-03	2342	2186
2852	2	12	51	2025-11-03	658	625
2853	3	3	21	2025-11-03	662	653
2854	3	5	21	2025-11-03	659	617
2855	3	6	21	2025-11-03	544	536
2856	4	14	104	2025-11-03	267	251
2857	1	1	21	2025-11-04	1114	1095
2858	1	2	21	2025-11-04	1059	1022
2859	1	7	77	2025-11-04	1766	1668
2860	1	8	77	2025-11-04	1507	1420
2861	2	9	131	2025-11-04	2562	2560
2862	2	10	131	2025-11-04	2179	2137
2863	2	11	51	2025-11-04	739	738
2864	2	12	51	2025-11-04	632	619
2865	3	3	21	2025-11-04	679	672
2866	3	4	21	2025-11-04	659	644
2867	3	5	21	2025-11-04	634	621
2868	3	6	21	2025-11-04	534	498
2869	4	13	104	2025-11-04	360	343
2870	4	14	104	2025-11-04	282	278
2871	1	1	21	2025-11-05	1011	1007
2872	1	2	21	2025-11-05	954	923
2873	1	7	77	2025-11-05	1834	1745
2874	1	8	77	2025-11-05	1593	1531
2875	2	9	131	2025-11-05	2587	2484
2876	2	10	131	2025-11-05	2171	2031
2877	2	11	51	2025-11-05	760	757
2878	2	12	51	2025-11-05	618	599
2879	3	3	21	2025-11-05	764	760
2880	3	5	21	2025-11-05	655	642
2881	3	6	21	2025-11-05	547	515
2882	4	13	104	2025-11-05	361	347
2883	1	2	21	2025-11-06	1019	1004
2884	1	7	78	2025-11-06	1637	1626
2885	1	8	78	2025-11-06	1437	1405
2886	2	9	131	2025-11-06	2557	2479
2887	2	10	131	2025-11-06	2265	2171
2888	2	11	51	2025-11-06	729	704
2889	3	3	21	2025-11-06	728	708
2890	3	4	21	2025-11-06	592	586
2891	3	5	21	2025-11-06	667	636
2892	3	6	21	2025-11-06	528	514
2893	4	13	104	2025-11-06	338	329
2894	1	1	21	2025-11-07	1092	1063
2895	1	2	21	2025-11-07	963	928
2896	1	7	78	2025-11-07	1581	1493
2897	2	9	131	2025-11-07	2382	2267
2898	2	10	131	2025-11-07	2297	2218
2899	2	11	51	2025-11-07	735	718
2900	3	3	21	2025-11-07	675	646
2901	3	5	21	2025-11-07	592	583
2902	3	6	21	2025-11-07	501	497
2903	4	14	104	2025-11-07	294	277
2904	1	1	21	2025-11-08	1048	1038
2905	1	2	21	2025-11-08	1055	1013
2906	1	7	78	2025-11-08	1646	1612
2907	1	8	78	2025-11-08	1411	1317
2908	2	9	131	2025-11-08	2510	2426
2909	2	10	131	2025-11-08	2409	2401
2910	2	11	51	2025-11-08	786	767
2911	2	12	51	2025-11-08	648	624
2912	3	4	21	2025-11-08	581	553
2913	3	5	21	2025-11-08	639	637
2914	3	6	21	2025-11-08	557	529
2915	4	13	104	2025-11-08	332	324
2916	1	1	21	2025-11-10	1089	1053
2917	1	2	21	2025-11-10	1055	1051
2918	1	7	78	2025-11-10	1632	1599
2919	1	8	78	2025-11-10	1470	1387
2920	2	9	132	2025-11-10	2742	2641
2921	2	10	132	2025-11-10	2240	2127
2922	2	11	51	2025-11-10	786	784
2923	2	12	51	2025-11-10	593	591
2924	3	3	21	2025-11-10	747	709
2925	3	4	21	2025-11-10	599	579
2926	3	5	21	2025-11-10	673	636
2927	3	6	21	2025-11-10	496	464
2928	4	13	104	2025-11-10	326	324
2929	4	14	104	2025-11-10	262	248
2930	1	1	21	2025-11-11	1028	977
2931	1	7	78	2025-11-11	1793	1684
2932	1	8	78	2025-11-11	1433	1422
2933	2	9	132	2025-11-11	2455	2316
2934	2	10	132	2025-11-11	2079	1935
2935	2	11	51	2025-11-11	732	721
2936	2	12	51	2025-11-11	607	575
2937	3	3	21	2025-11-11	700	677
2938	3	6	21	2025-11-11	600	585
2939	4	14	104	2025-11-11	281	266
2940	1	1	21	2025-11-12	1105	1049
2941	1	2	21	2025-11-12	968	905
2942	1	7	78	2025-11-12	1649	1616
2943	1	8	78	2025-11-12	1512	1496
2944	2	9	132	2025-11-12	2312	2169
2945	2	11	51	2025-11-12	869	852
2946	3	3	21	2025-11-12	668	639
2947	3	4	21	2025-11-12	689	672
2948	3	5	21	2025-11-12	661	640
2949	4	13	104	2025-11-12	332	318
2950	4	14	104	2025-11-12	249	240
2951	1	1	21	2025-11-13	1108	1092
2952	1	2	21	2025-11-13	905	851
2953	1	7	78	2025-11-13	1803	1678
2954	1	8	78	2025-11-13	1518	1472
2955	2	9	132	2025-11-13	2305	2229
2956	2	11	51	2025-11-13	742	693
2957	2	12	51	2025-11-13	579	578
2958	3	3	21	2025-11-13	756	747
2959	3	4	21	2025-11-13	613	581
2960	3	5	21	2025-11-13	653	622
2961	3	6	21	2025-11-13	511	475
2962	4	13	104	2025-11-13	333	315
2963	4	14	104	2025-11-13	265	253
2964	1	1	21	2025-11-14	947	907
2965	1	2	21	2025-11-14	967	916
2966	1	7	78	2025-11-14	1846	1775
2967	2	10	132	2025-11-14	2503	2467
2968	2	12	51	2025-11-14	669	645
2969	3	3	21	2025-11-14	656	639
2970	3	4	21	2025-11-14	664	623
2971	3	5	21	2025-11-14	579	572
2972	3	6	21	2025-11-14	572	557
2973	4	13	104	2025-11-14	362	350
2974	4	14	104	2025-11-14	268	258
2975	1	2	21	2025-11-15	978	948
2976	1	7	78	2025-11-15	1657	1655
2977	2	9	132	2025-11-15	2698	2560
2978	2	12	51	2025-11-15	611	580
2979	3	3	21	2025-11-15	644	625
2980	3	4	21	2025-11-15	692	645
2981	4	13	104	2025-11-15	329	323
2982	4	14	104	2025-11-15	282	262
2983	1	1	21	2025-11-17	956	910
2984	1	2	21	2025-11-17	935	875
2985	1	8	78	2025-11-17	1415	1354
2986	2	10	132	2025-11-17	2095	1992
2987	2	11	51	2025-11-17	881	874
2988	3	3	21	2025-11-17	751	715
2989	3	4	21	2025-11-17	587	548
2990	3	5	21	2025-11-17	604	587
2991	3	6	21	2025-11-17	520	489
2992	4	13	104	2025-11-17	319	299
2993	4	14	104	2025-11-17	247	240
2994	1	1	21	2025-11-18	934	884
2995	1	2	21	2025-11-18	1037	1015
2996	1	8	78	2025-11-18	1347	1308
2997	2	11	51	2025-11-18	750	718
2998	3	5	21	2025-11-18	603	577
2999	3	6	21	2025-11-18	495	488
3000	4	13	105	2025-11-18	329	311
3001	4	14	105	2025-11-18	249	245
3002	1	1	21	2025-11-19	1001	941
3003	1	2	21	2025-11-19	1014	954
3004	2	11	51	2025-11-19	790	748
3005	3	3	21	2025-11-19	757	712
3006	3	4	21	2025-11-19	697	687
3007	3	5	21	2025-11-19	676	675
3008	3	6	21	2025-11-19	589	555
3009	4	13	105	2025-11-19	373	364
3010	4	14	105	2025-11-19	280	273
3011	1	1	21	2025-11-20	1071	1008
3012	1	2	21	2025-11-20	921	896
3013	1	7	78	2025-11-20	1758	1668
3014	2	9	132	2025-11-20	2561	2532
3015	2	11	51	2025-11-20	850	791
3016	3	3	21	2025-11-20	642	614
3017	3	4	21	2025-11-20	659	616
3018	3	5	21	2025-11-20	656	644
3019	4	13	105	2025-11-20	335	331
3020	4	14	105	2025-11-20	277	259
3021	1	1	21	2025-11-21	1031	1018
3022	1	2	21	2025-11-21	899	843
3023	1	7	78	2025-11-21	1747	1679
3024	1	8	78	2025-11-21	1616	1555
3025	2	9	132	2025-11-21	2343	2212
3026	2	10	132	2025-11-21	2252	2221
3027	2	11	51	2025-11-21	869	851
3028	3	3	21	2025-11-21	641	602
3029	3	4	21	2025-11-21	684	654
3030	3	5	21	2025-11-21	602	597
3031	4	13	105	2025-11-21	353	329
3032	4	14	105	2025-11-21	253	251
3033	1	7	78	2025-11-22	1658	1609
3034	1	8	78	2025-11-22	1444	1372
3035	2	9	132	2025-11-22	2397	2349
3036	2	11	51	2025-11-22	789	749
3037	2	12	51	2025-11-22	621	608
3038	3	3	21	2025-11-22	743	730
3039	3	4	21	2025-11-22	613	595
3040	3	5	21	2025-11-22	625	586
3041	3	6	21	2025-11-22	579	569
3042	4	13	105	2025-11-22	346	331
3043	4	14	105	2025-11-22	265	255
3044	1	1	21	2025-11-24	1132	1069
3045	1	2	21	2025-11-24	1036	1032
3046	1	7	78	2025-11-24	1607	1539
3047	1	8	78	2025-11-24	1347	1336
3048	2	9	132	2025-11-24	2562	2415
3049	2	10	132	2025-11-24	2443	2393
3050	2	11	52	2025-11-24	876	831
3051	2	12	52	2025-11-24	649	641
3052	3	3	21	2025-11-24	745	696
3053	3	4	21	2025-11-24	589	553
3054	3	5	21	2025-11-24	648	622
3055	3	6	21	2025-11-24	511	477
3056	4	13	105	2025-11-24	368	365
3057	4	14	105	2025-11-24	301	286
3058	1	1	21	2025-11-25	1040	1036
3059	1	7	78	2025-11-25	1654	1644
3060	1	8	78	2025-11-25	1537	1498
3061	2	9	132	2025-11-25	2371	2225
3062	2	10	132	2025-11-25	2482	2436
3063	2	11	52	2025-11-25	833	790
3064	2	12	52	2025-11-25	678	642
3065	3	4	21	2025-11-25	634	625
3066	3	5	21	2025-11-25	605	575
3067	3	6	21	2025-11-25	496	480
3068	4	14	105	2025-11-25	258	247
3069	1	1	21	2025-11-26	941	909
3070	1	2	21	2025-11-26	944	920
3071	1	7	79	2025-11-26	1857	1816
3072	1	8	79	2025-11-26	1632	1619
3073	2	9	132	2025-11-26	2547	2426
3074	2	10	132	2025-11-26	2184	2111
3075	2	11	52	2025-11-26	842	799
3076	2	12	52	2025-11-26	701	669
3077	3	3	21	2025-11-26	776	762
3078	3	4	21	2025-11-26	673	666
3079	4	13	105	2025-11-26	354	344
3080	4	14	105	2025-11-26	270	260
3081	1	8	79	2025-11-27	1395	1365
3082	2	9	132	2025-11-27	2359	2268
3083	2	10	132	2025-11-27	2349	2276
3084	2	11	52	2025-11-27	737	715
3085	2	12	52	2025-11-27	592	576
3086	3	3	21	2025-11-27	651	614
3087	3	5	21	2025-11-27	566	558
3088	3	6	21	2025-11-27	564	524
3089	4	13	105	2025-11-27	316	297
3090	1	1	21	2025-11-28	959	949
3091	1	2	21	2025-11-28	997	976
3092	1	7	79	2025-11-28	1787	1662
3093	1	8	79	2025-11-28	1351	1336
3094	2	9	132	2025-11-28	2574	2464
3095	2	10	132	2025-11-28	2296	2194
3096	2	11	52	2025-11-28	725	679
3097	2	12	52	2025-11-28	623	610
3098	3	3	21	2025-11-28	666	627
3099	3	4	21	2025-11-28	593	577
3100	3	5	21	2025-11-28	594	564
3101	3	6	21	2025-11-28	596	558
3102	4	13	105	2025-11-28	332	327
3103	4	14	105	2025-11-28	290	272
3104	1	1	21	2025-11-29	1039	1003
3105	1	2	21	2025-11-29	902	857
3106	1	7	79	2025-11-29	1575	1507
3107	1	8	79	2025-11-29	1634	1606
3108	2	9	133	2025-11-29	2486	2452
3109	2	11	52	2025-11-29	758	749
3110	3	3	21	2025-11-29	711	685
3111	3	4	21	2025-11-29	676	664
3112	3	5	21	2025-11-29	636	620
3113	3	6	21	2025-11-29	575	559
3114	4	13	105	2025-11-29	341	320
3115	4	14	105	2025-11-29	297	292
3116	1	1	24	2025-12-01	997	981
3117	1	2	24	2025-12-01	855	820
3118	1	8	79	2025-12-01	1271	1222
3119	2	9	133	2025-12-01	2083	2082
3120	2	10	133	2025-12-01	1861	1831
3121	2	11	52	2025-12-01	748	744
3122	2	12	52	2025-12-01	615	600
3123	3	3	24	2025-12-01	566	554
3124	3	4	24	2025-12-01	555	530
3125	3	5	24	2025-12-01	513	497
3126	3	6	24	2025-12-01	464	452
3127	4	13	105	2025-12-01	273	260
3128	1	1	24	2025-12-02	851	837
3129	1	2	24	2025-12-02	929	880
3130	1	8	79	2025-12-02	1185	1124
3131	2	9	133	2025-12-02	2073	2059
3132	2	10	133	2025-12-02	1854	1840
3133	2	11	52	2025-12-02	737	727
3134	2	12	52	2025-12-02	620	601
3135	3	3	24	2025-12-02	594	564
3136	3	4	24	2025-12-02	571	536
3137	3	5	24	2025-12-02	521	503
3138	3	6	24	2025-12-02	476	470
3139	4	13	105	2025-12-02	296	281
3140	4	14	105	2025-12-02	255	240
3141	1	1	24	2025-12-03	955	950
3142	1	2	24	2025-12-03	801	768
3143	1	8	79	2025-12-03	1439	1384
3144	2	9	133	2025-12-03	2231	2078
3145	2	10	133	2025-12-03	2121	2073
3146	2	11	52	2025-12-03	748	742
3147	2	12	52	2025-12-03	587	575
3148	3	3	24	2025-12-03	670	646
3149	3	5	24	2025-12-03	511	494
3150	3	6	24	2025-12-03	455	431
3151	4	13	105	2025-12-03	314	295
3152	4	14	105	2025-12-03	258	242
3153	1	1	24	2025-12-04	880	856
3154	1	2	24	2025-12-04	787	742
3155	1	7	79	2025-12-04	1453	1387
3156	2	9	133	2025-12-04	2351	2307
3157	2	10	133	2025-12-04	2167	2161
3158	2	11	52	2025-12-04	650	623
3159	3	3	24	2025-12-04	615	609
3160	3	4	24	2025-12-04	563	562
3161	3	5	24	2025-12-04	592	566
3162	3	6	24	2025-12-04	457	437
3163	4	14	105	2025-12-04	226	210
3164	1	2	24	2025-12-05	820	775
3165	1	7	79	2025-12-05	1575	1547
3166	1	8	79	2025-12-05	1379	1368
3167	2	9	133	2025-12-05	2082	2081
3168	2	10	133	2025-12-05	2070	1963
3169	2	11	52	2025-12-05	679	647
3170	2	12	52	2025-12-05	545	535
3171	3	3	24	2025-12-05	627	604
3172	3	4	24	2025-12-05	608	599
3173	3	5	24	2025-12-05	573	555
3174	4	14	105	2025-12-05	266	248
3175	1	1	24	2025-12-06	850	848
3176	1	2	24	2025-12-06	910	864
3177	1	7	79	2025-12-06	1489	1445
3178	1	8	79	2025-12-06	1427	1388
3179	2	9	133	2025-12-06	2157	2152
3180	2	10	133	2025-12-06	1898	1775
3181	2	11	52	2025-12-06	734	717
3182	2	12	52	2025-12-06	518	497
3183	3	3	24	2025-12-06	642	632
3184	3	4	24	2025-12-06	614	600
3185	3	5	24	2025-12-06	599	598
3186	4	13	105	2025-12-06	280	272
3187	4	14	105	2025-12-06	266	256
3188	1	1	24	2025-12-08	986	926
3189	1	2	24	2025-12-08	891	875
3190	1	7	79	2025-12-08	1590	1490
3191	1	8	79	2025-12-08	1263	1215
3192	2	9	133	2025-12-08	2267	2127
3193	2	10	133	2025-12-08	2169	2138
3194	2	12	52	2025-12-08	576	554
3195	3	3	24	2025-12-08	644	605
3196	3	4	24	2025-12-08	546	538
3197	3	5	24	2025-12-08	527	507
3198	4	13	105	2025-12-08	278	261
3199	1	1	24	2025-12-09	921	899
3200	1	2	24	2025-12-09	862	852
3201	1	7	79	2025-12-09	1505	1495
3202	1	8	79	2025-12-09	1405	1391
3203	2	10	133	2025-12-09	2117	2009
3204	2	11	52	2025-12-09	755	739
3205	2	12	52	2025-12-09	540	503
3206	3	3	24	2025-12-09	677	667
3207	3	4	24	2025-12-09	587	549
3208	3	5	24	2025-12-09	572	571
3209	3	6	24	2025-12-09	484	478
3210	4	13	105	2025-12-09	320	314
3211	4	14	105	2025-12-09	230	227
3212	1	1	24	2025-12-10	953	935
3213	1	2	24	2025-12-10	865	813
3214	2	9	133	2025-12-10	2214	2180
3215	2	10	133	2025-12-10	2142	2088
3216	2	11	52	2025-12-10	660	631
3217	2	12	52	2025-12-10	529	512
3218	3	3	24	2025-12-10	630	607
3219	3	4	24	2025-12-10	605	584
3220	4	13	106	2025-12-10	304	295
3221	4	14	106	2025-12-10	243	236
3222	1	2	24	2025-12-11	777	739
3223	1	7	79	2025-12-11	1518	1460
3224	1	8	79	2025-12-11	1259	1210
3225	2	9	133	2025-12-11	2093	1993
3226	2	10	133	2025-12-11	2175	2056
3227	2	11	52	2025-12-11	659	656
3228	3	3	24	2025-12-11	635	618
3229	3	4	24	2025-12-11	568	549
3230	3	5	24	2025-12-11	511	507
3231	3	6	24	2025-12-11	448	429
3232	4	13	106	2025-12-11	324	302
3233	4	14	106	2025-12-11	235	220
3234	1	1	24	2025-12-12	995	927
3235	1	2	24	2025-12-12	821	818
3236	1	7	79	2025-12-12	1480	1443
3237	1	8	79	2025-12-12	1225	1206
3238	2	9	133	2025-12-12	2432	2361
3239	2	10	133	2025-12-12	1839	1804
3240	2	12	52	2025-12-12	615	592
3241	3	3	24	2025-12-12	616	591
3242	3	4	24	2025-12-12	612	597
3243	3	6	24	2025-12-12	517	503
3244	4	13	106	2025-12-12	301	291
3245	4	14	106	2025-12-12	236	235
3246	1	2	24	2025-12-13	839	823
3247	1	7	79	2025-12-13	1619	1511
3248	1	8	79	2025-12-13	1251	1210
3249	2	9	133	2025-12-13	2421	2369
3250	2	10	133	2025-12-13	1974	1957
3251	2	11	52	2025-12-13	694	668
3252	2	12	52	2025-12-13	531	500
3253	3	4	24	2025-12-13	514	501
3254	3	5	24	2025-12-13	567	544
3255	3	6	24	2025-12-13	518	503
3256	4	13	106	2025-12-13	286	282
3257	1	1	25	2025-12-15	923	899
3258	1	2	25	2025-12-15	843	827
3259	1	7	79	2025-12-15	1544	1487
3260	1	8	79	2025-12-15	1303	1221
3261	2	10	133	2025-12-15	1928	1857
3262	2	11	52	2025-12-15	763	740
3263	2	12	52	2025-12-15	521	511
3264	3	4	25	2025-12-15	522	495
3265	3	5	25	2025-12-15	498	475
3266	3	6	25	2025-12-15	497	491
3267	4	13	106	2025-12-15	281	276
3268	4	14	106	2025-12-15	227	224
3269	1	1	25	2025-12-16	990	960
3270	1	2	25	2025-12-16	791	744
3271	1	8	80	2025-12-16	1373	1351
3272	2	9	133	2025-12-16	2307	2158
3273	2	10	133	2025-12-16	1956	1868
3274	2	11	52	2025-12-16	725	703
3275	2	12	52	2025-12-16	565	557
3276	3	3	25	2025-12-16	567	528
3277	4	13	106	2025-12-16	293	273
3278	1	2	25	2025-12-17	796	794
3279	2	9	133	2025-12-17	2201	2085
3280	2	10	133	2025-12-17	2205	2133
3281	2	11	53	2025-12-17	640	630
3282	2	12	53	2025-12-17	559	526
3283	3	3	25	2025-12-17	590	583
3284	3	4	25	2025-12-17	569	535
3285	3	5	25	2025-12-17	552	516
3286	3	6	25	2025-12-17	481	469
3287	4	13	106	2025-12-17	292	272
3288	1	1	25	2025-12-18	939	879
3289	1	2	25	2025-12-18	855	850
3290	1	7	80	2025-12-18	1402	1319
3291	2	9	133	2025-12-18	2104	2013
3292	2	10	133	2025-12-18	1897	1782
3293	2	11	53	2025-12-18	708	665
3294	2	12	53	2025-12-18	548	524
3295	3	3	25	2025-12-18	641	603
3296	3	4	25	2025-12-18	540	529
3297	3	5	25	2025-12-18	534	505
3298	3	6	25	2025-12-18	438	435
3299	4	13	106	2025-12-18	277	267
3300	1	8	80	2025-12-19	1337	1251
3301	2	10	134	2025-12-19	2021	1951
3302	2	12	53	2025-12-19	513	508
3303	3	3	25	2025-12-19	636	605
3304	3	4	25	2025-12-19	531	525
3305	3	5	25	2025-12-19	540	534
3306	3	6	25	2025-12-19	465	450
3307	4	14	106	2025-12-19	226	224
3308	1	7	80	2025-12-20	1372	1288
3309	1	8	80	2025-12-20	1412	1382
3310	2	9	134	2025-12-20	2180	2073
3311	2	11	53	2025-12-20	676	663
3312	2	12	53	2025-12-20	523	513
3313	3	3	25	2025-12-20	627	586
3314	3	6	25	2025-12-20	488	476
3315	4	14	106	2025-12-20	229	216
3316	1	1	25	2025-12-22	852	829
3317	1	2	25	2025-12-22	840	836
3318	1	7	80	2025-12-22	1475	1419
3319	1	8	80	2025-12-22	1393	1328
3320	2	9	134	2025-12-22	2057	1986
3321	2	10	134	2025-12-22	1994	1859
3322	2	11	53	2025-12-22	752	704
3323	2	12	53	2025-12-22	565	545
3324	3	3	25	2025-12-22	606	574
3325	3	4	25	2025-12-22	571	560
3326	3	5	25	2025-12-22	600	595
3327	3	6	25	2025-12-22	519	490
3328	4	13	106	2025-12-22	325	323
3329	1	1	25	2025-12-23	948	919
3330	1	2	25	2025-12-23	789	786
3331	1	7	80	2025-12-23	1502	1495
3332	1	8	80	2025-12-23	1271	1244
3333	2	9	134	2025-12-23	2399	2361
3334	2	10	134	2025-12-23	2055	1980
3335	3	3	25	2025-12-23	636	632
3336	3	6	25	2025-12-23	510	480
3337	4	13	106	2025-12-23	309	303
3338	4	14	106	2025-12-23	252	245
3339	1	1	25	2025-12-24	906	860
3340	1	2	25	2025-12-24	814	784
3341	1	7	80	2025-12-24	1395	1362
3342	2	9	134	2025-12-24	2037	1972
3343	2	11	53	2025-12-24	699	695
3344	2	12	53	2025-12-24	533	514
3345	3	3	25	2025-12-24	566	530
3346	3	4	25	2025-12-24	589	576
3347	3	5	25	2025-12-24	494	488
3348	3	6	25	2025-12-24	514	504
3349	4	13	106	2025-12-24	327	317
3350	4	14	106	2025-12-24	244	238
3351	1	2	25	2025-12-26	799	750
3352	1	7	80	2025-12-26	1568	1548
3353	1	8	80	2025-12-26	1441	1356
3354	2	9	134	2025-12-26	2330	2292
3355	2	12	53	2025-12-26	563	533
3356	3	3	25	2025-12-26	604	603
3357	3	4	25	2025-12-26	571	534
3358	3	5	25	2025-12-26	600	558
3359	3	6	25	2025-12-26	527	515
3360	4	13	106	2025-12-26	283	277
3361	4	14	106	2025-12-26	236	221
3362	1	1	25	2025-12-27	875	823
3363	1	2	25	2025-12-27	889	839
3364	1	7	80	2025-12-27	1416	1354
3365	2	9	134	2025-12-27	2371	2224
3366	2	10	134	2025-12-27	1859	1843
3367	2	11	53	2025-12-27	642	622
3368	3	4	25	2025-12-27	535	508
3369	3	5	25	2025-12-27	594	564
3370	3	6	25	2025-12-27	531	520
3371	4	13	106	2025-12-27	304	293
3372	4	14	106	2025-12-27	223	209
3373	1	2	25	2025-12-29	832	773
3374	1	7	80	2025-12-29	1411	1344
3375	1	8	80	2025-12-29	1363	1290
3376	2	10	134	2025-12-29	1890	1827
3377	2	11	53	2025-12-29	766	739
3378	2	12	53	2025-12-29	590	555
3379	3	3	25	2025-12-29	582	578
3380	3	4	25	2025-12-29	553	533
3381	3	5	25	2025-12-29	549	527
3382	3	6	25	2025-12-29	466	449
3383	4	13	106	2025-12-29	279	275
3384	4	14	106	2025-12-29	221	211
3385	1	1	26	2025-12-30	920	887
3386	1	2	26	2025-12-30	937	920
3387	1	8	80	2025-12-30	1216	1158
3388	2	9	134	2025-12-30	2041	1958
3389	2	10	134	2025-12-30	1958	1831
3390	2	11	53	2025-12-30	698	682
3391	2	12	53	2025-12-30	528	524
3392	3	3	26	2025-12-30	602	589
3393	3	4	26	2025-12-30	565	548
3394	3	5	26	2025-12-30	515	503
3395	3	6	26	2025-12-30	504	478
3396	4	14	106	2025-12-30	252	243
3397	1	1	26	2025-12-31	886	843
3398	1	2	26	2025-12-31	812	772
3399	1	7	80	2025-12-31	1564	1563
3400	1	8	80	2025-12-31	1309	1234
3401	2	9	134	2025-12-31	2022	1928
3402	2	10	134	2025-12-31	2171	2166
3403	2	11	53	2025-12-31	720	714
3404	2	12	53	2025-12-31	512	498
3405	3	3	26	2025-12-31	676	642
3406	3	4	26	2025-12-31	613	602
3407	3	6	26	2025-12-31	471	462
3408	4	14	106	2025-12-31	264	250
3409	1	1	26	2026-01-02	999	965
3410	1	2	26	2026-01-02	825	774
3411	1	8	80	2026-01-02	1342	1339
3412	2	9	134	2026-01-02	2429	2330
3413	2	10	134	2026-01-02	2225	2145
3414	2	12	53	2026-01-02	583	554
3415	3	4	26	2026-01-02	596	583
3416	3	6	26	2026-01-02	515	498
3417	4	13	107	2026-01-02	302	288
3418	4	14	107	2026-01-02	265	251
3419	1	1	26	2026-01-03	891	831
3420	1	7	80	2026-01-03	1640	1530
3421	1	8	80	2026-01-03	1279	1227
3422	2	10	134	2026-01-03	2340	2202
3423	2	11	53	2026-01-03	739	733
3424	2	12	53	2026-01-03	621	602
3425	3	3	26	2026-01-03	649	639
3426	3	4	26	2026-01-03	547	526
3427	3	5	26	2026-01-03	566	550
3428	3	6	26	2026-01-03	477	464
3429	4	13	107	2026-01-03	289	277
3430	4	14	107	2026-01-03	280	263
3431	1	2	26	2026-01-05	867	826
3432	1	7	81	2026-01-05	1488	1486
3433	2	9	134	2026-01-05	2449	2389
3434	2	11	53	2026-01-05	722	672
3435	2	12	53	2026-01-05	638	630
3436	3	3	26	2026-01-05	650	627
3437	3	5	26	2026-01-05	606	569
3438	4	13	107	2026-01-05	323	310
3439	4	14	107	2026-01-05	239	224
3440	1	2	26	2026-01-06	971	915
3441	1	8	81	2026-01-06	1462	1371
3442	2	9	134	2026-01-06	2553	2514
3443	2	10	134	2026-01-06	2135	2067
3444	2	11	53	2026-01-06	721	705
3445	2	12	53	2026-01-06	574	544
3446	3	3	26	2026-01-06	710	668
3447	3	5	26	2026-01-06	635	594
3448	3	6	26	2026-01-06	490	481
3449	4	13	107	2026-01-06	292	289
3450	4	14	107	2026-01-06	263	253
3451	1	1	26	2026-01-07	991	962
3452	1	2	26	2026-01-07	889	876
3453	1	7	81	2026-01-07	1731	1702
3454	1	8	81	2026-01-07	1402	1337
3455	2	9	134	2026-01-07	2160	2149
3456	2	10	134	2026-01-07	2050	2025
3457	2	11	53	2026-01-07	682	678
3458	2	12	53	2026-01-07	570	539
3459	3	5	26	2026-01-07	578	544
3460	3	6	26	2026-01-07	562	534
3461	4	14	107	2026-01-07	276	272
3462	1	1	26	2026-01-08	1043	997
3463	1	2	26	2026-01-08	904	895
3464	1	7	81	2026-01-08	1720	1618
3465	1	8	81	2026-01-08	1308	1236
3466	2	9	135	2026-01-08	2567	2390
3467	2	10	135	2026-01-08	2240	2190
3468	2	12	53	2026-01-08	650	617
3469	3	3	26	2026-01-08	704	681
3470	3	4	26	2026-01-08	619	607
3471	3	5	26	2026-01-08	574	536
3472	4	13	107	2026-01-08	351	335
3473	4	14	107	2026-01-08	282	278
3474	1	2	26	2026-01-09	830	772
3475	1	7	81	2026-01-09	1536	1460
3476	1	8	81	2026-01-09	1272	1190
3477	2	9	135	2026-01-09	2402	2385
3478	2	10	135	2026-01-09	1939	1913
3479	2	11	53	2026-01-09	685	656
3480	2	12	53	2026-01-09	644	621
3481	3	3	26	2026-01-09	598	579
3482	3	4	26	2026-01-09	589	549
3483	3	5	26	2026-01-09	575	567
3484	3	6	26	2026-01-09	549	528
3485	4	13	107	2026-01-09	308	288
3486	4	14	107	2026-01-09	282	267
3487	1	1	26	2026-01-10	893	833
3488	1	2	26	2026-01-10	985	961
3489	1	7	81	2026-01-10	1731	1623
3490	2	10	135	2026-01-10	2279	2222
3491	2	12	54	2026-01-10	649	614
3492	3	5	26	2026-01-10	615	612
3493	3	6	26	2026-01-10	491	474
3494	4	13	107	2026-01-10	343	327
3495	1	1	26	2026-01-12	889	863
3496	1	2	26	2026-01-12	913	900
3497	2	9	135	2026-01-12	2232	2173
3498	2	11	54	2026-01-12	775	731
3499	2	12	54	2026-01-12	593	583
3500	3	3	26	2026-01-12	659	619
3501	3	4	26	2026-01-12	545	521
3502	3	5	26	2026-01-12	532	531
3503	3	6	26	2026-01-12	475	449
3504	4	13	107	2026-01-12	323	309
3505	4	14	107	2026-01-12	244	243
3506	1	1	26	2026-01-13	969	964
3507	1	2	26	2026-01-13	956	954
3508	1	7	81	2026-01-13	1755	1707
3509	1	8	81	2026-01-13	1261	1242
3510	2	10	135	2026-01-13	2260	2107
3511	2	11	54	2026-01-13	680	644
3512	2	12	54	2026-01-13	608	577
3513	3	3	26	2026-01-13	728	724
3514	3	5	26	2026-01-13	608	600
3515	3	6	26	2026-01-13	463	435
3516	4	13	107	2026-01-13	353	343
3517	4	14	107	2026-01-13	232	221
3518	1	1	27	2026-01-14	965	946
3519	1	2	27	2026-01-14	954	942
3520	1	7	81	2026-01-14	1462	1389
3521	1	8	81	2026-01-14	1376	1289
3522	2	9	135	2026-01-14	2301	2180
3523	2	11	54	2026-01-14	708	687
3524	3	3	27	2026-01-14	716	679
3525	3	4	27	2026-01-14	541	511
3526	3	5	27	2026-01-14	599	575
3527	4	13	107	2026-01-14	302	301
3528	1	1	27	2026-01-15	1024	982
3529	1	2	27	2026-01-15	940	930
3530	1	7	81	2026-01-15	1684	1641
3531	1	8	81	2026-01-15	1387	1348
3532	2	9	135	2026-01-15	2295	2183
3533	2	11	54	2026-01-15	753	748
3534	2	12	54	2026-01-15	596	580
3535	3	3	27	2026-01-15	725	680
3536	3	4	27	2026-01-15	645	607
3537	3	5	27	2026-01-15	551	545
3538	4	13	107	2026-01-15	313	304
3539	4	14	107	2026-01-15	247	232
3540	1	1	27	2026-01-16	987	949
3541	1	2	27	2026-01-16	936	871
3542	1	7	81	2026-01-16	1549	1514
3543	1	8	81	2026-01-16	1514	1450
3544	2	9	135	2026-01-16	2472	2370
3545	2	10	135	2026-01-16	2209	2168
3546	2	11	54	2026-01-16	777	724
3547	2	12	54	2026-01-16	631	596
3548	3	3	27	2026-01-16	706	657
3549	3	4	27	2026-01-16	576	537
3550	3	5	27	2026-01-16	610	607
3551	3	6	27	2026-01-16	549	528
3552	4	13	107	2026-01-16	332	316
3553	1	1	27	2026-01-17	1032	990
3554	1	2	27	2026-01-17	934	869
3555	1	7	81	2026-01-17	1766	1648
3556	1	8	81	2026-01-17	1294	1293
3557	2	9	135	2026-01-17	2247	2151
3558	2	10	135	2026-01-17	2173	2127
3559	2	12	54	2026-01-17	574	555
3560	3	3	27	2026-01-17	648	631
3561	3	4	27	2026-01-17	561	554
3562	3	5	27	2026-01-17	595	564
3563	3	6	27	2026-01-17	536	509
3564	4	13	107	2026-01-17	318	307
3565	4	14	107	2026-01-17	254	237
3566	1	1	27	2026-01-19	959	956
3567	1	2	27	2026-01-19	930	894
3568	1	7	81	2026-01-19	1541	1512
3569	1	8	81	2026-01-19	1392	1318
3570	2	9	135	2026-01-19	2421	2342
3571	2	10	135	2026-01-19	2348	2260
3572	2	11	54	2026-01-19	740	696
3573	2	12	54	2026-01-19	548	514
3574	3	4	27	2026-01-19	571	543
3575	3	5	27	2026-01-19	596	583
3576	3	6	27	2026-01-19	523	498
3577	4	13	107	2026-01-19	325	319
3578	4	14	107	2026-01-19	270	268
3579	1	1	27	2026-01-20	1025	955
3580	1	2	27	2026-01-20	945	902
3581	1	7	81	2026-01-20	1568	1509
3582	1	8	81	2026-01-20	1424	1382
3583	2	10	135	2026-01-20	2091	1953
3584	2	11	54	2026-01-20	745	709
3585	2	12	54	2026-01-20	587	564
3586	3	3	27	2026-01-20	729	723
3587	3	5	27	2026-01-20	629	589
3588	3	6	27	2026-01-20	484	483
3589	4	13	107	2026-01-20	313	305
3590	4	14	107	2026-01-20	260	251
3591	1	2	27	2026-01-21	837	779
3592	1	7	81	2026-01-21	1584	1581
3593	1	8	81	2026-01-21	1391	1377
3594	2	9	135	2026-01-21	2555	2516
3595	2	10	135	2026-01-21	1971	1964
3596	2	11	54	2026-01-21	708	681
3597	3	4	27	2026-01-21	557	533
3598	3	5	27	2026-01-21	593	563
3599	4	14	107	2026-01-21	255	242
3600	1	8	81	2026-01-22	1373	1288
3601	2	9	135	2026-01-22	2414	2272
3602	2	10	135	2026-01-22	2176	2115
3603	2	11	54	2026-01-22	811	759
3604	2	12	54	2026-01-22	565	559
3605	3	3	27	2026-01-22	631	618
3606	3	4	27	2026-01-22	610	608
3607	3	5	27	2026-01-22	586	549
3608	3	6	27	2026-01-22	542	520
3609	4	13	107	2026-01-22	349	332
3610	4	14	107	2026-01-22	274	256
3611	1	1	27	2026-01-23	885	830
3612	1	2	27	2026-01-23	981	936
3613	1	7	81	2026-01-23	1599	1489
3614	1	8	81	2026-01-23	1353	1337
3615	2	12	54	2026-01-23	606	594
3616	3	3	27	2026-01-23	631	618
3617	3	5	27	2026-01-23	556	544
3618	3	6	27	2026-01-23	469	466
3619	4	13	107	2026-01-23	289	271
3620	4	14	107	2026-01-23	262	253
3621	1	1	27	2026-01-24	870	858
3622	1	7	81	2026-01-24	1514	1476
3623	1	8	81	2026-01-24	1480	1395
3624	2	11	54	2026-01-24	759	713
3625	3	4	27	2026-01-24	600	594
3626	3	6	27	2026-01-24	526	512
3627	4	14	107	2026-01-24	266	250
3628	1	2	27	2026-01-26	842	830
3629	1	7	81	2026-01-26	1459	1383
3630	1	8	81	2026-01-26	1336	1306
3631	2	9	135	2026-01-26	2509	2448
3632	2	11	54	2026-01-26	764	730
3633	2	12	54	2026-01-26	649	620
3634	3	4	27	2026-01-26	561	555
3635	3	5	27	2026-01-26	562	533
3636	3	6	27	2026-01-26	496	483
3637	4	13	107	2026-01-26	305	287
3638	1	1	27	2026-01-27	945	910
3639	1	7	81	2026-01-27	1471	1388
3640	1	8	81	2026-01-27	1506	1484
3641	2	9	135	2026-01-27	2312	2259
3642	2	10	135	2026-01-27	2048	1959
3643	2	11	54	2026-01-27	709	697
3644	2	12	54	2026-01-27	627	585
3645	3	3	27	2026-01-27	617	609
3646	4	13	107	2026-01-27	294	281
3647	4	14	107	2026-01-27	281	280
3648	1	1	27	2026-01-28	966	902
3649	1	2	27	2026-01-28	847	792
3650	1	8	81	2026-01-28	1358	1274
3651	2	9	135	2026-01-28	2545	2537
3652	2	10	135	2026-01-28	2068	1955
3653	2	11	54	2026-01-28	816	807
3654	2	12	54	2026-01-28	551	541
3655	3	4	27	2026-01-28	605	577
3656	4	13	107	2026-01-28	353	345
3657	4	14	107	2026-01-28	259	250
3658	1	1	28	2026-01-29	1020	966
3659	1	2	28	2026-01-29	951	901
3660	1	7	81	2026-01-29	1527	1490
3661	2	9	135	2026-01-29	2593	2522
3662	3	3	28	2026-01-29	607	575
3663	3	4	28	2026-01-29	655	652
3664	3	5	28	2026-01-29	561	528
3665	3	6	28	2026-01-29	507	480
3666	4	13	107	2026-01-29	310	292
3667	1	1	28	2026-01-30	898	889
3668	1	2	28	2026-01-30	903	873
3669	1	7	81	2026-01-30	1702	1611
3670	2	9	135	2026-01-30	2508	2400
3671	2	10	135	2026-01-30	2307	2224
3672	2	11	54	2026-01-30	769	753
3673	2	12	54	2026-01-30	600	584
3674	3	3	28	2026-01-30	659	636
3675	3	4	28	2026-01-30	626	598
3676	3	5	28	2026-01-30	607	600
3677	4	14	107	2026-01-30	234	218
3678	1	1	28	2026-01-31	1017	968
3679	1	2	28	2026-01-31	989	934
3680	1	7	81	2026-01-31	1660	1638
3681	2	9	135	2026-01-31	2325	2310
3682	2	10	135	2026-01-31	2217	2130
3683	2	11	54	2026-01-31	808	793
3684	2	12	54	2026-01-31	583	571
3685	3	3	28	2026-01-31	713	687
3686	3	5	28	2026-01-31	564	542
3687	3	6	28	2026-01-31	511	489
3688	4	13	107	2026-01-31	326	314
3689	4	14	107	2026-01-31	246	245
3690	1	1	28	2026-02-02	780	776
3691	1	2	28	2026-02-02	832	784
3692	1	8	81	2026-02-02	1176	1127
3693	2	9	135	2026-02-02	1960	1846
3694	2	10	135	2026-02-02	1882	1767
3695	2	11	54	2026-02-02	644	623
3696	2	12	54	2026-02-02	498	472
3697	3	3	28	2026-02-02	575	545
3698	3	4	28	2026-02-02	466	446
3699	3	5	28	2026-02-02	477	470
3700	3	6	28	2026-02-02	414	393
3701	4	13	107	2026-02-02	290	285
3702	4	14	107	2026-02-02	207	206
3703	1	7	81	2026-02-03	1377	1340
3704	1	8	81	2026-02-03	1200	1190
3705	2	9	135	2026-02-03	1839	1813
3706	2	10	135	2026-02-03	1971	1927
3707	2	11	55	2026-02-03	652	635
3708	2	12	55	2026-02-03	482	452
3709	3	3	28	2026-02-03	623	585
3710	3	4	28	2026-02-03	465	433
3711	3	5	28	2026-02-03	472	464
3712	4	13	107	2026-02-03	284	270
3713	4	14	107	2026-02-03	200	193
3714	1	1	28	2026-02-04	874	863
3715	1	7	81	2026-02-04	1438	1361
3716	1	8	81	2026-02-04	1131	1119
3717	2	9	135	2026-02-04	1883	1851
3718	2	11	55	2026-02-04	614	578
3719	2	12	55	2026-02-04	500	465
3720	3	3	28	2026-02-04	594	553
3721	3	4	28	2026-02-04	504	494
3722	3	5	28	2026-02-04	480	469
3723	3	6	28	2026-02-04	473	462
3724	4	13	107	2026-02-04	288	280
3725	4	14	107	2026-02-04	200	187
3726	1	1	28	2026-02-05	789	785
3727	1	2	28	2026-02-05	855	830
3728	1	7	81	2026-02-05	1322	1307
3729	1	8	81	2026-02-05	1101	1024
3730	2	9	135	2026-02-05	1966	1841
3731	2	10	135	2026-02-05	1848	1798
3732	2	11	55	2026-02-05	660	618
3733	2	12	55	2026-02-05	524	502
3734	3	4	28	2026-02-05	483	482
3735	3	5	28	2026-02-05	469	466
3736	3	6	28	2026-02-05	448	418
3737	4	13	107	2026-02-05	264	245
3738	4	14	107	2026-02-05	213	199
3739	1	1	28	2026-02-06	871	866
3740	1	2	28	2026-02-06	801	778
3741	1	7	81	2026-02-06	1450	1439
3742	1	8	81	2026-02-06	1255	1252
3743	2	9	135	2026-02-06	2005	2000
3744	2	10	135	2026-02-06	1922	1810
3745	2	11	55	2026-02-06	600	577
3746	2	12	55	2026-02-06	538	506
3747	3	3	28	2026-02-06	561	546
3748	3	4	28	2026-02-06	507	472
3749	3	5	28	2026-02-06	541	533
3750	3	6	28	2026-02-06	446	436
3751	4	13	107	2026-02-06	272	262
3752	4	14	107	2026-02-06	201	189
3753	1	1	28	2026-02-07	770	768
3754	1	2	28	2026-02-07	745	693
3755	1	7	81	2026-02-07	1369	1276
3756	1	8	81	2026-02-07	1236	1235
3757	2	9	135	2026-02-07	1830	1810
3758	2	10	135	2026-02-07	1862	1829
3759	2	11	55	2026-02-07	672	654
3760	3	3	28	2026-02-07	514	481
3761	3	4	28	2026-02-07	515	509
3762	3	5	28	2026-02-07	458	457
3763	4	13	107	2026-02-07	284	283
3764	1	1	28	2026-02-09	812	777
3765	1	2	28	2026-02-09	819	774
3766	1	7	81	2026-02-09	1360	1348
3767	1	8	81	2026-02-09	1194	1167
3768	2	9	135	2026-02-09	2103	2043
3769	2	10	135	2026-02-09	1824	1800
3770	2	12	55	2026-02-09	484	450
3771	3	3	28	2026-02-09	623	598
3772	3	4	28	2026-02-09	465	451
3773	3	6	28	2026-02-09	411	395
3774	4	13	107	2026-02-09	288	279
3775	4	14	107	2026-02-09	227	224
3776	1	1	28	2026-02-10	793	754
3777	1	2	28	2026-02-10	748	719
3778	1	8	81	2026-02-10	1229	1170
3779	2	9	135	2026-02-10	2185	2087
3780	2	10	135	2026-02-10	1819	1781
3781	2	11	55	2026-02-10	654	649
3782	2	12	55	2026-02-10	500	486
3783	3	4	28	2026-02-10	490	476
3784	3	5	28	2026-02-10	513	489
3785	4	13	107	2026-02-10	253	248
3786	4	14	107	2026-02-10	239	227
3787	1	2	28	2026-02-11	713	672
3788	1	8	81	2026-02-11	1203	1186
3789	2	10	135	2026-02-11	1998	1988
3790	2	11	55	2026-02-11	615	587
3791	2	12	55	2026-02-11	556	525
3792	3	3	28	2026-02-11	617	613
3793	3	4	28	2026-02-11	557	550
3794	3	6	28	2026-02-11	400	389
3795	4	13	107	2026-02-11	292	286
3796	4	14	107	2026-02-11	208	207
3797	1	8	81	2026-02-12	1083	1014
3798	2	10	135	2026-02-12	1974	1850
3799	2	11	55	2026-02-12	650	605
3800	2	12	55	2026-02-12	529	500
3801	3	3	28	2026-02-12	551	514
3802	3	4	28	2026-02-12	472	440
3803	3	5	28	2026-02-12	467	458
3804	3	6	28	2026-02-12	423	405
3805	4	13	107	2026-02-12	296	277
3806	4	14	107	2026-02-12	211	208
3807	1	2	29	2026-02-13	853	836
3808	1	7	81	2026-02-13	1440	1420
3809	1	8	81	2026-02-13	1299	1259
3810	2	9	135	2026-02-13	1846	1837
3811	2	10	135	2026-02-13	1990	1960
3812	2	11	55	2026-02-13	622	597
3813	2	12	55	2026-02-13	559	523
3814	3	3	29	2026-02-13	565	545
3815	3	4	29	2026-02-13	535	506
3816	3	5	29	2026-02-13	537	513
3817	4	13	107	2026-02-13	274	271
3818	4	14	107	2026-02-13	230	226
3819	1	1	29	2026-02-14	901	882
3820	1	7	83	2026-02-14	1357	1356
3821	2	9	135	2026-02-14	2019	1913
3822	2	10	135	2026-02-14	1853	1755
3823	2	11	55	2026-02-14	619	578
3824	2	12	55	2026-02-14	494	478
3825	3	3	29	2026-02-14	584	560
3826	3	4	29	2026-02-14	500	469
3827	3	6	29	2026-02-14	433	406
3828	4	14	109	2026-02-14	237	227
3829	1	7	83	2026-02-19	1355	1290
3830	1	8	83	2026-02-19	1253	1184
3831	2	9	137	2026-02-19	2124	2098
3832	2	10	137	2026-02-19	1986	1906
3833	2	11	55	2026-02-19	582	573
3834	2	12	55	2026-02-19	481	456
3835	3	3	29	2026-02-19	593	580
3836	3	5	29	2026-02-19	496	466
3837	3	6	29	2026-02-19	412	389
3838	4	13	109	2026-02-19	289	280
3839	1	1	29	2026-02-20	852	817
3840	1	2	29	2026-02-20	776	733
3841	1	7	83	2026-02-20	1403	1343
3842	1	8	83	2026-02-20	1145	1130
3843	2	9	137	2026-02-20	1905	1880
3844	2	10	137	2026-02-20	1789	1686
3845	2	11	55	2026-02-20	640	630
3846	2	12	55	2026-02-20	559	542
3847	3	3	29	2026-02-20	609	574
3848	3	4	29	2026-02-20	522	520
3849	3	5	29	2026-02-20	534	515
3850	3	6	29	2026-02-20	465	462
3851	4	13	109	2026-02-20	290	287
3852	4	14	109	2026-02-20	223	222
3853	1	1	29	2026-02-21	816	789
3854	1	2	29	2026-02-21	754	716
3855	1	7	83	2026-02-21	1241	1183
3856	1	8	83	2026-02-21	1132	1104
3857	2	9	137	2026-02-21	1927	1904
3858	2	10	137	2026-02-21	1676	1584
3859	2	11	55	2026-02-21	703	659
3860	2	12	55	2026-02-21	556	524
3861	3	4	29	2026-02-21	462	457
3862	3	5	29	2026-02-21	529	517
3863	3	6	29	2026-02-21	441	424
3864	4	13	109	2026-02-21	271	269
3865	4	14	109	2026-02-21	223	216
3866	1	1	29	2026-02-23	768	762
3867	1	2	29	2026-02-23	747	701
3868	1	7	83	2026-02-23	1372	1281
3869	2	9	137	2026-02-23	2116	2078
3870	2	10	137	2026-02-23	1890	1865
3871	2	11	55	2026-02-23	698	677
3872	2	12	55	2026-02-23	545	543
3873	3	3	29	2026-02-23	585	556
3874	3	4	29	2026-02-23	518	496
3875	3	5	29	2026-02-23	453	446
3876	4	14	109	2026-02-23	237	224
3877	1	1	29	2026-02-24	855	840
3878	1	2	29	2026-02-24	766	736
3879	1	7	83	2026-02-24	1368	1360
3880	1	8	83	2026-02-24	1275	1232
3881	2	9	137	2026-02-24	1862	1803
3882	2	11	55	2026-02-24	649	632
3883	3	3	29	2026-02-24	516	499
3884	3	4	29	2026-02-24	537	531
3885	3	5	29	2026-02-24	482	471
3886	4	14	109	2026-02-24	208	196
3887	1	2	29	2026-02-25	805	784
3888	1	7	83	2026-02-25	1264	1216
3889	1	8	83	2026-02-25	1196	1186
3890	2	9	137	2026-02-25	2154	2006
3891	2	10	137	2026-02-25	1892	1760
3892	2	11	55	2026-02-25	686	676
3893	2	12	55	2026-02-25	486	461
3894	3	3	29	2026-02-25	592	573
3895	3	4	29	2026-02-25	551	520
3896	3	5	29	2026-02-25	467	456
3897	3	6	29	2026-02-25	434	418
3898	4	13	109	2026-02-25	298	285
3899	4	14	109	2026-02-25	238	224
3900	1	1	29	2026-02-26	785	781
3901	1	2	29	2026-02-26	852	793
3902	1	7	83	2026-02-26	1249	1165
3903	1	8	83	2026-02-26	1082	1055
3904	2	9	137	2026-02-26	2196	2177
3905	2	10	137	2026-02-26	1895	1885
3906	2	11	55	2026-02-26	649	604
3907	2	12	55	2026-02-26	490	471
3908	3	3	29	2026-02-26	529	514
3909	3	5	29	2026-02-26	524	516
3910	3	6	29	2026-02-26	404	402
3911	4	13	109	2026-02-26	255	251
3912	4	14	109	2026-02-26	221	216
3913	1	1	29	2026-02-27	889	844
3914	1	2	29	2026-02-27	830	826
3915	1	7	83	2026-02-27	1427	1400
3916	2	9	137	2026-02-27	2051	2012
3917	2	10	137	2026-02-27	1704	1647
3918	2	11	56	2026-02-27	627	621
3919	2	12	56	2026-02-27	547	517
3920	3	3	29	2026-02-27	521	513
3921	3	4	29	2026-02-27	542	541
3922	3	6	29	2026-02-27	476	458
3923	4	13	109	2026-02-27	262	257
3924	4	14	109	2026-02-27	233	223
3925	1	1	30	2026-02-28	876	818
3926	1	2	30	2026-02-28	724	707
3927	1	8	83	2026-02-28	1101	1086
3928	2	9	137	2026-02-28	2062	1984
3929	2	10	137	2026-02-28	1878	1817
3930	2	11	56	2026-02-28	579	555
3931	3	3	30	2026-02-28	614	592
3932	3	4	30	2026-02-28	521	510
3933	4	14	109	2026-02-28	231	223
3934	1	1	30	2026-03-02	1106	1052
3935	1	2	30	2026-03-02	874	826
3936	1	7	83	2026-03-02	1616	1610
3937	1	8	83	2026-03-02	1544	1458
3938	2	10	137	2026-03-02	2367	2257
3939	2	11	56	2026-03-02	721	710
3940	3	3	30	2026-03-02	695	673
3941	3	4	30	2026-03-02	589	560
3942	3	5	30	2026-03-02	658	612
3943	3	6	30	2026-03-02	530	526
3944	4	13	109	2026-03-02	350	339
3945	4	14	109	2026-03-02	248	238
3946	1	2	30	2026-03-03	888	881
3947	2	9	137	2026-03-03	2617	2466
3948	2	11	56	2026-03-03	728	686
3949	2	12	56	2026-03-03	678	653
3950	3	3	30	2026-03-03	668	630
3951	3	5	30	2026-03-03	641	627
3952	3	6	30	2026-03-03	558	527
3953	4	14	109	2026-03-03	276	265
3954	1	2	30	2026-03-04	958	957
3955	2	9	137	2026-03-04	2424	2256
3956	2	10	137	2026-03-04	2195	2128
3957	2	11	56	2026-03-04	754	704
3958	2	12	56	2026-03-04	672	640
3959	3	3	30	2026-03-04	774	725
3960	3	5	30	2026-03-04	569	532
3961	3	6	30	2026-03-04	552	544
3962	1	1	30	2026-03-05	1122	1074
3963	1	2	30	2026-03-05	1041	1021
3964	1	7	83	2026-03-05	1595	1564
3965	2	10	137	2026-03-05	2454	2433
3966	2	11	56	2026-03-05	811	754
3967	2	12	56	2026-03-05	586	575
3968	3	3	30	2026-03-05	698	684
3969	3	4	30	2026-03-05	616	578
3970	3	5	30	2026-03-05	563	537
3971	3	6	30	2026-03-05	564	525
3972	4	13	109	2026-03-05	350	332
3973	4	14	109	2026-03-05	289	288
3974	1	1	30	2026-03-06	1012	943
3975	1	7	84	2026-03-06	1544	1456
3976	1	8	84	2026-03-06	1447	1423
3977	2	9	137	2026-03-06	2361	2279
3978	2	10	137	2026-03-06	2124	1979
3979	2	11	56	2026-03-06	781	741
3980	2	12	56	2026-03-06	587	577
3981	3	4	30	2026-03-06	660	658
3982	3	5	30	2026-03-06	612	571
3983	3	6	30	2026-03-06	567	549
3984	4	13	109	2026-03-06	308	293
3985	4	14	109	2026-03-06	279	270
3986	1	8	84	2026-03-07	1540	1488
3987	2	10	137	2026-03-07	2429	2313
3988	2	11	56	2026-03-07	812	773
3989	2	12	56	2026-03-07	575	548
3990	3	3	30	2026-03-07	666	648
3991	3	4	30	2026-03-07	678	637
3992	3	5	30	2026-03-07	669	660
3993	3	6	30	2026-03-07	513	508
3994	4	13	109	2026-03-07	362	358
3995	4	14	109	2026-03-07	288	276
3996	1	1	30	2026-03-09	1093	1028
3997	1	2	30	2026-03-09	965	921
3998	1	7	84	2026-03-09	1579	1547
3999	1	8	84	2026-03-09	1597	1493
4000	2	9	138	2026-03-09	2710	2544
4001	2	12	56	2026-03-09	596	576
4002	3	3	30	2026-03-09	757	750
4003	3	5	30	2026-03-09	584	564
4004	3	6	30	2026-03-09	540	538
4005	4	13	109	2026-03-09	364	353
4006	4	14	109	2026-03-09	288	282
4007	1	1	30	2026-03-10	949	882
4008	1	2	30	2026-03-10	931	908
4009	1	7	84	2026-03-10	1613	1504
4010	1	8	84	2026-03-10	1585	1550
4011	2	9	138	2026-03-10	2604	2515
4012	2	10	138	2026-03-10	2281	2233
4013	2	11	56	2026-03-10	793	765
4014	2	12	56	2026-03-10	686	672
4015	3	3	30	2026-03-10	659	653
4016	3	4	30	2026-03-10	631	602
4017	3	5	30	2026-03-10	562	539
4018	3	6	30	2026-03-10	514	483
4019	4	13	109	2026-03-10	326	316
4020	4	14	109	2026-03-10	266	260
4021	1	1	30	2026-03-11	1122	1112
4022	1	7	84	2026-03-11	1625	1608
4023	2	9	138	2026-03-11	2289	2153
4024	2	10	138	2026-03-11	2334	2202
4025	2	11	56	2026-03-11	722	674
4026	2	12	56	2026-03-11	608	602
4027	3	3	30	2026-03-11	741	739
4028	3	4	30	2026-03-11	603	562
4029	3	5	30	2026-03-11	670	665
4030	3	6	30	2026-03-11	561	542
4031	4	14	109	2026-03-11	262	257
4032	1	2	30	2026-03-12	1025	959
4033	1	7	84	2026-03-12	1667	1635
4034	1	8	84	2026-03-12	1375	1281
4035	2	9	138	2026-03-12	2625	2496
4036	2	10	138	2026-03-12	2449	2413
4037	2	11	56	2026-03-12	847	822
4038	2	12	56	2026-03-12	665	643
4039	3	3	30	2026-03-12	699	694
4040	3	4	30	2026-03-12	663	636
4041	3	5	30	2026-03-12	568	563
4042	3	6	30	2026-03-12	506	500
4043	4	13	109	2026-03-12	363	358
4044	4	14	109	2026-03-12	252	243
4045	1	2	30	2026-03-13	1008	959
4046	1	7	84	2026-03-13	1641	1560
4047	1	8	84	2026-03-13	1490	1448
4048	2	9	138	2026-03-13	2307	2147
4049	2	10	138	2026-03-13	2308	2155
4050	2	11	56	2026-03-13	778	731
4051	2	12	56	2026-03-13	661	650
4052	3	3	30	2026-03-13	754	749
4053	3	4	30	2026-03-13	617	573
4054	3	5	30	2026-03-13	582	560
4055	3	6	30	2026-03-13	531	512
4056	4	14	109	2026-03-13	266	255
4057	1	1	30	2026-03-14	1012	1009
4058	1	2	30	2026-03-14	920	874
4059	1	7	84	2026-03-14	1566	1557
4060	2	9	138	2026-03-14	2256	2111
4061	2	11	56	2026-03-14	870	828
4062	2	12	56	2026-03-14	608	573
4063	3	3	30	2026-03-14	663	658
4064	3	4	30	2026-03-14	579	541
4065	3	6	30	2026-03-14	511	506
4066	4	13	109	2026-03-14	325	314
4067	4	14	109	2026-03-14	275	261
4068	1	1	31	2026-03-16	936	898
4069	1	7	84	2026-03-16	1715	1612
4070	1	8	84	2026-03-16	1363	1319
4071	2	11	56	2026-03-16	870	841
4072	2	12	56	2026-03-16	650	622
4073	3	3	31	2026-03-16	764	755
4074	3	4	31	2026-03-16	677	646
4075	3	5	31	2026-03-16	671	668
4076	3	6	31	2026-03-16	502	476
4077	4	14	109	2026-03-16	284	268
4078	1	1	31	2026-03-17	1092	1055
4079	1	2	31	2026-03-17	1043	1011
4080	1	8	84	2026-03-17	1349	1264
4081	2	9	138	2026-03-17	2382	2330
4082	2	10	138	2026-03-17	2264	2235
4083	2	11	56	2026-03-17	718	713
4084	3	3	31	2026-03-17	685	659
4085	3	4	31	2026-03-17	679	657
4086	3	5	31	2026-03-17	568	565
4087	3	6	31	2026-03-17	544	521
4088	4	14	109	2026-03-17	249	236
4089	1	1	31	2026-03-18	1046	1008
4090	1	2	31	2026-03-18	922	874
4091	1	7	84	2026-03-18	1863	1759
4092	1	8	84	2026-03-18	1399	1309
4093	2	9	138	2026-03-18	2270	2141
4094	2	10	138	2026-03-18	2243	2164
4095	2	12	56	2026-03-18	662	655
4096	3	3	31	2026-03-18	687	653
4097	3	4	31	2026-03-18	582	550
4098	3	5	31	2026-03-18	643	633
4099	3	6	31	2026-03-18	524	487
4100	4	13	109	2026-03-18	356	353
4101	1	1	31	2026-03-19	1045	1043
4102	1	7	84	2026-03-19	1797	1721
4103	1	8	84	2026-03-19	1384	1347
4104	2	10	138	2026-03-19	2337	2289
4105	2	11	56	2026-03-19	778	752
4106	2	12	56	2026-03-19	649	625
4107	3	3	31	2026-03-19	708	707
4108	3	4	31	2026-03-19	592	578
4109	3	5	31	2026-03-19	675	643
4110	3	6	31	2026-03-19	493	478
4111	4	13	109	2026-03-19	371	349
4112	4	14	109	2026-03-19	300	290
4113	1	1	31	2026-03-20	1006	949
4114	1	2	31	2026-03-20	895	855
4115	1	7	84	2026-03-20	1770	1652
4116	1	8	84	2026-03-20	1444	1410
4117	2	11	56	2026-03-20	794	755
4118	2	12	56	2026-03-20	632	594
4119	3	3	31	2026-03-20	766	760
4120	4	13	109	2026-03-20	307	292
4121	4	14	109	2026-03-20	296	277
4122	1	1	31	2026-03-21	927	904
4123	1	2	31	2026-03-21	1063	1013
4124	1	7	84	2026-03-21	1760	1654
4125	1	8	84	2026-03-21	1373	1365
4126	2	9	138	2026-03-21	2708	2599
4127	2	10	138	2026-03-21	2451	2326
4128	2	11	56	2026-03-21	773	728
4129	3	3	31	2026-03-21	638	632
4130	3	4	31	2026-03-21	619	595
4131	3	6	31	2026-03-21	547	538
4132	4	13	109	2026-03-21	348	330
4133	4	14	109	2026-03-21	250	236
4134	1	1	31	2026-03-23	1061	1042
4135	1	2	31	2026-03-23	942	906
4136	1	7	84	2026-03-23	1552	1508
4137	1	8	84	2026-03-23	1398	1344
4138	2	9	138	2026-03-23	2511	2428
4139	2	10	138	2026-03-23	2118	2014
4140	2	11	57	2026-03-23	782	767
4141	2	12	57	2026-03-23	579	571
4142	3	3	31	2026-03-23	662	649
4143	3	5	31	2026-03-23	580	554
4144	3	6	31	2026-03-23	600	587
4145	4	13	109	2026-03-23	350	337
4146	4	14	109	2026-03-23	299	296
4147	1	1	31	2026-03-24	1071	1005
4148	1	2	31	2026-03-24	925	870
4149	1	7	84	2026-03-24	1809	1783
4150	1	8	84	2026-03-24	1363	1350
4151	2	9	138	2026-03-24	2387	2272
4152	2	10	138	2026-03-24	2491	2471
4153	2	11	57	2026-03-24	858	836
4154	2	12	57	2026-03-24	660	617
4155	3	3	31	2026-03-24	667	646
4156	3	6	31	2026-03-24	506	496
4157	4	13	109	2026-03-24	350	325
4158	4	14	109	2026-03-24	274	261
4159	1	2	31	2026-03-25	905	882
4160	1	7	84	2026-03-25	1604	1588
4161	2	9	138	2026-03-25	2343	2300
4162	2	10	138	2026-03-25	2344	2189
4163	2	11	57	2026-03-25	719	670
4164	2	12	57	2026-03-25	612	578
4165	3	3	31	2026-03-25	676	641
4166	3	4	31	2026-03-25	638	636
4167	3	5	31	2026-03-25	648	645
4168	3	6	31	2026-03-25	573	565
4169	4	13	109	2026-03-25	331	312
4170	4	14	109	2026-03-25	264	257
4171	1	1	31	2026-03-26	929	884
4172	1	2	31	2026-03-26	912	904
4173	1	7	85	2026-03-26	1654	1588
4174	2	9	138	2026-03-26	2314	2163
4175	2	10	138	2026-03-26	2362	2306
4176	3	3	31	2026-03-26	716	678
4177	3	4	31	2026-03-26	668	657
4178	3	5	31	2026-03-26	611	608
4179	3	6	31	2026-03-26	584	575
4180	4	13	109	2026-03-26	319	316
4181	4	14	109	2026-03-26	284	269
4182	1	1	31	2026-03-27	1067	1004
4183	1	2	31	2026-03-27	904	868
4184	1	7	85	2026-03-27	1600	1581
4185	2	9	138	2026-03-27	2355	2273
4186	2	11	57	2026-03-27	766	735
4187	2	12	57	2026-03-27	591	573
4188	3	3	31	2026-03-27	704	699
4189	3	4	31	2026-03-27	685	662
4190	3	5	31	2026-03-27	658	624
4191	4	13	109	2026-03-27	344	331
4192	4	14	109	2026-03-27	277	276
4193	1	1	31	2026-03-28	927	890
4194	1	7	85	2026-03-28	1682	1588
4195	1	8	85	2026-03-28	1597	1516
4196	2	9	138	2026-03-28	2380	2305
4197	2	10	138	2026-03-28	2327	2275
4198	2	11	57	2026-03-28	771	760
4199	2	12	57	2026-03-28	616	591
4200	3	4	31	2026-03-28	637	593
4201	3	5	31	2026-03-28	558	550
4202	4	13	109	2026-03-28	339	317
4203	1	1	32	2026-03-30	1048	998
4204	1	7	85	2026-03-30	1641	1598
4205	1	8	85	2026-03-30	1597	1551
4206	2	9	139	2026-03-30	2330	2255
4207	2	10	139	2026-03-30	2098	2069
4208	2	11	57	2026-03-30	804	774
4209	3	3	32	2026-03-30	690	653
4210	3	4	32	2026-03-30	589	579
4211	3	5	32	2026-03-30	555	519
4212	3	6	32	2026-03-30	532	501
4213	4	13	111	2026-03-30	364	357
4214	4	14	111	2026-03-30	281	269
4215	1	1	32	2026-03-31	989	950
4216	1	2	32	2026-03-31	906	884
4217	1	7	85	2026-03-31	1842	1832
4218	1	8	85	2026-03-31	1602	1497
4219	2	9	139	2026-03-31	2438	2295
4220	2	10	139	2026-03-31	2360	2281
4221	2	11	57	2026-03-31	808	774
4222	2	12	57	2026-03-31	650	610
4223	3	3	32	2026-03-31	743	721
4224	3	4	32	2026-03-31	656	646
4225	3	5	32	2026-03-31	618	601
4226	3	6	32	2026-03-31	584	561
4227	4	14	111	2026-03-31	280	271
4228	1	2	32	2026-04-01	972	906
4229	1	7	85	2026-04-01	1620	1575
4230	2	9	139	2026-04-01	2620	2590
4231	2	10	139	2026-04-01	2142	2134
4232	2	11	57	2026-04-01	837	779
4233	2	12	57	2026-04-01	634	617
4234	3	3	32	2026-04-01	662	626
4235	3	4	32	2026-04-01	672	633
4236	3	5	32	2026-04-01	629	622
4237	3	6	32	2026-04-01	582	577
4238	4	13	111	2026-04-01	325	304
4239	4	14	111	2026-04-01	270	251
4240	1	1	32	2026-04-02	1024	1004
4241	1	7	85	2026-04-02	1713	1655
4242	1	8	85	2026-04-02	1577	1473
4243	2	9	139	2026-04-02	2682	2561
4244	2	10	139	2026-04-02	2494	2360
4245	2	11	57	2026-04-02	836	797
4246	2	12	57	2026-04-02	723	681
4247	3	3	32	2026-04-02	790	735
4248	3	4	32	2026-04-02	672	654
4249	3	5	32	2026-04-02	676	666
4250	3	6	32	2026-04-02	558	556
4251	4	14	111	2026-04-02	262	247
4252	1	1	32	2026-04-03	1114	1081
4253	1	2	32	2026-04-03	1059	1040
4254	1	7	85	2026-04-03	1639	1527
4255	1	8	85	2026-04-03	1515	1476
4256	2	9	139	2026-04-03	2574	2495
4257	2	10	139	2026-04-03	2153	2007
4258	2	11	57	2026-04-03	805	774
4259	2	12	57	2026-04-03	687	643
4260	3	3	32	2026-04-03	689	679
4261	3	4	32	2026-04-03	620	588
4262	3	6	32	2026-04-03	587	582
4263	4	13	111	2026-04-03	338	318
4264	4	14	111	2026-04-03	259	255
4265	1	1	32	2026-04-04	1152	1151
4266	1	7	85	2026-04-04	1810	1784
4267	1	8	85	2026-04-04	1420	1396
4268	2	9	139	2026-04-04	2351	2303
4269	2	10	139	2026-04-04	2318	2305
4270	2	12	57	2026-04-04	632	612
4271	3	3	32	2026-04-04	721	687
4272	3	4	32	2026-04-04	710	690
4273	3	5	32	2026-04-04	577	554
4274	3	6	32	2026-04-04	598	575
4275	4	13	111	2026-04-04	387	367
4276	4	14	111	2026-04-04	298	287
4277	1	1	32	2026-04-06	1014	1009
4278	1	2	32	2026-04-06	922	893
4279	1	7	85	2026-04-06	1829	1792
4280	1	8	85	2026-04-06	1443	1381
4281	2	9	139	2026-04-06	2533	2462
4282	2	10	139	2026-04-06	2144	2049
4283	2	12	57	2026-04-06	665	622
4284	3	3	32	2026-04-06	742	721
4285	3	4	32	2026-04-06	642	618
4286	3	5	32	2026-04-06	659	623
4287	4	13	111	2026-04-06	351	337
4288	4	14	111	2026-04-06	260	245
4289	1	1	32	2026-04-07	1047	1000
4290	1	2	32	2026-04-07	947	907
4291	1	7	85	2026-04-07	1607	1495
4292	1	8	85	2026-04-07	1650	1562
4293	2	9	139	2026-04-07	2628	2593
4294	2	10	139	2026-04-07	2360	2214
4295	2	11	57	2026-04-07	893	855
4296	2	12	57	2026-04-07	700	667
4297	3	3	32	2026-04-07	681	646
4298	3	4	32	2026-04-07	645	601
4299	3	5	32	2026-04-07	587	576
4300	3	6	32	2026-04-07	539	517
4301	4	13	111	2026-04-07	378	352
4302	1	1	32	2026-04-08	1016	1005
4303	1	2	32	2026-04-08	988	933
4304	1	7	85	2026-04-08	1749	1667
4305	1	8	85	2026-04-08	1415	1327
4306	2	9	139	2026-04-08	2496	2443
4307	2	10	139	2026-04-08	2152	2100
4308	2	11	57	2026-04-08	861	829
4309	2	12	57	2026-04-08	673	635
4310	3	4	32	2026-04-08	704	701
4311	3	5	32	2026-04-08	697	685
4312	4	13	111	2026-04-08	357	334
4313	4	14	111	2026-04-08	269	252
4314	1	1	32	2026-04-09	1119	1101
4315	1	2	32	2026-04-09	1042	995
4316	1	7	85	2026-04-09	1738	1709
4317	1	8	85	2026-04-09	1537	1497
4318	2	9	139	2026-04-09	2587	2504
4319	2	11	57	2026-04-09	830	828
4320	2	12	57	2026-04-09	712	708
4321	3	3	32	2026-04-09	720	695
4322	3	4	32	2026-04-09	651	620
4323	3	5	32	2026-04-09	624	604
4324	3	6	32	2026-04-09	618	591
4325	4	13	111	2026-04-09	386	378
4326	1	1	32	2026-04-10	1090	1079
4327	1	2	32	2026-04-10	1020	951
4328	1	8	85	2026-04-10	1380	1358
4329	2	10	139	2026-04-10	2419	2355
4330	2	11	57	2026-04-10	751	746
4331	2	12	57	2026-04-10	692	669
4332	3	3	32	2026-04-10	663	630
4333	3	4	32	2026-04-10	721	699
4334	3	6	32	2026-04-10	572	538
4335	4	13	111	2026-04-10	372	366
4336	1	1	32	2026-04-11	1016	1008
4337	1	2	32	2026-04-11	1036	967
4338	1	7	85	2026-04-11	1896	1812
4339	2	9	139	2026-04-11	2381	2307
4340	2	10	139	2026-04-11	2216	2106
4341	2	11	57	2026-04-11	813	760
4342	3	3	32	2026-04-11	701	665
4343	3	4	32	2026-04-11	690	681
4344	3	5	32	2026-04-11	653	635
4345	4	13	111	2026-04-11	376	352
4346	4	14	111	2026-04-11	291	278
4347	1	1	32	2026-04-13	1094	1065
4348	1	8	85	2026-04-13	1431	1368
4349	2	9	139	2026-04-13	2381	2303
4350	2	10	139	2026-04-13	2234	2183
4351	2	11	57	2026-04-13	827	787
4352	2	12	57	2026-04-13	652	630
4353	3	3	32	2026-04-13	801	769
4354	3	4	32	2026-04-13	654	610
4355	3	6	32	2026-04-13	604	580
4356	4	13	111	2026-04-13	369	351
4357	4	14	111	2026-04-13	272	255
4358	1	1	32	2026-04-14	1155	1093
4359	1	2	32	2026-04-14	1015	971
4360	1	7	85	2026-04-14	1845	1737
4361	1	8	85	2026-04-14	1473	1423
4362	2	9	139	2026-04-14	2550	2382
4363	2	10	139	2026-04-14	2355	2239
4364	2	11	57	2026-04-14	830	786
4365	3	4	32	2026-04-14	655	615
4366	3	5	32	2026-04-14	648	643
4367	4	13	111	2026-04-14	338	314
4368	4	14	111	2026-04-14	262	254
4369	1	1	32	2026-04-15	1060	987
4370	1	8	85	2026-04-15	1596	1531
4371	2	10	139	2026-04-15	2287	2196
4372	2	11	57	2026-04-15	831	785
4373	3	6	32	2026-04-15	526	316
4374	4	14	111	2026-04-15	288	278
4375	1	1	32	2026-04-16	988	981
4376	1	7	85	2026-04-16	1610	1554
4377	1	8	85	2026-04-16	1574	1550
4378	2	9	139	2026-04-16	2475	2402
4379	2	10	139	2026-04-16	2217	2072
4380	2	11	58	2026-04-16	746	740
4381	2	12	58	2026-04-16	673	630
4382	3	3	32	2026-04-16	800	614
4383	3	5	32	2026-04-16	596	398
4384	3	6	32	2026-04-16	581	337
4385	4	14	111	2026-04-16	260	254
4386	1	1	32	2026-04-17	1039	1001
4387	1	2	32	2026-04-17	1035	972
4388	1	7	85	2026-04-17	1817	1725
4389	1	8	85	2026-04-17	1437	1362
4390	2	9	139	2026-04-17	2519	2403
4391	2	10	139	2026-04-17	2310	2166
4392	2	11	58	2026-04-17	770	746
4393	3	4	32	2026-04-17	681	544
4394	3	5	32	2026-04-17	600	452
4395	4	13	111	2026-04-17	320	303
4396	4	14	111	2026-04-17	292	282
4397	1	1	32	2026-04-18	1011	956
4398	1	2	32	2026-04-18	947	910
4399	1	7	85	2026-04-18	1723	1671
4400	1	8	85	2026-04-18	1406	1391
4401	2	9	140	2026-04-18	2674	2661
4402	2	10	140	2026-04-18	2285	2281
4403	2	11	58	2026-04-18	811	795
4404	2	12	58	2026-04-18	619	584
4405	3	3	32	2026-04-18	718	553
4406	3	6	32	2026-04-18	514	328
4407	4	13	111	2026-04-18	325	311
4408	4	14	111	2026-04-18	268	257
4409	1	1	32	2026-04-20	1141	1108
4410	1	8	85	2026-04-20	1540	1472
4411	2	9	140	2026-04-20	2827	2727
4412	2	10	140	2026-04-20	2173	2060
4413	2	11	58	2026-04-20	850	828
4414	3	4	32	2026-04-20	684	411
4415	3	5	32	2026-04-20	627	369
4416	3	6	32	2026-04-20	521	386
4417	4	13	111	2026-04-20	325	319
4418	4	14	111	2026-04-20	272	261
4419	1	2	32	2026-04-21	1095	1055
4420	1	7	85	2026-04-21	1830	1715
4421	1	8	85	2026-04-21	1377	1338
4422	2	9	140	2026-04-21	2475	2415
4423	2	10	140	2026-04-21	2529	2502
4424	2	11	58	2026-04-21	825	768
4425	2	12	58	2026-04-21	593	565
4426	3	4	32	2026-04-21	670	505
4427	3	6	32	2026-04-21	556	430
4428	4	13	111	2026-04-21	371	357
4429	4	14	111	2026-04-21	260	255
4430	1	1	32	2026-04-22	1156	1126
4431	1	2	32	2026-04-22	909	856
4432	1	7	85	2026-04-22	1927	1922
4433	1	8	85	2026-04-22	1679	1616
4434	2	9	140	2026-04-22	2822	2816
4435	2	10	140	2026-04-22	2343	2338
4436	2	11	58	2026-04-22	747	715
4437	2	12	58	2026-04-22	669	627
4438	4	13	111	2026-04-22	355	338
4439	4	14	111	2026-04-22	276	265
4440	1	1	32	2026-04-23	1164	1105
4441	1	2	32	2026-04-23	1036	1006
4442	1	7	85	2026-04-23	1881	1769
4443	1	8	85	2026-04-23	1610	1578
4444	2	9	140	2026-04-23	2814	2730
4445	2	10	140	2026-04-23	2263	2232
4446	2	11	58	2026-04-23	796	779
4447	2	12	58	2026-04-23	699	696
4448	3	4	32	2026-04-23	723	565
4449	3	5	32	2026-04-23	630	415
4450	3	6	32	2026-04-23	546	410
4451	4	13	111	2026-04-23	346	326
4452	1	1	32	2026-04-24	1019	962
4453	1	2	32	2026-04-24	902	901
4454	1	7	85	2026-04-24	1777	1681
4455	1	8	85	2026-04-24	1433	1387
4456	2	9	140	2026-04-24	2404	2328
4457	2	10	140	2026-04-24	2421	2256
4458	2	11	58	2026-04-24	819	799
4459	2	12	58	2026-04-24	605	593
4460	3	3	32	2026-04-24	664	389
4461	3	4	32	2026-04-24	593	408
4462	3	5	32	2026-04-24	695	523
4463	4	13	111	2026-04-24	335	321
4464	4	14	111	2026-04-24	305	285
4465	1	1	32	2026-04-25	1122	1071
4466	1	2	32	2026-04-25	943	928
4467	1	7	85	2026-04-25	1784	1661
4468	1	8	85	2026-04-25	1453	1437
4469	2	10	140	2026-04-25	2398	2270
4470	2	11	58	2026-04-25	827	822
4471	2	12	58	2026-04-25	723	720
4472	3	3	32	2026-04-25	786	471
4473	3	6	32	2026-04-25	559	333
4474	4	13	111	2026-04-25	342	324
4475	4	14	111	2026-04-25	298	296
4476	1	1	32	2026-04-27	1021	993
4477	1	2	32	2026-04-27	903	891
4478	1	7	85	2026-04-27	1764	1640
4479	1	8	85	2026-04-27	1673	1637
4480	2	9	140	2026-04-27	2551	2407
4481	2	11	58	2026-04-27	892	888
4482	2	12	58	2026-04-27	712	695
4483	3	4	32	2026-04-27	684	458
4484	3	5	32	2026-04-27	672	503
4485	3	6	32	2026-04-27	604	453
4486	4	14	111	2026-04-27	280	277
4487	1	1	34	2026-04-28	1026	1021
4488	1	2	34	2026-04-28	932	923
4489	1	7	85	2026-04-28	1928	1800
4490	1	8	85	2026-04-28	1605	1507
4491	2	11	58	2026-04-28	860	808
4492	3	3	34	2026-04-28	770	570
4493	3	4	34	2026-04-28	633	470
4494	4	13	111	2026-04-28	363	349
4495	4	14	111	2026-04-28	276	265
4496	1	1	34	2026-04-29	1005	967
4497	1	2	34	2026-04-29	1050	990
4498	1	7	85	2026-04-29	1756	1734
4499	1	8	85	2026-04-29	1466	1401
4500	2	9	140	2026-04-29	2545	2411
4501	2	10	140	2026-04-29	2577	2442
4502	2	11	58	2026-04-29	746	728
4503	2	12	58	2026-04-29	696	682
4504	3	3	34	2026-04-29	777	458
4505	3	4	34	2026-04-29	676	528
4506	3	5	34	2026-04-29	579	436
4507	4	13	111	2026-04-29	323	306
4508	4	14	111	2026-04-29	257	248
4509	1	2	34	2026-04-30	978	918
4510	1	7	85	2026-04-30	1636	1542
4511	1	8	85	2026-04-30	1393	1388
4512	2	9	140	2026-04-30	2335	2280
4513	2	10	140	2026-04-30	2503	2482
4514	2	11	58	2026-04-30	896	876
4515	2	12	58	2026-04-30	606	572
4516	3	3	34	2026-04-30	751	528
4517	3	4	34	2026-04-30	690	558
4518	3	6	34	2026-04-30	556	361
4519	4	13	111	2026-04-30	385	377
4520	4	14	111	2026-04-30	300	284
4521	1	1	34	2026-05-01	1181	1164
4522	1	2	34	2026-05-01	1053	1052
4523	1	8	85	2026-05-01	1603	1514
4524	2	9	140	2026-05-01	2743	2687
4525	2	10	140	2026-05-01	2174	2165
4526	2	11	58	2026-05-01	852	821
4527	2	12	58	2026-05-01	731	687
4528	3	5	34	2026-05-01	639	443
4529	3	6	34	2026-05-01	523	424
4530	4	13	111	2026-05-01	374	363
4531	4	14	111	2026-05-01	293	279
4532	1	1	34	2026-05-02	1045	1025
4533	1	2	34	2026-05-02	945	929
4534	1	7	85	2026-05-02	1758	1644
4535	1	8	85	2026-05-02	1713	1601
4536	2	10	140	2026-05-02	2559	2557
4537	2	11	58	2026-05-02	782	771
4538	2	12	58	2026-05-02	613	573
4539	3	3	34	2026-05-02	695	480
4540	3	4	34	2026-05-02	650	414
4541	4	13	111	2026-05-02	334	323
4542	4	14	111	2026-05-02	273	265
4543	1	2	34	2026-05-04	1020	1008
4544	1	7	85	2026-05-04	1727	1699
4545	1	8	85	2026-05-04	1578	1496
4546	2	9	140	2026-05-04	2673	2571
4547	2	10	140	2026-05-04	2329	2220
4548	3	3	34	2026-05-04	746	514
4549	3	5	34	2026-05-04	657	388
4550	3	6	34	2026-05-04	568	421
4551	4	13	111	2026-05-04	358	340
4552	4	14	111	2026-05-04	293	290
4553	1	2	34	2026-05-06	990	987
4554	1	7	87	2026-05-06	1887	1783
4555	2	9	140	2026-05-06	2613	2574
4556	2	11	58	2026-05-06	813	758
4557	2	12	58	2026-05-06	725	681
4558	3	3	34	2026-05-06	732	448
4559	3	4	34	2026-05-06	725	469
4560	3	5	34	2026-05-06	616	409
4561	4	13	111	2026-05-06	370	345
4562	4	14	111	2026-05-06	293	283
4563	1	1	34	2026-05-07	1091	1039
4564	1	2	34	2026-05-07	940	921
4565	1	7	87	2026-05-07	1665	1645
4566	1	8	87	2026-05-07	1421	1385
4567	2	9	140	2026-05-07	2419	2302
4568	2	10	140	2026-05-07	2554	2389
4569	2	11	58	2026-05-07	875	869
4570	2	12	58	2026-05-07	725	701
4571	3	3	34	2026-05-07	697	561
4572	4	13	111	2026-05-07	332	318
4573	4	14	111	2026-05-07	317	295
4574	1	7	87	2026-05-08	1789	1772
4575	1	8	87	2026-05-08	1695	1578
4576	2	9	141	2026-05-08	2523	2510
4577	2	10	141	2026-05-08	2617	2559
4578	2	12	58	2026-05-08	640	629
4579	3	4	34	2026-05-08	652	528
4580	3	5	34	2026-05-08	686	568
4581	4	13	111	2026-05-08	351	342
4582	1	1	34	2026-05-09	1019	1008
4583	1	2	34	2026-05-09	1087	1029
4584	1	7	87	2026-05-09	1732	1681
4585	1	8	87	2026-05-09	1522	1424
4586	2	9	141	2026-05-09	2655	2639
4587	2	10	141	2026-05-09	2535	2514
4588	2	11	58	2026-05-09	766	740
4589	2	12	58	2026-05-09	731	698
4590	3	4	34	2026-05-09	681	541
4591	4	13	111	2026-05-09	361	347
4592	4	14	111	2026-05-09	274	272
4593	1	1	34	2026-05-11	1005	991
4594	1	2	34	2026-05-11	928	898
4595	1	7	87	2026-05-11	1663	1639
4596	1	8	87	2026-05-11	1440	1398
4597	2	9	141	2026-05-11	2850	2837
4598	2	10	141	2026-05-11	2502	2389
4599	2	11	58	2026-05-11	883	874
4600	2	12	58	2026-05-11	686	675
4601	3	5	34	2026-05-11	681	388
4602	3	6	34	2026-05-11	547	407
4603	4	13	111	2026-05-11	381	366
4604	4	14	111	2026-05-11	314	294
4605	1	1	34	2026-05-12	1186	1181
4606	1	2	34	2026-05-12	958	902
4607	1	7	87	2026-05-12	1954	1949
4608	1	8	87	2026-05-12	1569	1525
4609	2	9	141	2026-05-12	2435	2405
4610	2	10	141	2026-05-12	2249	2203
4611	2	11	58	2026-05-12	831	786
4612	2	12	58	2026-05-12	628	618
4613	3	3	34	2026-05-12	752	450
4614	3	4	34	2026-05-12	637	494
4615	3	5	34	2026-05-12	709	580
4616	3	6	34	2026-05-12	610	396
4617	4	13	111	2026-05-12	355	331
4618	4	14	111	2026-05-12	286	266
4619	1	2	34	2026-05-13	935	891
4620	1	7	87	2026-05-13	1873	1857
4621	1	8	87	2026-05-13	1553	1502
4622	2	9	141	2026-05-13	2487	2382
4623	2	10	141	2026-05-13	2484	2443
4624	2	11	58	2026-05-13	827	785
4625	2	12	58	2026-05-13	731	698
4626	3	3	34	2026-05-13	790	583
4627	3	4	34	2026-05-13	613	438
4628	3	5	34	2026-05-13	673	467
4629	3	6	34	2026-05-13	600	383
4630	4	14	111	2026-05-13	305	299
4631	1	1	34	2026-05-14	1022	964
4632	1	2	34	2026-05-14	1057	1022
4633	1	7	87	2026-05-14	1922	1792
4634	1	8	87	2026-05-14	1471	1393
4635	2	9	141	2026-05-14	2873	2868
4636	2	10	141	2026-05-14	2354	2233
4637	2	11	58	2026-05-14	909	865
4638	2	12	58	2026-05-14	728	689
4639	3	4	34	2026-05-14	629	498
4640	3	6	34	2026-05-14	552	443
4641	4	13	111	2026-05-14	332	324
4642	4	14	111	2026-05-14	304	287
4643	1	1	34	2026-05-15	1116	1109
4644	1	7	87	2026-05-15	1955	1895
4645	1	8	87	2026-05-15	1442	1410
4646	2	9	141	2026-05-15	2410	2372
4647	2	11	58	2026-05-15	913	907
4648	2	12	58	2026-05-15	722	707
4649	3	3	34	2026-05-15	751	502
4650	3	4	34	2026-05-15	657	493
4651	3	5	34	2026-05-15	604	476
4652	3	6	34	2026-05-15	523	349
4653	4	13	111	2026-05-15	368	343
4654	4	14	111	2026-05-15	314	304
4655	1	1	35	2026-05-16	1177	1117
4656	1	2	35	2026-05-16	999	976
4657	1	7	87	2026-05-16	1667	1601
4658	1	8	87	2026-05-16	1430	1410
4659	2	10	141	2026-05-16	2594	2565
4660	2	12	58	2026-05-16	639	625
4661	3	3	35	2026-05-16	747	588
4662	3	6	35	2026-05-16	605	390
4663	4	13	111	2026-05-16	357	339
4664	4	14	111	2026-05-16	291	277
4665	1	2	35	2026-05-18	1006	969
4666	1	7	87	2026-05-18	1732	1726
4667	1	8	87	2026-05-18	1699	1611
4668	2	9	141	2026-05-18	2897	2786
4669	2	10	141	2026-05-18	2420	2379
4670	2	11	58	2026-05-18	830	782
4671	2	12	58	2026-05-18	741	711
4672	3	3	35	2026-05-18	687	412
4673	3	5	35	2026-05-18	641	509
4674	3	6	35	2026-05-18	603	475
4675	4	13	111	2026-05-18	358	353
4676	1	1	35	2026-05-19	1167	1106
4677	1	8	87	2026-05-19	1474	1434
4678	2	9	141	2026-05-19	2505	2358
4679	2	10	141	2026-05-19	2526	2503
4680	2	11	58	2026-05-19	773	769
4681	2	12	58	2026-05-19	644	641
4682	3	3	35	2026-05-19	706	506
4683	3	4	35	2026-05-19	727	437
4684	3	5	35	2026-05-19	693	553
4685	4	14	111	2026-05-19	269	252
4686	1	2	35	2026-05-20	1069	1054
4687	1	8	87	2026-05-20	1455	1380
4688	2	9	141	2026-05-20	2527	2425
4689	2	10	141	2026-05-20	2180	2037
4690	2	11	58	2026-05-20	916	879
4691	3	3	35	2026-05-20	742	556
4692	3	4	35	2026-05-20	686	469
4693	3	5	35	2026-05-20	671	421
4694	3	6	35	2026-05-20	609	451
4695	4	14	111	2026-05-20	274	267
4696	1	1	35	2026-05-21	1166	1094
4697	1	2	35	2026-05-21	1000	976
4698	1	7	87	2026-05-21	1949	1946
4699	1	8	87	2026-05-21	1474	1411
4700	2	9	141	2026-05-21	2617	2469
4701	2	10	141	2026-05-21	2287	2197
4702	2	11	58	2026-05-21	787	770
4703	2	12	58	2026-05-21	629	602
4704	3	3	35	2026-05-21	709	448
4705	3	5	35	2026-05-21	707	562
4706	4	13	111	2026-05-21	330	310
4707	4	14	111	2026-05-21	296	278
4708	1	1	35	2026-05-22	1034	973
4709	1	2	35	2026-05-22	935	904
4710	1	7	87	2026-05-22	1845	1831
4711	1	8	87	2026-05-22	1423	1337
4712	2	9	141	2026-05-22	2745	2724
4713	2	10	141	2026-05-22	2192	2172
4714	2	11	58	2026-05-22	862	836
4715	2	12	58	2026-05-22	709	682
4716	3	3	35	2026-05-22	694	432
4717	3	5	35	2026-05-22	683	392
4718	3	6	35	2026-05-22	525	332
4719	4	13	111	2026-05-22	396	380
4720	1	1	35	2026-05-23	1071	1001
4721	1	8	87	2026-05-23	1682	1673
4722	2	9	141	2026-05-23	2421	2312
4723	2	10	141	2026-05-23	2411	2285
4724	2	11	58	2026-05-23	806	773
4725	2	12	58	2026-05-23	678	655
4726	3	3	35	2026-05-23	800	528
4727	3	4	35	2026-05-23	659	459
4728	3	5	35	2026-05-23	657	500
4729	4	13	111	2026-05-23	360	348
4730	4	14	111	2026-05-23	299	286
4731	1	1	35	2026-05-26	1158	1091
4732	1	2	35	2026-05-26	940	877
4733	1	7	88	2026-05-26	1723	1654
4734	2	9	141	2026-05-26	2595	2429
4735	2	11	58	2026-05-26	786	780
4736	3	3	35	2026-05-26	685	537
4737	3	4	35	2026-05-26	671	436
4738	4	13	111	2026-05-26	382	360
4739	4	14	111	2026-05-26	262	245
4740	1	1	35	2026-05-27	1094	1090
4741	1	2	35	2026-05-27	1040	999
4742	1	8	88	2026-05-27	1535	1491
4743	2	9	141	2026-05-27	2777	2726
4744	2	10	141	2026-05-27	2544	2369
4745	2	11	58	2026-05-27	872	843
4746	2	12	58	2026-05-27	735	711
4747	3	3	35	2026-05-27	764	607
4748	3	6	35	2026-05-27	581	336
4749	4	13	111	2026-05-27	349	325
4750	4	14	111	2026-05-27	298	290
4751	1	1	35	2026-05-28	1109	1084
4752	1	2	35	2026-05-28	1031	979
4753	1	7	88	2026-05-28	1845	1824
4754	2	11	58	2026-05-28	842	790
4755	2	12	58	2026-05-28	670	631
4756	3	3	35	2026-05-28	736	524
4757	3	6	35	2026-05-28	624	392
4758	4	13	111	2026-05-28	370	366
4759	4	14	111	2026-05-28	282	265
4760	1	1	35	2026-05-29	1077	1002
4761	1	7	88	2026-05-29	1688	1596
4762	1	8	88	2026-05-29	1702	1662
4763	2	9	142	2026-05-29	2410	2386
4764	2	10	142	2026-05-29	2223	2111
4765	2	12	58	2026-05-29	648	639
4766	3	4	35	2026-05-29	641	442
4767	3	5	35	2026-05-29	699	480
4768	3	6	35	2026-05-29	609	500
4769	4	13	111	2026-05-29	332	311
4770	4	14	111	2026-05-29	273	257
4771	1	1	35	2026-05-30	1078	1045
4772	1	8	88	2026-05-30	1642	1614
4773	2	9	142	2026-05-30	2695	2597
4774	2	11	58	2026-05-30	822	779
4775	3	3	35	2026-05-30	780	453
4776	3	4	35	2026-05-30	732	519
4777	3	6	35	2026-05-30	636	378
4778	4	13	111	2026-05-30	336	322
4779	4	14	111	2026-05-30	302	282
4780	1	1	35	2026-06-01	973	925
4781	1	2	35	2026-06-01	1064	1025
4782	1	7	88	2026-06-01	1851	1792
4783	2	9	142	2026-06-01	2386	2348
4784	2	10	142	2026-06-01	2362	2217
4785	2	11	58	2026-06-01	811	769
4786	3	5	35	2026-06-01	668	419
4787	4	13	111	2026-06-01	316	312
4788	4	14	111	2026-06-01	298	282
4789	1	1	35	2026-06-02	1099	1096
4790	1	2	35	2026-06-02	941	877
4791	2	9	142	2026-06-02	2729	2549
4792	2	10	142	2026-06-02	2209	2180
4793	2	11	58	2026-06-02	829	795
4794	3	3	35	2026-06-02	666	460
4795	3	4	35	2026-06-02	596	365
4796	3	5	35	2026-06-02	634	505
4797	4	13	111	2026-06-02	323	317
4798	1	2	36	2026-06-03	943	881
4799	1	7	88	2026-06-03	1584	1505
4800	1	8	88	2026-06-03	1463	1435
4801	2	9	142	2026-06-03	2630	2497
4802	2	10	142	2026-06-03	2378	2302
4803	2	11	60	2026-06-03	732	720
4804	2	12	60	2026-06-03	605	563
4805	3	3	36	2026-06-03	664	492
4806	3	4	36	2026-06-03	656	390
4807	3	5	36	2026-06-03	644	458
4808	4	13	111	2026-06-03	327	318
4809	4	14	111	2026-06-03	304	286
4810	1	1	36	2026-06-04	984	965
4811	1	2	36	2026-06-04	999	964
4812	1	7	88	2026-06-04	1791	1729
4813	1	8	88	2026-06-04	1371	1351
4814	2	9	142	2026-06-04	2511	2394
4815	2	11	60	2026-06-04	874	869
4816	2	12	60	2026-06-04	661	632
4817	3	3	36	2026-06-04	687	444
4818	3	5	36	2026-06-04	620	481
4819	3	6	36	2026-06-04	518	352
4820	4	14	111	2026-06-04	256	246
4821	1	1	36	2026-06-05	1051	980
4822	1	2	36	2026-06-05	1007	974
4823	1	7	88	2026-06-05	1665	1636
4824	1	8	88	2026-06-05	1391	1318
4825	2	9	142	2026-06-05	2492	2378
4826	2	10	142	2026-06-05	2180	2161
4827	2	11	60	2026-06-05	819	770
4828	3	4	36	2026-06-05	670	419
4829	3	5	36	2026-06-05	640	390
4830	3	6	36	2026-06-05	524	295
4831	4	13	111	2026-06-05	338	315
4832	4	14	111	2026-06-05	259	245
4833	1	1	36	2026-06-08	1077	1058
4834	1	2	36	2026-06-08	980	972
4835	1	7	88	2026-06-08	1801	1680
4836	1	8	88	2026-06-08	1541	1449
4837	2	9	142	2026-06-08	2689	2607
4838	2	10	142	2026-06-08	2264	2221
4839	2	11	60	2026-06-08	854	796
4840	2	12	60	2026-06-08	600	595
4841	3	3	36	2026-06-08	746	455
4842	3	4	36	2026-06-08	599	404
4843	3	5	36	2026-06-08	569	385
4844	3	6	36	2026-06-08	545	436
4845	4	13	111	2026-06-08	358	333
4846	4	14	111	2026-06-08	301	284
4847	1	1	36	2026-06-09	1043	977
4848	1	2	36	2026-06-09	1026	989
4849	1	7	88	2026-06-09	1903	1855
4850	2	9	142	2026-06-09	2663	2528
4851	2	10	142	2026-06-09	2359	2218
4852	2	11	60	2026-06-09	830	815
4853	2	12	60	2026-06-09	627	625
4854	3	3	36	2026-06-09	728	535
4855	3	4	36	2026-06-09	640	489
4856	3	5	36	2026-06-09	678	531
4857	3	6	36	2026-06-09	553	337
4858	4	13	111	2026-06-09	339	319
4859	4	14	111	2026-06-09	298	297
4860	1	1	36	2026-06-10	1145	1109
4861	1	2	36	2026-06-10	1059	1049
4862	1	7	88	2026-06-10	1892	1779
4863	2	9	142	2026-06-10	2397	2269
4864	2	10	142	2026-06-10	2408	2332
4865	2	11	60	2026-06-10	789	769
4866	2	12	60	2026-06-10	604	595
4867	3	3	36	2026-06-10	738	591
4868	3	4	36	2026-06-10	705	564
4869	3	6	36	2026-06-10	601	377
4870	4	13	111	2026-06-10	332	309
4871	1	2	36	2026-06-11	917	894
4872	1	7	88	2026-06-11	1720	1708
4873	1	8	88	2026-06-11	1520	1485
4874	2	9	142	2026-06-11	2605	2576
4875	2	11	60	2026-06-11	745	704
4876	2	12	60	2026-06-11	661	648
4877	3	4	36	2026-06-11	673	484
4878	4	13	111	2026-06-11	374	370
4879	1	1	36	2026-06-12	985	968
4880	1	7	88	2026-06-12	1827	1762
4881	1	8	88	2026-06-12	1410	1380
4882	2	9	142	2026-06-12	2624	2542
4883	2	10	142	2026-06-12	2111	2026
4884	2	11	60	2026-06-12	812	765
4885	2	12	60	2026-06-12	618	614
4886	3	3	36	2026-06-12	747	572
4887	3	4	36	2026-06-12	656	541
4888	3	5	36	2026-06-12	585	390
4889	4	13	111	2026-06-12	329	309
4890	4	14	111	2026-06-12	268	249
4891	1	1	36	2026-06-13	963	930
4892	1	2	36	2026-06-13	1006	937
4893	1	7	88	2026-06-13	1898	1820
4894	1	8	88	2026-06-13	1508	1446
4895	2	9	142	2026-06-13	2532	2529
4896	2	10	142	2026-06-13	2167	2165
4897	2	11	60	2026-06-13	837	817
4898	2	12	60	2026-06-13	632	620
4899	3	5	36	2026-06-13	625	440
4900	3	6	36	2026-06-13	530	341
4901	4	13	111	2026-06-13	317	301
4902	1	1	36	2026-06-15	1054	1023
4903	1	2	36	2026-06-15	1049	1004
4904	1	7	89	2026-06-15	1783	1738
4905	1	8	89	2026-06-15	1400	1370
4906	2	9	142	2026-06-15	2509	2456
4907	2	10	142	2026-06-15	2248	2188
4908	2	11	60	2026-06-15	773	770
4909	3	3	36	2026-06-15	776	500
4910	3	6	36	2026-06-15	512	334
4911	4	13	111	2026-06-15	336	335
4912	1	1	36	2026-06-16	1124	1067
4913	1	2	36	2026-06-16	899	842
4914	1	7	89	2026-06-16	1585	1569
4915	2	10	142	2026-06-16	2421	2328
4916	2	11	60	2026-06-16	786	761
4917	2	12	60	2026-06-16	613	600
4918	3	3	36	2026-06-16	692	439
4919	3	4	36	2026-06-16	704	405
4920	3	5	36	2026-06-16	586	355
4921	3	6	36	2026-06-16	593	404
4922	4	13	111	2026-06-16	336	324
4923	4	14	111	2026-06-16	264	256
4924	1	2	36	2026-06-17	981	939
4925	1	8	89	2026-06-17	1619	1558
4926	2	9	143	2026-06-17	2590	2546
4927	2	11	60	2026-06-17	812	786
4928	2	12	60	2026-06-17	614	598
4929	3	3	36	2026-06-17	665	456
4930	4	13	111	2026-06-17	367	355
4931	4	14	111	2026-06-17	294	293
4932	1	1	36	2026-06-18	1035	984
4933	1	2	36	2026-06-18	932	901
4934	1	7	89	2026-06-18	1900	1831
4935	1	8	89	2026-06-18	1358	1281
4936	2	10	143	2026-06-18	2195	2101
4937	2	11	60	2026-06-18	777	769
4938	2	12	60	2026-06-18	606	589
4939	3	4	36	2026-06-18	613	366
4940	3	5	36	2026-06-18	683	475
4941	3	6	36	2026-06-18	595	420
4942	4	13	111	2026-06-18	381	366
4943	4	14	111	2026-06-18	275	271
4944	1	7	89	2026-06-19	1809	1703
4945	1	8	89	2026-06-19	1593	1544
4946	2	9	143	2026-06-19	2333	2203
4947	2	10	143	2026-06-19	2531	2398
4948	2	11	60	2026-06-19	734	695
4949	2	12	60	2026-06-19	660	646
4950	3	5	36	2026-06-19	573	373
4951	4	13	111	2026-06-19	366	344
4952	4	14	111	2026-06-19	297	289
4953	1	1	36	2026-06-20	943	941
4954	1	7	89	2026-06-20	1899	1892
4955	1	8	89	2026-06-20	1395	1314
4956	2	9	143	2026-06-20	2607	2534
4957	2	10	143	2026-06-20	2369	2366
4958	2	12	60	2026-06-20	585	554
4959	3	3	36	2026-06-20	684	457
4960	3	4	36	2026-06-20	646	425
4961	4	13	111	2026-06-20	313	306
4962	4	14	111	2026-06-20	288	278
4963	1	1	37	2026-06-22	1037	994
4964	1	2	37	2026-06-22	947	889
4965	1	7	89	2026-06-22	1704	1612
4966	1	8	89	2026-06-22	1380	1350
4967	2	9	143	2026-06-22	2352	2200
4968	2	10	143	2026-06-22	2108	1972
4969	2	12	60	2026-06-22	668	638
4970	3	3	37	2026-06-22	746	498
4971	3	4	37	2026-06-22	612	349
4972	4	13	111	2026-06-22	369	347
4973	4	14	111	2026-06-22	283	281
4974	1	2	37	2026-06-23	992	938
4975	1	7	89	2026-06-23	1698	1643
4976	1	8	89	2026-06-23	1584	1543
4977	2	9	143	2026-06-23	2587	2458
4978	2	10	143	2026-06-23	2516	2490
4979	2	11	60	2026-06-23	756	719
4980	2	12	60	2026-06-23	649	623
4981	3	3	37	2026-06-23	683	483
4982	3	5	37	2026-06-23	580	349
4983	4	13	111	2026-06-23	330	328
4984	1	1	37	2026-06-24	1055	1027
4985	1	2	37	2026-06-24	916	886
4986	1	7	89	2026-06-24	1693	1684
4987	2	9	143	2026-06-24	2701	2578
4988	2	10	143	2026-06-24	2276	2272
4989	2	11	60	2026-06-24	817	759
4990	2	12	60	2026-06-24	668	667
4991	3	4	37	2026-06-24	594	359
4992	3	5	37	2026-06-24	624	445
4993	3	6	37	2026-06-24	512	400
4994	4	13	111	2026-06-24	377	359
4995	4	14	111	2026-06-24	267	265
4996	1	1	37	2026-06-25	1069	1057
4997	1	2	37	2026-06-25	1014	978
4998	1	7	89	2026-06-25	1706	1643
4999	2	9	143	2026-06-25	2640	2616
5000	2	10	143	2026-06-25	2111	2021
5001	2	11	60	2026-06-25	731	721
5002	2	12	60	2026-06-25	626	604
5003	3	3	37	2026-06-25	669	505
5004	3	4	37	2026-06-25	705	454
5005	3	5	37	2026-06-25	659	504
5006	4	13	111	2026-06-25	355	338
5007	4	14	111	2026-06-25	260	255
5008	1	1	37	2026-06-26	1081	1060
5009	1	2	37	2026-06-26	1011	1007
5010	1	7	89	2026-06-26	1885	1806
5011	1	8	89	2026-06-26	1452	1358
5012	2	10	143	2026-06-26	2308	2152
5013	2	11	60	2026-06-26	792	760
5014	2	12	60	2026-06-26	587	559
5015	3	4	37	2026-06-26	699	480
5016	3	5	37	2026-06-26	592	345
5017	3	6	37	2026-06-26	578	461
5018	4	13	111	2026-06-26	358	344
5019	4	14	111	2026-06-26	255	241
5020	1	1	37	2026-06-27	1029	961
5021	1	2	37	2026-06-27	1008	971
5022	2	9	143	2026-06-27	2561	2418
5023	2	10	143	2026-06-27	2488	2460
5024	2	11	61	2026-06-27	811	783
5025	2	12	61	2026-06-27	683	682
5026	4	13	111	2026-06-27	374	368
5027	4	14	111	2026-06-27	270	267
5028	1	2	37	2026-06-29	990	976
5029	1	7	89	2026-06-29	1755	1742
5030	1	8	89	2026-06-29	1614	1571
5031	2	9	143	2026-06-29	2295	2185
5032	2	11	61	2026-06-29	829	814
5033	2	12	61	2026-06-29	682	639
5034	3	3	37	2026-06-29	698	496
5035	3	4	37	2026-06-29	638	500
5036	4	13	111	2026-06-29	336	322
5037	1	2	37	2026-06-30	966	919
5038	2	9	143	2026-06-30	2619	2590
5039	2	11	61	2026-06-30	867	828
5040	2	12	61	2026-06-30	701	691
5041	3	3	37	2026-06-30	699	492
5042	3	4	37	2026-06-30	641	412
5043	3	5	37	2026-06-30	576	417
5044	4	13	111	2026-06-30	350	345
5045	4	14	111	2026-06-30	256	246
\.


--
-- Data for Name: products; Type: TABLE DATA; Schema: public; Owner: -
--

COPY public.products (product_id, part_no, family_id, diameter_mm, length_mm, tolerance_class, tol_lower, tol_upper, material_input_g, unit_price) FROM stdin;
1	SH-08-040-IT6	1	8.00	40.00	IT6	7.989	8.011	30.0	1840.00
2	SH-08-060-IT6	1	8.00	60.00	IT6	7.989	8.011	42.0	2090.00
3	SH-10-060-IT5	1	10.00	60.00	IT5	9.994	10.006	58.0	2630.00
4	SH-10-080-IT5	1	10.00	80.00	IT5	9.994	10.006	74.0	2970.00
5	SH-12-080-IT6	1	12.00	80.00	IT6	11.989	12.011	96.0	3110.00
6	SH-12-100-IT6	1	12.00	100.00	IT6	11.989	12.011	118.0	3440.00
7	BU-12-08-IT7	2	12.00	8.00	IT7	11.982	12.018	22.0	970.00
8	BU-16-10-IT7	2	16.00	10.00	IT7	15.982	16.018	38.0	1170.00
9	PN-03-15-IT6	3	3.00	15.00	IT6	2.989	3.011	4.0	610.00
10	PN-05-20-IT6	3	5.00	20.00	IT6	4.989	5.011	8.0	730.00
11	GR-20-M1-IT6	4	20.00	0.00	IT6	19.989	20.011	85.0	3280.00
12	GR-30-M15-IT6	4	30.00	0.00	IT6	29.989	30.011	185.0	4130.00
13	VB-25-00-IT7	5	25.00	0.00	IT7	24.982	25.018	230.0	5180.00
14	VB-40-00-IT7	5	40.00	0.00	IT7	39.982	40.018	495.0	6770.00
\.


--
-- Data for Name: quality_inspections; Type: TABLE DATA; Schema: public; Owner: -
--

COPY public.quality_inspections (inspection_id, run_id, inspected_at, equipment_id, result, defect_type, defect_qty, measured_value, spec_target) FROM stdin;
1	1	2025-01-02 01:45:20+00	8	합격	스크래치	12	8.000	8.000
2	2	2025-01-02 04:21:54+00	8	합격	\N	0	12.000	12.000
3	3	2025-01-02 04:09:54+00	8	합격	\N	0	2.997	3.000
4	8	2025-01-03 04:42:09+00	8	합격	스크래치	8	12.001	12.000
5	9	2025-01-03 02:08:40+00	8	합격	버(burr)	4	12.002	12.000
6	10	2025-01-02 05:04:39+00	8	합격	표면조도불량	4	25.005	25.000
7	11	2025-01-03 00:58:42+00	8	합격	\N	0	39.998	40.000
8	12	2025-01-04 03:32:00+00	8	합격	스크래치	7	7.999	8.000
9	13	2025-01-04 09:17:20+00	8	합격	\N	0	8.004	8.000
10	14	2025-01-03 04:56:18+00	8	합격	\N	0	12.005	12.000
11	15	2025-01-03 06:43:59+00	8	합격	표면조도불량	22	15.998	16.000
12	16	2025-01-03 04:37:45+00	8	합격	\N	0	4.998	5.000
13	17	2025-01-04 00:24:02+00	8	합격	스크래치	12	20.001	20.000
14	19	2025-01-04 08:49:20+00	8	합격	\N	0	10.000	10.000
15	20	2025-01-04 07:03:07+00	8	합격	버(burr)	11	12.004	12.000
16	21	2025-01-03 01:46:05+00	8	합격	버(burr)	8	12.001	12.000
17	22	2025-01-04 08:35:13+00	8	합격	\N	0	25.003	25.000
18	23	2025-01-04 07:56:42+00	8	합격	스크래치	4	40.003	40.000
19	24	2025-01-04 01:05:00+00	8	합격	버(burr)	11	7.997	8.000
20	25	2025-01-05 08:11:11+00	8	합격	스크래치	16	8.003	8.000
21	26	2025-01-05 01:19:42+00	8	합격	\N	0	16.003	16.000
22	27	2025-01-04 00:18:10+00	8	합격	\N	0	4.997	5.000
23	28	2025-01-04 08:30:57+00	8	합격	\N	0	20.000	20.000
24	29	2025-01-04 04:07:52+00	8	합격	버(burr)	6	29.997	30.000
25	30	2025-01-04 07:45:02+00	8	합격	버(burr)	6	9.998	10.000
26	31	2025-01-04 00:22:53+00	8	합격	표면조도불량	6	11.997	12.000
27	32	2025-01-05 02:38:12+00	8	합격	\N	0	11.997	12.000
28	33	2025-01-04 04:33:41+00	8	합격	버(burr)	6	25.005	25.000
29	34	2025-01-04 01:35:33+00	8	합격	표면조도불량	4	39.993	40.000
30	35	2025-01-07 07:44:24+00	8	합격	\N	0	8.004	8.000
31	36	2025-01-07 04:37:24+00	8	합격	\N	0	7.999	8.000
32	37	2025-01-07 06:18:20+00	8	합격	\N	0	12.005	12.000
33	38	2025-01-06 02:16:34+00	8	합격	버(burr)	17	4.999	5.000
34	39	2025-01-07 01:04:04+00	8	합격	표면조도불량	5	19.999	20.000
35	41	2025-01-06 00:39:05+00	8	합격	버(burr)	5	10.002	10.000
36	43	2025-01-06 02:25:46+00	8	합격	\N	0	11.999	12.000
37	44	2025-01-07 05:59:36+00	8	합격	\N	0	39.995	40.000
38	45	2025-01-07 05:03:54+00	8	합격	버(burr)	14	7.996	8.000
39	46	2025-01-08 00:42:32+00	8	합격	표면조도불량	5	8.000	8.000
40	49	2025-01-07 06:06:44+00	8	합격	스크래치	15	2.997	3.000
41	50	2025-01-07 08:02:01+00	8	합격	스크래치	29	5.001	5.000
42	51	2025-01-07 02:26:29+00	8	합격	표면조도불량	6	19.997	20.000
43	52	2025-01-07 06:05:00+00	8	합격	\N	0	30.000	30.000
44	53	2025-01-07 00:08:00+00	8	합격	표면조도불량	10	9.999	10.000
45	54	2025-01-07 04:36:31+00	8	합격	버(burr)	10	10.002	10.000
46	55	2025-01-08 03:59:08+00	8	합격	스크래치	10	11.997	12.000
47	56	2025-01-07 06:21:39+00	8	합격	스크래치	5	11.997	12.000
48	57	2025-01-07 00:10:58+00	8	합격	\N	0	24.996	25.000
49	58	2025-01-08 04:29:51+00	8	합격	스크래치	2	40.000	40.000
50	59	2025-01-08 02:06:00+00	8	합격	\N	0	8.001	8.000
51	60	2025-01-09 06:47:42+00	8	합격	표면조도불량	6	7.997	8.000
52	61	2025-01-08 01:16:10+00	8	합격	\N	0	12.006	12.000
53	62	2025-01-09 03:56:34+00	8	합격	스크래치	25	16.002	16.000
54	63	2025-01-08 00:39:06+00	8	합격	표면조도불량	20	3.002	3.000
55	64	2025-01-09 04:07:03+00	8	합격	\N	0	4.999	5.000
56	65	2025-01-09 03:37:19+00	8	합격	\N	0	20.004	20.000
57	66	2025-01-08 09:33:43+00	8	합격	버(burr)	6	29.996	30.000
58	67	2025-01-09 09:39:36+00	8	합격	표면조도불량	5	10.001	10.000
59	68	2025-01-08 01:02:56+00	8	합격	스크래치	11	9.998	10.000
60	69	2025-01-09 05:31:00+00	8	합격	\N	0	12.003	12.000
61	71	2025-01-09 01:28:34+00	8	합격	\N	0	25.002	25.000
62	72	2025-01-10 06:48:08+00	8	합격	\N	0	7.997	8.000
63	73	2025-01-10 00:52:44+00	8	합격	표면조도불량	7	8.004	8.000
64	74	2025-01-09 07:24:24+00	8	합격	스크래치	25	11.997	12.000
65	75	2025-01-10 08:01:41+00	8	합격	스크래치	9	16.002	16.000
66	76	2025-01-09 02:05:29+00	8	합격	표면조도불량	24	2.999	3.000
67	77	2025-01-10 07:21:18+00	8	합격	\N	0	4.996	5.000
68	78	2025-01-09 00:27:15+00	8	합격	\N	0	20.003	20.000
69	79	2025-01-10 07:10:53+00	8	합격	스크래치	6	29.998	30.000
70	80	2025-01-09 09:19:12+00	8	합격	\N	0	10.000	10.000
71	81	2025-01-10 01:30:58+00	8	합격	버(burr)	6	11.997	12.000
72	85	2025-01-10 08:59:07+00	8	합격	스크래치	17	7.997	8.000
73	86	2025-01-10 07:31:33+00	8	합격	표면조도불량	12	7.997	8.000
74	87	2025-01-11 04:00:03+00	8	합격	\N	0	11.996	12.000
75	88	2025-01-10 06:11:55+00	8	합격	\N	0	15.997	16.000
76	89	2025-01-10 04:40:13+00	8	합격	\N	0	3.004	3.000
77	90	2025-01-11 08:11:31+00	8	합격	\N	0	20.002	20.000
78	92	2025-01-11 00:47:07+00	8	합격	\N	0	10.002	10.000
79	93	2025-01-10 06:42:56+00	8	합격	\N	0	9.999	10.000
80	94	2025-01-10 04:04:39+00	8	합격	버(burr)	3	25.002	25.000
81	95	2025-01-11 05:17:41+00	8	합격	표면조도불량	15	8.002	8.000
82	96	2025-01-11 05:50:37+00	8	합격	\N	0	8.004	8.000
83	97	2025-01-12 02:15:34+00	8	합격	버(burr)	32	12.001	12.000
84	98	2025-01-11 05:39:13+00	8	합격	\N	0	16.007	16.000
85	100	2025-01-12 06:21:50+00	8	합격	스크래치	33	5.001	5.000
86	101	2025-01-11 05:45:47+00	8	합격	버(burr)	9	29.999	30.000
87	102	2025-01-11 09:40:54+00	8	합격	버(burr)	12	10.000	10.000
88	103	2025-01-11 04:42:08+00	8	합격	\N	0	9.998	10.000
89	104	2025-01-12 02:59:45+00	8	합격	\N	0	12.000	12.000
90	105	2025-01-11 03:00:46+00	8	합격	스크래치	7	12.003	12.000
91	106	2025-01-11 04:13:51+00	8	합격	\N	0	25.004	25.000
92	108	2025-01-14 01:08:52+00	8	합격	\N	0	8.004	8.000
93	109	2025-01-13 06:02:14+00	8	합격	\N	0	8.004	8.000
94	110	2025-01-14 08:29:13+00	8	합격	\N	0	15.998	16.000
95	111	2025-01-13 08:11:45+00	8	합격	버(burr)	43	3.002	3.000
96	112	2025-01-13 08:45:32+00	8	합격	표면조도불량	42	5.003	5.000
97	113	2025-01-14 07:39:43+00	8	합격	\N	0	19.997	20.000
98	114	2025-01-14 02:21:46+00	8	합격	스크래치	5	30.004	30.000
99	115	2025-01-14 09:36:47+00	8	합격	스크래치	13	10.001	10.000
100	116	2025-01-14 04:18:31+00	8	합격	\N	0	12.001	12.000
101	117	2025-01-14 06:44:55+00	8	합격	표면조도불량	5	12.001	12.000
102	118	2025-01-14 03:50:34+00	8	합격	\N	0	40.003	40.000
103	119	2025-01-14 02:10:02+00	8	합격	\N	0	8.004	8.000
104	120	2025-01-15 02:20:27+00	8	합격	표면조도불량	29	11.994	12.000
105	121	2025-01-14 04:57:00+00	8	합격	\N	0	16.003	16.000
106	122	2025-01-15 03:22:40+00	8	합격	스크래치	36	4.996	5.000
107	123	2025-01-14 06:46:01+00	8	합격	\N	0	30.004	30.000
108	124	2025-01-14 08:47:01+00	8	합격	표면조도불량	10	9.999	10.000
109	125	2025-01-15 05:11:25+00	8	합격	스크래치	13	10.000	10.000
110	126	2025-01-15 07:41:37+00	8	합격	\N	0	12.000	12.000
111	127	2025-01-14 08:39:28+00	8	합격	버(burr)	3	11.998	12.000
112	128	2025-01-14 03:10:57+00	8	합격	표면조도불량	6	25.001	25.000
113	129	2025-01-14 01:14:52+00	8	합격	스크래치	3	39.998	40.000
114	130	2025-01-16 07:31:05+00	8	합격	\N	0	7.996	8.000
115	131	2025-01-16 06:07:55+00	8	합격	스크래치	10	7.999	8.000
116	132	2025-01-16 02:32:17+00	8	합격	버(burr)	13	11.997	12.000
117	134	2025-01-15 04:57:07+00	8	합격	\N	0	5.004	5.000
118	135	2025-01-15 00:30:44+00	8	합격	버(burr)	6	20.003	20.000
119	136	2025-01-16 08:49:10+00	8	합격	\N	0	30.003	30.000
120	137	2025-01-16 06:16:45+00	8	합격	스크래치	10	9.999	10.000
121	139	2025-01-16 06:37:51+00	8	합격	표면조도불량	11	11.996	12.000
122	140	2025-01-16 08:22:29+00	8	합격	\N	0	11.996	12.000
123	141	2025-01-15 04:46:13+00	8	합격	버(burr)	6	25.001	25.000
124	142	2025-01-16 06:22:38+00	8	합격	\N	0	40.000	40.000
125	143	2025-01-16 07:12:48+00	8	합격	표면조도불량	7	8.003	8.000
126	144	2025-01-16 00:31:41+00	8	합격	\N	0	8.003	8.000
127	145	2025-01-16 08:09:59+00	8	합격	버(burr)	24	11.995	12.000
128	146	2025-01-17 01:18:06+00	8	합격	스크래치	24	16.007	16.000
129	147	2025-01-16 05:40:28+00	8	합격	표면조도불량	37	3.003	3.000
130	148	2025-01-16 04:56:20+00	8	합격	버(burr)	35	5.000	5.000
131	149	2025-01-16 00:26:19+00	8	합격	표면조도불량	8	20.004	20.000
132	150	2025-01-17 01:34:26+00	8	합격	\N	0	30.002	30.000
133	151	2025-01-16 02:46:25+00	8	합격	표면조도불량	6	10.001	10.000
134	152	2025-01-17 04:39:17+00	8	합격	\N	0	10.001	10.000
135	154	2025-01-17 09:08:09+00	8	합격	\N	0	25.003	25.000
136	155	2025-01-17 07:33:02+00	8	합격	\N	0	8.002	8.000
137	156	2025-01-17 03:05:57+00	8	합격	버(burr)	14	7.998	8.000
138	157	2025-01-17 03:05:02+00	8	합격	\N	0	12.001	12.000
139	158	2025-01-18 01:41:53+00	8	합격	\N	0	15.999	16.000
140	159	2025-01-17 02:46:50+00	8	합격	버(burr)	28	3.003	3.000
141	160	2025-01-18 08:05:21+00	8	합격	\N	0	5.003	5.000
142	161	2025-01-18 09:54:43+00	8	합격	\N	0	19.996	20.000
143	162	2025-01-18 02:37:17+00	8	합격	\N	0	30.004	30.000
144	163	2025-01-17 03:59:50+00	8	합격	표면조도불량	9	12.002	12.000
145	165	2025-01-17 03:35:43+00	8	합격	스크래치	3	39.994	40.000
146	166	2025-01-19 09:52:14+00	8	합격	표면조도불량	9	7.996	8.000
147	167	2025-01-19 08:20:54+00	8	합격	\N	0	7.997	8.000
148	168	2025-01-18 01:33:10+00	8	합격	\N	0	12.000	12.000
149	169	2025-01-19 09:35:15+00	8	합격	\N	0	5.004	5.000
150	170	2025-01-18 04:30:33+00	8	합격	\N	0	19.999	20.000
151	171	2025-01-19 08:23:51+00	8	합격	버(burr)	12	29.996	30.000
152	172	2025-01-18 04:59:41+00	8	합격	\N	0	9.999	10.000
153	173	2025-01-18 09:04:23+00	8	합격	\N	0	10.001	10.000
154	175	2025-01-18 00:48:12+00	8	합격	\N	0	11.996	12.000
155	176	2025-01-18 02:51:11+00	8	합격	\N	0	25.001	25.000
156	177	2025-01-18 01:34:18+00	8	합격	\N	0	39.993	40.000
157	178	2025-01-21 01:41:49+00	8	합격	\N	0	8.001	8.000
158	179	2025-01-20 06:46:20+00	8	합격	버(burr)	28	12.003	12.000
159	180	2025-01-21 03:06:16+00	8	합격	\N	0	15.996	16.000
160	181	2025-01-20 02:39:16+00	8	합격	표면조도불량	42	3.004	3.000
161	182	2025-01-20 07:14:40+00	8	합격	표면조도불량	24	4.998	5.000
162	183	2025-01-21 04:54:58+00	8	합격	스크래치	16	20.000	20.000
163	184	2025-01-21 02:39:38+00	8	합격	\N	0	29.996	30.000
164	185	2025-01-20 00:05:50+00	8	합격	표면조도불량	8	9.998	10.000
165	186	2025-01-20 05:20:58+00	8	합격	표면조도불량	4	10.000	10.000
166	188	2025-01-21 09:21:19+00	8	합격	스크래치	3	25.001	25.000
167	189	2025-01-21 00:03:35+00	8	합격	\N	0	40.006	40.000
168	190	2025-01-21 09:04:14+00	8	합격	표면조도불량	11	8.003	8.000
169	192	2025-01-22 03:28:06+00	8	합격	스크래치	23	12.003	12.000
170	193	2025-01-22 01:39:59+00	8	합격	\N	0	16.006	16.000
171	194	2025-01-22 00:12:52+00	8	합격	표면조도불량	23	2.996	3.000
172	196	2025-01-22 05:18:50+00	8	합격	버(burr)	13	20.002	20.000
173	197	2025-01-21 01:56:01+00	8	합격	스크래치	4	30.003	30.000
174	198	2025-01-22 03:14:18+00	8	합격	표면조도불량	6	10.002	10.000
175	199	2025-01-22 08:40:16+00	8	합격	표면조도불량	9	9.998	10.000
176	200	2025-01-22 02:35:32+00	8	합격	\N	0	12.000	12.000
177	201	2025-01-21 06:38:30+00	8	합격	버(burr)	2	39.998	40.000
178	202	2025-01-22 07:45:29+00	8	합격	\N	0	8.001	8.000
179	204	2025-01-22 04:54:02+00	8	합격	\N	0	12.004	12.000
180	205	2025-01-23 04:23:56+00	8	합격	\N	0	16.001	16.000
181	206	2025-01-23 00:41:46+00	8	합격	\N	0	2.999	3.000
182	207	2025-01-23 00:32:18+00	8	합격	버(burr)	6	29.998	30.000
183	208	2025-01-23 08:47:11+00	8	합격	\N	0	9.998	10.000
184	209	2025-01-23 06:43:07+00	8	합격	\N	0	10.001	10.000
185	210	2025-01-22 02:18:31+00	8	합격	\N	0	11.996	12.000
186	211	2025-01-23 08:19:55+00	8	합격	\N	0	24.995	25.000
187	212	2025-01-22 01:11:23+00	8	합격	표면조도불량	2	39.996	40.000
188	213	2025-01-24 06:50:18+00	8	합격	표면조도불량	14	7.996	8.000
189	214	2025-01-23 05:45:03+00	8	합격	\N	0	8.003	8.000
190	215	2025-01-24 08:05:35+00	8	합격	표면조도불량	32	11.993	12.000
191	217	2025-01-23 03:50:07+00	8	합격	스크래치	13	4.997	5.000
192	219	2025-01-23 05:07:27+00	8	합격	스크래치	9	10.001	10.000
193	220	2025-01-24 02:14:25+00	8	합격	\N	0	12.003	12.000
194	221	2025-01-24 01:14:56+00	8	합격	스크래치	3	25.003	25.000
195	222	2025-01-24 02:11:54+00	8	합격	표면조도불량	2	40.006	40.000
196	223	2025-01-24 08:40:57+00	8	합격	\N	0	7.996	8.000
197	224	2025-01-24 05:16:45+00	8	합격	스크래치	15	8.001	8.000
198	225	2025-01-24 04:42:22+00	8	합격	버(burr)	9	12.004	12.000
199	226	2025-01-25 06:45:33+00	8	합격	스크래치	20	15.997	16.000
200	227	2025-01-25 01:53:40+00	8	합격	\N	0	2.999	3.000
201	228	2025-01-25 00:48:37+00	8	합격	\N	0	19.999	20.000
202	229	2025-01-24 06:15:07+00	8	합격	버(burr)	8	30.002	30.000
203	230	2025-01-24 09:49:34+00	8	합격	스크래치	7	10.002	10.000
204	231	2025-01-25 06:01:35+00	8	합격	\N	0	11.999	12.000
205	232	2025-01-24 03:32:28+00	8	합격	\N	0	24.994	25.000
206	233	2025-01-24 06:32:29+00	8	합격	\N	0	39.998	40.000
207	234	2025-01-25 02:42:54+00	8	합격	\N	0	7.998	8.000
208	235	2025-01-25 09:07:39+00	8	합격	\N	0	7.998	8.000
209	236	2025-01-25 09:47:06+00	8	합격	\N	0	15.999	16.000
210	237	2025-01-25 00:09:31+00	8	합격	스크래치	39	3.001	3.000
211	238	2025-01-25 08:40:24+00	8	합격	표면조도불량	17	4.997	5.000
212	239	2025-01-25 09:48:29+00	8	합격	\N	0	20.000	20.000
213	240	2025-01-25 04:28:53+00	8	합격	버(burr)	10	30.002	30.000
214	241	2025-01-25 04:59:46+00	8	합격	\N	0	10.000	10.000
215	242	2025-01-26 05:10:47+00	8	합격	표면조도불량	3	24.999	25.000
216	243	2025-01-26 08:09:08+00	8	합격	\N	0	40.002	40.000
217	244	2025-01-27 06:18:17+00	8	합격	표면조도불량	8	7.997	8.000
218	245	2025-01-28 03:16:10+00	8	합격	\N	0	11.998	12.000
219	247	2025-01-28 00:04:56+00	8	합격	버(burr)	18	4.996	5.000
220	248	2025-01-27 08:04:14+00	8	합격	버(burr)	10	20.001	20.000
221	249	2025-01-28 08:10:52+00	8	합격	스크래치	5	29.996	30.000
222	250	2025-01-28 01:44:48+00	8	합격	\N	0	9.999	10.000
223	251	2025-01-27 05:12:12+00	8	합격	\N	0	9.998	10.000
224	252	2025-01-28 09:03:51+00	8	합격	\N	0	25.004	25.000
225	256	2025-02-01 05:33:40+00	8	합격	\N	0	15.998	16.000
226	257	2025-01-31 06:47:49+00	8	합격	\N	0	3.000	3.000
227	258	2025-02-01 08:44:14+00	8	합격	\N	0	19.997	20.000
228	260	2025-02-01 05:06:47+00	8	합격	버(burr)	8	11.999	12.000
229	261	2025-02-01 06:35:03+00	8	합격	스크래치	3	39.994	40.000
230	262	2025-02-01 08:02:23+00	8	합격	스크래치	12	8.000	8.000
231	263	2025-02-01 03:16:21+00	8	합격	\N	0	8.004	8.000
232	264	2025-02-02 03:58:40+00	8	합격	\N	0	12.002	12.000
233	265	2025-02-02 06:34:40+00	8	합격	\N	0	15.995	16.000
234	266	2025-02-02 01:22:24+00	8	합격	스크래치	16	3.004	3.000
235	267	2025-02-01 08:26:46+00	8	합격	\N	0	4.996	5.000
236	268	2025-02-02 06:54:49+00	8	합격	표면조도불량	8	19.997	20.000
237	269	2025-02-02 05:38:05+00	8	합격	\N	0	30.001	30.000
238	270	2025-02-01 04:47:16+00	8	합격	표면조도불량	10	10.002	10.000
239	272	2025-02-02 01:56:56+00	8	합격	\N	0	24.995	25.000
240	273	2025-02-01 07:28:48+00	8	합격	표면조도불량	3	40.004	40.000
241	274	2025-02-04 04:19:39+00	8	합격	\N	0	8.003	8.000
242	275	2025-02-04 09:15:26+00	8	합격	버(burr)	5	8.001	8.000
243	276	2025-02-04 02:06:17+00	8	합격	스크래치	26	12.000	12.000
244	277	2025-02-04 06:19:05+00	8	합격	표면조도불량	6	16.001	16.000
245	278	2025-02-03 07:00:09+00	8	합격	표면조도불량	16	2.996	3.000
246	279	2025-02-04 00:56:10+00	8	합격	\N	0	5.000	5.000
247	281	2025-02-03 02:13:37+00	8	합격	스크래치	6	29.999	30.000
248	283	2025-02-04 02:28:53+00	8	합격	\N	0	11.997	12.000
249	284	2025-02-04 00:35:56+00	8	합격	표면조도불량	4	12.000	12.000
250	285	2025-02-03 03:45:01+00	8	합격	표면조도불량	2	25.004	25.000
251	286	2025-02-03 03:50:17+00	8	합격	스크래치	4	40.003	40.000
252	287	2025-02-05 00:10:24+00	8	합격	\N	0	8.002	8.000
253	288	2025-02-05 08:43:57+00	8	합격	표면조도불량	6	7.996	8.000
254	289	2025-02-05 09:09:11+00	8	합격	스크래치	21	12.003	12.000
255	290	2025-02-04 02:57:11+00	8	합격	버(burr)	12	15.994	16.000
256	291	2025-02-05 03:22:35+00	8	합격	버(burr)	38	3.002	3.000
257	292	2025-02-04 09:50:46+00	8	합격	\N	0	4.996	5.000
258	293	2025-02-04 01:33:41+00	8	합격	버(burr)	3	20.002	20.000
259	294	2025-02-04 08:44:01+00	8	합격	스크래치	5	30.000	30.000
260	295	2025-02-04 03:58:02+00	8	합격	\N	0	10.001	10.000
261	296	2025-02-05 00:58:18+00	8	합격	\N	0	10.000	10.000
262	297	2025-02-05 09:54:15+00	8	합격	버(burr)	5	12.000	12.000
263	298	2025-02-05 08:16:09+00	8	합격	\N	0	25.006	25.000
264	300	2025-02-05 04:43:56+00	8	합격	표면조도불량	7	7.998	8.000
265	303	2025-02-05 08:12:31+00	8	합격	\N	0	3.003	3.000
266	305	2025-02-06 09:42:56+00	8	합격	\N	0	20.001	20.000
267	306	2025-02-05 02:49:15+00	8	합격	\N	0	30.003	30.000
268	307	2025-02-05 08:28:13+00	8	합격	\N	0	10.002	10.000
269	308	2025-02-06 07:14:52+00	8	합격	\N	0	9.999	10.000
270	309	2025-02-06 00:16:00+00	8	합격	버(burr)	9	12.004	12.000
271	310	2025-02-06 08:10:08+00	8	합격	버(burr)	8	11.996	12.000
272	311	2025-02-06 05:19:17+00	8	합격	\N	0	25.004	25.000
273	312	2025-02-05 06:50:02+00	8	합격	표면조도불량	2	39.998	40.000
274	313	2025-02-07 05:07:45+00	8	합격	표면조도불량	15	8.000	8.000
275	315	2025-02-07 00:06:08+00	8	합격	버(burr)	14	4.998	5.000
276	316	2025-02-07 05:52:22+00	8	합격	표면조도불량	11	20.002	20.000
277	318	2025-02-06 05:51:50+00	8	합격	버(burr)	4	10.000	10.000
278	319	2025-02-06 07:34:45+00	8	합격	버(burr)	5	10.001	10.000
279	320	2025-02-06 02:25:34+00	8	합격	\N	0	11.997	12.000
280	321	2025-02-07 09:51:40+00	8	합격	\N	0	11.998	12.000
281	323	2025-02-06 06:31:43+00	8	합격	\N	0	40.005	40.000
282	324	2025-02-08 06:49:08+00	8	합격	버(burr)	5	8.003	8.000
283	325	2025-02-08 04:07:38+00	8	합격	\N	0	8.002	8.000
284	326	2025-02-08 06:22:38+00	8	합격	스크래치	21	11.996	12.000
285	327	2025-02-08 04:04:36+00	8	합격	\N	0	15.999	16.000
286	328	2025-02-07 05:27:22+00	8	합격	버(burr)	19	3.004	3.000
287	329	2025-02-08 03:15:33+00	8	합격	표면조도불량	23	5.000	5.000
288	331	2025-02-07 05:16:36+00	8	합격	\N	0	30.000	30.000
289	333	2025-02-08 03:46:17+00	8	합격	스크래치	10	10.000	10.000
290	334	2025-02-08 03:33:11+00	8	합격	스크래치	7	12.002	12.000
291	335	2025-02-07 09:23:27+00	8	합격	\N	0	39.995	40.000
292	336	2025-02-09 08:16:24+00	8	합격	표면조도불량	11	7.998	8.000
293	337	2025-02-09 03:08:01+00	8	합격	\N	0	8.003	8.000
294	339	2025-02-09 08:51:57+00	8	합격	표면조도불량	19	16.004	16.000
295	341	2025-02-09 08:12:49+00	8	합격	\N	0	5.004	5.000
296	342	2025-02-08 09:10:58+00	8	합격	\N	0	20.004	20.000
297	344	2025-02-08 03:13:26+00	8	합격	\N	0	10.001	10.000
298	345	2025-02-09 04:54:56+00	8	합격	\N	0	9.998	10.000
299	346	2025-02-09 05:41:43+00	8	합격	버(burr)	7	11.997	12.000
300	347	2025-02-08 03:46:03+00	8	합격	스크래치	8	12.004	12.000
301	349	2025-02-09 05:44:53+00	8	합격	표면조도불량	2	39.995	40.000
302	351	2025-02-10 00:17:59+00	8	합격	\N	0	4.999	5.000
303	352	2025-02-10 07:05:39+00	8	합격	스크래치	12	20.001	20.000
304	353	2025-02-10 01:32:29+00	8	합격	표면조도불량	8	10.002	10.000
305	354	2025-02-10 07:50:28+00	8	합격	\N	0	12.000	12.000
306	356	2025-02-10 06:53:43+00	8	합격	\N	0	40.004	40.000
307	358	2025-02-12 05:06:05+00	8	합격	버(burr)	12	7.996	8.000
308	359	2025-02-11 03:11:15+00	8	합격	\N	0	11.998	12.000
309	360	2025-02-12 02:30:40+00	8	합격	버(burr)	19	16.002	16.000
310	361	2025-02-12 07:21:08+00	8	합격	표면조도불량	43	2.996	3.000
311	362	2025-02-12 00:32:22+00	8	합격	\N	0	4.999	5.000
312	363	2025-02-11 03:46:11+00	8	합격	\N	0	20.004	20.000
313	365	2025-02-11 02:46:35+00	8	합격	표면조도불량	9	10.000	10.000
314	366	2025-02-11 09:26:57+00	8	합격	표면조도불량	4	11.999	12.000
315	367	2025-02-11 06:03:26+00	8	합격	스크래치	7	12.002	12.000
316	368	2025-02-11 09:32:58+00	8	합격	\N	0	40.004	40.000
317	369	2025-02-12 04:32:03+00	8	합격	\N	0	7.996	8.000
318	370	2025-02-13 03:12:05+00	8	합격	버(burr)	11	12.002	12.000
319	372	2025-02-12 09:28:48+00	8	합격	버(burr)	9	19.997	20.000
320	373	2025-02-12 02:13:30+00	8	합격	스크래치	6	30.002	30.000
321	374	2025-02-13 00:34:14+00	8	합격	스크래치	3	9.999	10.000
322	375	2025-02-12 05:23:47+00	8	합격	스크래치	10	9.999	10.000
323	376	2025-02-12 01:59:51+00	8	합격	버(burr)	8	11.999	12.000
324	377	2025-02-12 03:24:24+00	8	합격	\N	0	12.001	12.000
325	378	2025-02-13 02:01:30+00	8	합격	\N	0	24.999	25.000
326	379	2025-02-12 05:40:33+00	8	합격	스크래치	1	40.001	40.000
327	380	2025-02-14 06:20:40+00	8	합격	\N	0	8.003	8.000
328	381	2025-02-14 09:08:38+00	8	합격	스크래치	26	11.997	12.000
329	382	2025-02-14 03:57:27+00	8	합격	\N	0	5.000	5.000
330	383	2025-02-14 04:26:27+00	8	합격	\N	0	20.001	20.000
331	384	2025-02-14 00:51:21+00	8	합격	\N	0	30.004	30.000
332	385	2025-02-13 03:32:57+00	8	합격	표면조도불량	9	10.002	10.000
333	386	2025-02-14 02:44:26+00	8	합격	\N	0	10.001	10.000
334	387	2025-02-14 05:05:13+00	8	합격	\N	0	12.001	12.000
335	388	2025-02-13 08:23:34+00	8	합격	\N	0	12.000	12.000
336	389	2025-02-14 09:28:29+00	8	합격	표면조도불량	4	24.996	25.000
337	390	2025-02-14 07:29:44+00	8	합격	스크래치	2	40.000	40.000
338	391	2025-02-15 05:11:28+00	8	합격	\N	0	8.000	8.000
339	392	2025-02-15 00:23:02+00	8	합격	\N	0	8.004	8.000
340	393	2025-02-15 01:37:03+00	8	합격	버(burr)	8	15.994	16.000
341	394	2025-02-15 07:23:56+00	8	합격	\N	0	4.997	5.000
342	395	2025-02-15 07:54:24+00	8	합격	\N	0	29.996	30.000
343	396	2025-02-14 04:31:13+00	8	합격	\N	0	10.002	10.000
344	397	2025-02-15 08:04:47+00	8	합격	\N	0	10.000	10.000
345	398	2025-02-15 09:37:35+00	8	합격	버(burr)	4	11.998	12.000
346	399	2025-02-14 05:38:37+00	8	합격	\N	0	12.003	12.000
347	401	2025-02-14 03:22:22+00	8	합격	버(burr)	3	40.002	40.000
348	402	2025-02-16 05:08:17+00	8	합격	\N	0	7.997	8.000
349	403	2025-02-16 02:37:40+00	8	합격	버(burr)	15	7.999	8.000
350	404	2025-02-16 05:07:15+00	8	합격	\N	0	12.000	12.000
351	405	2025-02-16 01:09:22+00	8	합격	표면조도불량	11	16.001	16.000
352	406	2025-02-16 09:06:37+00	8	합격	\N	0	3.002	3.000
353	407	2025-02-15 08:25:06+00	8	합격	\N	0	4.997	5.000
354	408	2025-02-15 05:16:25+00	8	합격	\N	0	19.997	20.000
355	409	2025-02-15 03:17:22+00	8	합격	\N	0	9.998	10.000
356	410	2025-02-16 02:46:43+00	8	합격	\N	0	10.002	10.000
357	411	2025-02-16 05:52:43+00	8	합격	\N	0	12.001	12.000
358	412	2025-02-15 07:39:15+00	8	합격	\N	0	12.001	12.000
359	413	2025-02-15 08:38:40+00	8	합격	\N	0	25.004	25.000
360	414	2025-02-16 09:52:47+00	8	합격	\N	0	40.002	40.000
361	415	2025-02-18 04:52:07+00	8	합격	버(burr)	8	8.003	8.000
362	416	2025-02-17 05:43:28+00	8	합격	스크래치	9	7.998	8.000
363	417	2025-02-18 05:45:43+00	8	합격	\N	0	16.004	16.000
364	418	2025-02-18 09:03:49+00	8	합격	표면조도불량	16	2.999	3.000
365	420	2025-02-18 06:31:43+00	8	합격	버(burr)	6	19.997	20.000
366	421	2025-02-17 00:00:34+00	8	합격	\N	0	30.002	30.000
367	422	2025-02-17 04:59:46+00	8	합격	표면조도불량	10	10.000	10.000
368	424	2025-02-17 03:53:51+00	8	합격	스크래치	10	11.996	12.000
369	425	2025-02-18 03:11:05+00	8	합격	\N	0	40.003	40.000
370	427	2025-02-18 04:07:07+00	8	합격	\N	0	12.006	12.000
371	428	2025-02-18 01:17:19+00	8	합격	\N	0	15.995	16.000
372	429	2025-02-19 04:04:12+00	8	합격	스크래치	33	3.002	3.000
373	430	2025-02-18 04:15:29+00	8	합격	\N	0	4.998	5.000
374	431	2025-02-18 04:59:11+00	8	합격	\N	0	30.001	30.000
375	432	2025-02-18 08:31:28+00	8	합격	스크래치	6	9.998	10.000
376	433	2025-02-19 00:27:44+00	8	합격	버(burr)	9	9.999	10.000
377	434	2025-02-19 04:15:22+00	8	합격	스크래치	2	12.000	12.000
378	435	2025-02-18 06:45:01+00	8	합격	\N	0	24.997	25.000
379	436	2025-02-19 05:55:21+00	8	합격	표면조도불량	4	39.997	40.000
380	437	2025-02-20 02:49:15+00	8	합격	스크래치	16	8.002	8.000
381	438	2025-02-19 00:51:09+00	8	합격	표면조도불량	5	8.002	8.000
382	439	2025-02-19 06:49:57+00	8	합격	스크래치	9	12.005	12.000
383	440	2025-02-20 06:35:00+00	8	합격	\N	0	15.998	16.000
384	441	2025-02-20 03:32:44+00	8	합격	\N	0	2.996	3.000
385	442	2025-02-19 08:01:51+00	8	합격	버(burr)	22	5.002	5.000
386	444	2025-02-19 06:26:53+00	8	합격	\N	0	10.000	10.000
387	445	2025-02-19 09:22:50+00	8	합격	버(burr)	5	9.998	10.000
388	446	2025-02-19 02:39:56+00	8	합격	버(burr)	7	12.004	12.000
389	448	2025-02-21 05:21:35+00	8	합격	\N	0	8.002	8.000
390	450	2025-02-20 09:44:53+00	8	합격	\N	0	11.996	12.000
391	451	2025-02-21 08:23:15+00	8	합격	\N	0	15.994	16.000
392	452	2025-02-20 07:22:48+00	8	합격	버(burr)	20	3.001	3.000
393	454	2025-02-20 08:11:40+00	8	합격	표면조도불량	8	19.998	20.000
394	456	2025-02-20 01:26:36+00	8	합격	\N	0	12.000	12.000
395	457	2025-02-21 08:48:14+00	8	합격	스크래치	5	11.997	12.000
396	458	2025-02-21 02:08:15+00	8	합격	\N	0	25.001	25.000
397	459	2025-02-20 07:47:58+00	8	합격	\N	0	40.005	40.000
398	460	2025-02-21 06:40:48+00	8	합격	버(burr)	6	7.999	8.000
399	461	2025-02-22 08:37:49+00	8	합격	버(burr)	14	8.004	8.000
400	462	2025-02-21 08:46:47+00	8	합격	\N	0	12.006	12.000
401	463	2025-02-21 06:05:53+00	8	합격	표면조도불량	9	16.005	16.000
402	464	2025-02-21 03:50:36+00	8	합격	버(burr)	35	2.996	3.000
403	465	2025-02-22 02:29:21+00	8	합격	\N	0	4.997	5.000
404	466	2025-02-21 07:56:19+00	8	합격	표면조도불량	3	20.002	20.000
405	467	2025-02-21 04:29:43+00	8	합격	버(burr)	7	29.999	30.000
406	468	2025-02-21 00:45:11+00	8	합격	버(burr)	4	10.002	10.000
407	469	2025-02-21 02:37:34+00	8	합격	\N	0	12.000	12.000
408	470	2025-02-22 02:56:40+00	8	합격	\N	0	25.001	25.000
409	471	2025-02-23 05:25:40+00	8	합격	\N	0	8.002	8.000
410	472	2025-02-22 09:31:37+00	8	합격	\N	0	7.999	8.000
411	474	2025-02-23 08:44:23+00	8	합격	스크래치	16	15.997	16.000
412	476	2025-02-23 09:30:04+00	8	합격	스크래치	10	29.997	30.000
413	477	2025-02-23 06:07:28+00	8	합격	\N	0	10.001	10.000
414	478	2025-02-22 01:05:37+00	8	합격	\N	0	10.001	10.000
415	479	2025-02-22 03:00:00+00	8	합격	\N	0	12.000	12.000
416	480	2025-02-22 05:41:39+00	8	합격	표면조도불량	3	24.997	25.000
417	481	2025-02-23 05:19:00+00	8	합격	스크래치	3	40.000	40.000
418	482	2025-02-25 02:18:15+00	8	합격	\N	0	8.003	8.000
419	483	2025-02-25 06:21:42+00	8	합격	스크래치	21	16.001	16.000
420	484	2025-02-24 01:41:37+00	8	합격	\N	0	2.997	3.000
421	485	2025-02-24 01:13:09+00	8	합격	표면조도불량	14	5.002	5.000
422	487	2025-02-24 08:11:11+00	8	합격	스크래치	3	29.998	30.000
423	488	2025-02-24 05:45:51+00	8	합격	\N	0	9.998	10.000
424	489	2025-02-25 03:04:44+00	8	합격	\N	0	10.002	10.000
425	490	2025-02-25 08:20:56+00	8	합격	스크래치	9	12.002	12.000
426	491	2025-02-25 03:14:00+00	8	합격	표면조도불량	6	11.999	12.000
427	492	2025-02-24 05:46:37+00	8	합격	\N	0	24.995	25.000
428	494	2025-02-26 06:17:49+00	8	합격	\N	0	7.998	8.000
429	495	2025-02-26 09:12:55+00	8	합격	스크래치	12	8.002	8.000
430	496	2025-02-25 09:41:53+00	8	합격	\N	0	11.997	12.000
431	497	2025-02-26 00:00:50+00	8	합격	\N	0	15.999	16.000
432	498	2025-02-25 01:24:55+00	8	합격	\N	0	2.996	3.000
433	499	2025-02-25 09:00:42+00	8	합격	\N	0	5.001	5.000
434	500	2025-02-26 08:20:40+00	8	합격	\N	0	20.000	20.000
435	501	2025-02-25 08:00:59+00	8	합격	스크래치	5	29.997	30.000
436	502	2025-02-25 02:04:29+00	8	합격	\N	0	10.002	10.000
437	503	2025-02-26 05:12:28+00	8	합격	표면조도불량	4	11.999	12.000
438	504	2025-02-25 06:27:25+00	8	합격	\N	0	24.999	25.000
439	505	2025-02-25 09:07:04+00	8	합격	\N	0	39.996	40.000
440	507	2025-02-27 06:25:25+00	8	합격	스크래치	12	11.994	12.000
441	508	2025-02-27 04:28:36+00	8	합격	\N	0	15.998	16.000
442	509	2025-02-27 00:41:38+00	8	합격	\N	0	2.997	3.000
443	510	2025-02-26 09:48:11+00	8	합격	\N	0	4.996	5.000
444	511	2025-02-27 07:16:42+00	8	합격	\N	0	20.001	20.000
445	513	2025-02-26 09:12:38+00	8	합격	\N	0	10.000	10.000
446	514	2025-02-27 03:36:31+00	8	합격	버(burr)	8	10.002	10.000
447	515	2025-02-27 02:42:06+00	8	합격	스크래치	7	12.000	12.000
448	517	2025-02-26 04:33:03+00	8	합격	표면조도불량	4	24.997	25.000
449	518	2025-02-27 04:58:12+00	8	합격	\N	0	40.000	40.000
450	519	2025-02-27 04:20:37+00	8	합격	\N	0	7.996	8.000
451	520	2025-02-27 05:19:46+00	8	합격	\N	0	15.996	16.000
452	521	2025-02-28 08:22:27+00	8	합격	표면조도불량	34	3.001	3.000
453	522	2025-02-28 00:37:20+00	8	합격	\N	0	5.000	5.000
454	523	2025-02-27 05:28:59+00	8	합격	\N	0	20.002	20.000
455	524	2025-02-28 06:42:55+00	8	합격	\N	0	30.002	30.000
456	525	2025-02-28 03:03:09+00	8	합격	표면조도불량	8	10.000	10.000
457	526	2025-02-28 09:47:09+00	8	합격	\N	0	11.996	12.000
458	527	2025-02-27 09:45:01+00	8	합격	버(burr)	9	11.997	12.000
459	528	2025-02-28 08:55:18+00	8	합격	\N	0	24.996	25.000
460	529	2025-02-27 08:38:28+00	8	합격	스크래치	2	39.996	40.000
461	530	2025-02-28 08:42:08+00	8	합격	\N	0	8.001	8.000
462	531	2025-03-01 06:21:42+00	8	합격	\N	0	7.999	8.000
463	532	2025-03-01 05:41:13+00	8	합격	\N	0	11.994	12.000
464	533	2025-02-28 08:28:12+00	8	합격	표면조도불량	20	16.002	16.000
465	534	2025-03-01 00:14:31+00	8	합격	\N	0	3.002	3.000
466	535	2025-03-01 01:16:45+00	8	합격	스크래치	29	4.997	5.000
467	537	2025-02-28 08:34:34+00	8	합격	\N	0	29.998	30.000
468	538	2025-02-28 00:31:31+00	8	합격	표면조도불량	6	10.001	10.000
469	539	2025-03-01 03:57:40+00	8	합격	스크래치	4	10.002	10.000
470	540	2025-03-01 09:02:37+00	8	합격	\N	0	12.004	12.000
471	541	2025-02-28 01:59:54+00	8	합격	표면조도불량	7	11.999	12.000
472	542	2025-02-28 02:45:01+00	8	합격	\N	0	25.002	25.000
473	543	2025-02-28 02:19:51+00	8	합격	\N	0	40.006	40.000
474	544	2025-03-04 07:13:26+00	8	합격	\N	0	7.999	8.000
475	545	2025-03-04 04:01:19+00	8	합격	스크래치	31	11.994	12.000
476	546	2025-03-03 02:27:36+00	8	합격	\N	0	2.997	3.000
477	548	2025-03-04 09:22:45+00	8	합격	버(burr)	10	30.004	30.000
478	549	2025-03-04 02:34:57+00	8	합격	\N	0	10.000	10.000
479	551	2025-03-04 04:15:08+00	8	합격	\N	0	11.996	12.000
480	553	2025-03-05 09:28:44+00	8	합격	표면조도불량	8	7.996	8.000
481	554	2025-03-05 05:45:52+00	8	합격	버(burr)	26	12.006	12.000
482	555	2025-03-05 09:01:14+00	8	합격	\N	0	15.999	16.000
483	556	2025-03-04 05:04:10+00	8	합격	표면조도불량	12	2.999	3.000
484	557	2025-03-05 07:17:05+00	8	합격	표면조도불량	9	30.003	30.000
485	558	2025-03-05 01:56:29+00	8	합격	\N	0	9.999	10.000
486	559	2025-03-04 03:34:39+00	8	합격	스크래치	4	11.998	12.000
487	562	2025-03-05 06:40:10+00	8	합격	\N	0	39.994	40.000
488	563	2025-03-06 03:51:59+00	8	합격	\N	0	7.999	8.000
489	564	2025-03-05 00:50:22+00	8	합격	버(burr)	18	8.003	8.000
490	565	2025-03-05 01:01:37+00	8	합격	\N	0	12.001	12.000
491	566	2025-03-05 00:16:03+00	8	합격	표면조도불량	11	15.995	16.000
492	567	2025-03-06 05:54:16+00	8	합격	\N	0	2.998	3.000
493	568	2025-03-05 00:35:25+00	8	합격	표면조도불량	7	19.998	20.000
494	569	2025-03-06 04:04:45+00	8	합격	표면조도불량	11	9.999	10.000
495	570	2025-03-05 06:06:34+00	8	합격	\N	0	10.000	10.000
496	573	2025-03-05 07:23:19+00	8	합격	표면조도불량	6	24.996	25.000
497	575	2025-03-07 00:19:41+00	8	합격	스크래치	10	7.997	8.000
498	576	2025-03-07 02:52:37+00	8	합격	버(burr)	14	8.004	8.000
499	579	2025-03-07 01:04:04+00	8	합격	버(burr)	12	20.001	20.000
500	580	2025-03-07 02:28:44+00	8	합격	\N	0	29.996	30.000
501	581	2025-03-07 03:32:21+00	8	합격	\N	0	9.999	10.000
502	582	2025-03-06 04:18:40+00	8	합격	\N	0	9.999	10.000
503	583	2025-03-07 02:35:36+00	8	합격	\N	0	11.997	12.000
504	584	2025-03-07 04:34:48+00	8	합격	버(burr)	6	25.006	25.000
505	585	2025-03-06 01:29:26+00	8	합격	스크래치	5	40.007	40.000
506	586	2025-03-08 05:35:00+00	8	합격	\N	0	7.999	8.000
507	587	2025-03-08 03:58:27+00	8	합격	표면조도불량	15	8.004	8.000
508	588	2025-03-07 09:06:17+00	8	합격	\N	0	11.999	12.000
509	589	2025-03-07 05:23:08+00	8	합격	표면조도불량	14	16.004	16.000
510	590	2025-03-08 08:16:04+00	8	합격	버(burr)	35	3.000	3.000
511	591	2025-03-08 05:38:03+00	8	합격	버(burr)	27	4.996	5.000
512	592	2025-03-08 00:31:16+00	8	합격	버(burr)	9	20.001	20.000
513	593	2025-03-08 06:07:07+00	8	합격	버(burr)	10	29.998	30.000
514	594	2025-03-08 01:42:26+00	8	합격	스크래치	4	10.000	10.000
515	596	2025-03-08 02:18:45+00	8	합격	\N	0	11.999	12.000
516	597	2025-03-07 01:48:56+00	8	합격	\N	0	24.994	25.000
517	598	2025-03-08 08:33:01+00	8	합격	버(burr)	4	39.993	40.000
518	600	2025-03-09 03:28:09+00	8	합격	\N	0	12.004	12.000
519	601	2025-03-08 00:24:21+00	8	합격	\N	0	2.997	3.000
520	602	2025-03-09 06:10:32+00	8	합격	스크래치	23	4.998	5.000
521	603	2025-03-09 08:25:22+00	8	합격	\N	0	20.003	20.000
522	604	2025-03-08 06:19:58+00	8	합격	\N	0	29.997	30.000
523	605	2025-03-09 06:14:38+00	8	합격	버(burr)	5	10.001	10.000
524	607	2025-03-09 05:12:46+00	8	합격	\N	0	11.996	12.000
525	608	2025-03-08 01:52:54+00	8	합격	표면조도불량	4	24.997	25.000
526	609	2025-03-08 09:40:39+00	8	합격	\N	0	40.007	40.000
527	610	2025-03-10 04:13:28+00	8	합격	\N	0	7.997	8.000
528	611	2025-03-11 00:39:44+00	8	합격	표면조도불량	23	11.996	12.000
529	612	2025-03-11 01:49:36+00	8	합격	표면조도불량	16	15.993	16.000
530	613	2025-03-10 09:15:10+00	8	합격	\N	0	2.996	3.000
531	614	2025-03-11 05:46:52+00	8	합격	\N	0	4.999	5.000
532	615	2025-03-11 08:05:59+00	8	합격	\N	0	30.004	30.000
533	616	2025-03-10 06:07:34+00	8	합격	스크래치	5	9.998	10.000
534	617	2025-03-11 07:29:07+00	8	합격	스크래치	7	10.000	10.000
535	618	2025-03-10 06:27:35+00	8	합격	스크래치	10	12.004	12.000
536	619	2025-03-10 05:49:46+00	8	합격	버(burr)	6	12.002	12.000
537	620	2025-03-11 05:18:50+00	8	합격	\N	0	24.998	25.000
538	621	2025-03-12 00:49:32+00	8	합격	\N	0	7.997	8.000
539	622	2025-03-11 09:02:26+00	8	합격	\N	0	11.993	12.000
540	623	2025-03-11 03:35:54+00	8	합격	\N	0	16.006	16.000
541	624	2025-03-12 04:58:58+00	8	합격	\N	0	3.001	3.000
542	625	2025-03-12 07:48:14+00	8	합격	표면조도불량	39	5.001	5.000
543	626	2025-03-12 04:34:14+00	8	합격	버(burr)	9	20.004	20.000
544	627	2025-03-12 09:00:05+00	8	합격	\N	0	29.999	30.000
545	628	2025-03-12 00:13:47+00	8	합격	버(burr)	12	10.002	10.000
546	629	2025-03-12 02:49:09+00	8	합격	표면조도불량	6	12.000	12.000
547	630	2025-03-11 02:23:57+00	8	합격	표면조도불량	5	24.995	25.000
548	631	2025-03-12 07:50:35+00	8	합격	\N	0	40.001	40.000
549	632	2025-03-13 05:30:45+00	8	합격	스크래치	10	7.998	8.000
550	633	2025-03-12 04:10:23+00	8	합격	\N	0	7.997	8.000
551	634	2025-03-13 09:40:32+00	8	합격	\N	0	15.998	16.000
552	635	2025-03-12 03:59:12+00	8	합격	표면조도불량	35	3.000	3.000
553	636	2025-03-13 01:37:59+00	8	합격	\N	0	4.999	5.000
554	637	2025-03-13 00:55:26+00	8	합격	\N	0	20.000	20.000
555	639	2025-03-13 01:59:36+00	8	합격	\N	0	10.001	10.000
556	640	2025-03-12 08:40:37+00	8	합격	\N	0	10.002	10.000
557	641	2025-03-13 08:31:38+00	8	합격	\N	0	11.998	12.000
558	642	2025-03-13 06:05:31+00	8	합격	버(burr)	6	12.003	12.000
559	643	2025-03-13 02:55:05+00	8	합격	\N	0	39.999	40.000
560	644	2025-03-14 05:23:45+00	8	합격	\N	0	8.000	8.000
561	645	2025-03-13 09:49:42+00	8	합격	\N	0	8.004	8.000
562	646	2025-03-13 01:32:28+00	8	합격	버(burr)	29	12.003	12.000
563	647	2025-03-13 01:00:40+00	8	합격	\N	0	2.999	3.000
564	648	2025-03-13 00:48:03+00	8	합격	표면조도불량	33	5.002	5.000
565	650	2025-03-14 07:48:11+00	8	합격	표면조도불량	7	30.004	30.000
566	651	2025-03-13 05:14:18+00	8	합격	\N	0	10.000	10.000
567	652	2025-03-13 01:37:43+00	8	합격	스크래치	8	12.002	12.000
568	653	2025-03-14 05:23:34+00	8	합격	\N	0	12.000	12.000
569	654	2025-03-13 09:15:39+00	8	합격	\N	0	25.003	25.000
570	655	2025-03-13 04:16:24+00	8	합격	\N	0	40.003	40.000
571	656	2025-03-15 07:35:27+00	8	합격	표면조도불량	9	8.004	8.000
572	657	2025-03-14 00:31:37+00	8	합격	버(burr)	17	7.996	8.000
573	658	2025-03-15 06:56:03+00	8	합격	\N	0	12.003	12.000
574	659	2025-03-14 09:11:22+00	8	합격	표면조도불량	32	16.001	16.000
575	660	2025-03-14 06:25:02+00	8	합격	\N	0	2.997	3.000
576	662	2025-03-14 09:42:14+00	8	합격	버(burr)	14	19.997	20.000
577	663	2025-03-14 04:04:22+00	8	합격	표면조도불량	11	30.002	30.000
578	664	2025-03-15 02:44:45+00	8	합격	\N	0	10.002	10.000
579	665	2025-03-15 06:22:39+00	8	합격	\N	0	10.002	10.000
580	666	2025-03-14 09:11:54+00	8	합격	\N	0	12.002	12.000
581	667	2025-03-15 05:29:35+00	8	합격	표면조도불량	8	12.004	12.000
582	668	2025-03-14 06:16:25+00	8	합격	스크래치	4	24.999	25.000
583	670	2025-03-16 02:17:41+00	8	합격	스크래치	11	8.002	8.000
584	671	2025-03-15 07:45:55+00	8	합격	스크래치	8	15.994	16.000
585	672	2025-03-15 07:25:50+00	8	합격	\N	0	2.998	3.000
586	673	2025-03-15 06:28:35+00	8	합격	\N	0	20.003	20.000
587	674	2025-03-16 03:54:59+00	8	합격	버(burr)	12	9.999	10.000
588	675	2025-03-16 06:59:36+00	8	합격	\N	0	9.999	10.000
589	676	2025-03-16 03:20:55+00	8	합격	\N	0	12.003	12.000
590	677	2025-03-16 03:24:42+00	8	합격	스크래치	5	11.998	12.000
591	679	2025-03-18 07:41:11+00	8	합격	버(burr)	13	8.004	8.000
592	680	2025-03-18 03:56:11+00	8	합격	\N	0	12.000	12.000
593	681	2025-03-17 07:24:02+00	8	합격	\N	0	2.997	3.000
594	682	2025-03-17 05:57:41+00	8	합격	표면조도불량	13	5.002	5.000
595	683	2025-03-17 01:38:42+00	8	합격	\N	0	19.996	20.000
596	684	2025-03-18 04:13:06+00	8	합격	\N	0	29.999	30.000
597	686	2025-03-17 09:23:30+00	8	합격	스크래치	9	10.000	10.000
598	688	2025-03-18 06:11:13+00	8	합격	스크래치	15	8.003	8.000
599	689	2025-03-18 00:41:29+00	8	합격	\N	0	12.006	12.000
600	690	2025-03-18 04:01:36+00	8	합격	표면조도불량	9	15.996	16.000
601	691	2025-03-19 02:09:23+00	8	합격	\N	0	3.001	3.000
602	692	2025-03-18 04:49:48+00	8	합격	버(burr)	19	5.004	5.000
603	693	2025-03-18 02:26:45+00	8	합격	표면조도불량	6	20.003	20.000
604	694	2025-03-18 08:51:50+00	8	합격	표면조도불량	11	30.003	30.000
605	695	2025-03-19 00:58:45+00	8	합격	스크래치	11	10.002	10.000
606	696	2025-03-19 01:06:24+00	8	합격	\N	0	12.003	12.000
607	697	2025-03-18 08:42:50+00	8	합격	\N	0	11.998	12.000
608	698	2025-03-18 00:45:01+00	8	합격	\N	0	39.997	40.000
609	699	2025-03-19 04:03:23+00	8	합격	\N	0	8.001	8.000
610	700	2025-03-20 01:50:46+00	8	합격	스크래치	20	8.003	8.000
611	701	2025-03-20 05:23:45+00	8	합격	버(burr)	27	11.997	12.000
612	702	2025-03-19 05:42:01+00	8	합격	\N	0	16.003	16.000
613	703	2025-03-20 04:36:17+00	8	합격	\N	0	3.003	3.000
614	704	2025-03-19 01:02:04+00	8	합격	스크래치	47	4.996	5.000
615	705	2025-03-20 02:12:09+00	8	합격	\N	0	20.004	20.000
616	706	2025-03-19 04:32:06+00	8	합격	표면조도불량	6	29.999	30.000
617	707	2025-03-19 07:13:46+00	8	합격	버(burr)	13	10.001	10.000
618	710	2025-03-20 00:55:12+00	8	합격	스크래치	9	11.997	12.000
619	711	2025-03-20 07:29:21+00	8	합격	표면조도불량	5	25.003	25.000
620	712	2025-03-20 01:51:05+00	8	합격	\N	0	40.007	40.000
621	713	2025-03-21 08:17:15+00	8	합격	스크래치	16	8.004	8.000
622	714	2025-03-21 04:06:57+00	8	합격	스크래치	14	12.004	12.000
623	716	2025-03-20 05:53:59+00	8	합격	\N	0	3.003	3.000
624	717	2025-03-20 01:44:22+00	8	합격	\N	0	5.003	5.000
625	718	2025-03-21 07:23:41+00	8	합격	스크래치	6	9.999	10.000
626	719	2025-03-21 01:50:35+00	8	합격	\N	0	10.002	10.000
627	720	2025-03-21 01:16:13+00	8	합격	\N	0	11.996	12.000
628	721	2025-03-21 09:36:58+00	8	합격	스크래치	10	12.001	12.000
629	722	2025-03-20 01:15:53+00	8	합격	\N	0	39.996	40.000
630	723	2025-03-22 09:20:48+00	8	합격	스크래치	14	7.999	8.000
631	724	2025-03-21 03:27:44+00	8	합격	\N	0	8.000	8.000
632	726	2025-03-22 09:43:24+00	8	합격	\N	0	15.995	16.000
633	728	2025-03-22 05:46:25+00	8	합격	\N	0	20.001	20.000
634	729	2025-03-21 01:47:12+00	8	합격	스크래치	4	29.996	30.000
635	730	2025-03-21 08:20:26+00	8	합격	\N	0	9.999	10.000
636	731	2025-03-22 05:20:17+00	8	합격	표면조도불량	8	9.999	10.000
637	732	2025-03-22 04:31:01+00	8	합격	버(burr)	11	12.003	12.000
638	734	2025-03-22 03:01:56+00	8	합격	표면조도불량	2	39.994	40.000
639	735	2025-03-23 01:08:53+00	8	합격	스크래치	16	7.997	8.000
640	736	2025-03-22 04:52:17+00	8	합격	\N	0	7.998	8.000
641	738	2025-03-23 02:32:11+00	8	합격	\N	0	15.993	16.000
642	739	2025-03-23 02:08:09+00	8	합격	스크래치	44	2.997	3.000
643	740	2025-03-23 04:59:57+00	8	합격	\N	0	4.997	5.000
644	741	2025-03-22 08:35:54+00	8	합격	\N	0	20.004	20.000
645	742	2025-03-22 03:15:50+00	8	합격	스크래치	13	30.003	30.000
646	743	2025-03-23 08:56:22+00	8	합격	스크래치	4	12.000	12.000
647	744	2025-03-22 03:03:46+00	8	합격	\N	0	11.996	12.000
648	745	2025-03-22 01:43:55+00	8	합격	\N	0	24.996	25.000
649	746	2025-03-22 05:52:40+00	8	합격	\N	0	40.001	40.000
650	747	2025-03-24 03:47:39+00	8	합격	스크래치	13	8.002	8.000
651	748	2025-03-25 03:11:28+00	8	합격	\N	0	7.999	8.000
652	749	2025-03-24 09:21:31+00	8	합격	표면조도불량	25	12.007	12.000
653	750	2025-03-25 04:38:35+00	8	합격	\N	0	16.004	16.000
654	751	2025-03-25 05:25:45+00	8	합격	\N	0	3.001	3.000
655	752	2025-03-24 02:35:09+00	8	합격	스크래치	33	4.997	5.000
656	753	2025-03-25 03:27:26+00	8	합격	버(burr)	4	20.002	20.000
657	755	2025-03-25 06:06:18+00	8	합격	\N	0	10.001	10.000
658	756	2025-03-24 01:00:10+00	8	합격	\N	0	9.999	10.000
659	757	2025-03-24 04:06:58+00	8	합격	버(burr)	8	11.997	12.000
660	758	2025-03-24 04:59:37+00	8	합격	표면조도불량	9	12.000	12.000
661	759	2025-03-25 08:57:43+00	8	합격	\N	0	24.997	25.000
662	760	2025-03-24 08:16:37+00	8	합격	버(burr)	3	40.001	40.000
663	763	2025-03-26 02:38:10+00	8	합격	\N	0	4.997	5.000
664	764	2025-03-26 09:35:32+00	8	합격	스크래치	13	20.004	20.000
665	765	2025-03-26 01:49:22+00	8	합격	스크래치	5	30.003	30.000
666	766	2025-03-25 09:47:35+00	8	합격	\N	0	10.002	10.000
667	767	2025-03-26 08:19:15+00	8	합격	스크래치	8	10.002	10.000
668	768	2025-03-26 00:30:07+00	8	합격	\N	0	11.998	12.000
669	769	2025-03-25 04:34:46+00	8	합격	\N	0	25.004	25.000
670	770	2025-03-26 00:36:17+00	8	합격	\N	0	7.996	8.000
671	771	2025-03-27 05:03:46+00	8	합격	\N	0	7.998	8.000
672	772	2025-03-27 00:25:14+00	8	합격	\N	0	12.006	12.000
673	773	2025-03-27 06:11:31+00	8	합격	\N	0	3.000	3.000
674	774	2025-03-26 07:00:07+00	8	합격	\N	0	4.999	5.000
675	775	2025-03-27 02:42:42+00	8	합격	\N	0	19.996	20.000
676	776	2025-03-26 02:15:20+00	8	합격	스크래치	13	30.003	30.000
677	777	2025-03-27 06:27:20+00	8	합격	스크래치	6	10.002	10.000
678	778	2025-03-27 08:10:20+00	8	합격	\N	0	11.998	12.000
679	780	2025-03-26 05:48:56+00	8	합격	\N	0	24.995	25.000
680	781	2025-03-27 01:18:47+00	8	합격	표면조도불량	3	40.000	40.000
681	782	2025-03-27 02:32:44+00	8	합격	스크래치	13	8.002	8.000
682	783	2025-03-27 08:56:38+00	8	합격	\N	0	7.996	8.000
683	784	2025-03-27 01:36:30+00	8	합격	\N	0	12.001	12.000
684	785	2025-03-28 00:22:26+00	8	합격	\N	0	16.002	16.000
685	786	2025-03-27 00:29:58+00	8	합격	표면조도불량	23	5.003	5.000
686	787	2025-03-27 05:11:58+00	8	합격	\N	0	20.002	20.000
687	788	2025-03-27 01:03:51+00	8	합격	\N	0	30.004	30.000
688	789	2025-03-28 02:42:59+00	8	합격	\N	0	9.999	10.000
689	790	2025-03-28 07:50:12+00	8	합격	\N	0	10.002	10.000
690	791	2025-03-27 04:39:53+00	8	합격	\N	0	11.997	12.000
691	793	2025-03-27 07:53:59+00	8	합격	스크래치	2	24.994	25.000
692	794	2025-03-28 00:32:47+00	8	합격	표면조도불량	5	40.003	40.000
693	795	2025-03-29 09:45:51+00	8	합격	\N	0	8.001	8.000
694	796	2025-03-28 05:15:21+00	8	합격	\N	0	11.994	12.000
695	797	2025-03-28 01:01:01+00	8	합격	스크래치	20	16.002	16.000
696	798	2025-03-28 08:19:18+00	8	합격	버(burr)	27	3.001	3.000
697	799	2025-03-29 04:27:06+00	8	합격	\N	0	5.002	5.000
698	800	2025-03-28 09:29:41+00	8	합격	\N	0	29.997	30.000
699	801	2025-03-29 05:58:33+00	8	합격	\N	0	9.999	10.000
700	802	2025-03-28 03:18:14+00	8	합격	표면조도불량	12	9.999	10.000
701	803	2025-03-28 06:37:28+00	8	합격	\N	0	25.002	25.000
702	804	2025-03-29 06:16:52+00	8	합격	\N	0	39.993	40.000
703	805	2025-03-30 03:45:38+00	8	합격	\N	0	8.002	8.000
704	806	2025-03-30 07:13:02+00	8	합격	버(burr)	15	8.004	8.000
705	808	2025-03-30 05:42:51+00	8	합격	스크래치	19	15.998	16.000
706	811	2025-03-30 00:12:44+00	8	합격	\N	0	20.000	20.000
707	812	2025-03-29 03:55:36+00	8	합격	스크래치	11	29.997	30.000
708	813	2025-03-30 01:06:44+00	8	합격	버(burr)	11	10.002	10.000
709	814	2025-03-29 05:07:53+00	8	합격	버(burr)	3	12.003	12.000
710	815	2025-03-29 00:06:23+00	8	합격	버(burr)	7	25.005	25.000
711	816	2025-03-29 06:29:04+00	8	합격	스크래치	5	39.996	40.000
712	817	2025-04-01 00:08:21+00	8	합격	스크래치	12	7.996	8.000
713	818	2025-04-01 02:09:52+00	8	합격	스크래치	14	7.999	8.000
714	819	2025-03-31 05:33:18+00	8	합격	표면조도불량	23	15.996	16.000
715	822	2025-04-01 07:25:35+00	8	합격	버(burr)	12	19.998	20.000
716	823	2025-03-31 00:13:44+00	8	합격	\N	0	30.000	30.000
717	825	2025-04-01 01:17:10+00	8	합격	\N	0	10.000	10.000
718	826	2025-03-31 06:20:10+00	8	합격	\N	0	11.996	12.000
719	827	2025-03-31 07:10:47+00	8	합격	\N	0	11.997	12.000
720	828	2025-03-31 02:26:36+00	8	합격	스크래치	6	25.004	25.000
721	829	2025-03-31 09:58:25+00	8	합격	\N	0	39.996	40.000
722	830	2025-04-01 06:20:49+00	8	합격	버(burr)	14	8.002	8.000
723	831	2025-04-02 06:34:27+00	8	합격	스크래치	17	7.997	8.000
724	832	2025-04-01 07:24:36+00	8	합격	표면조도불량	33	11.997	12.000
725	833	2025-04-01 07:27:32+00	8	합격	버(burr)	8	16.000	16.000
726	834	2025-04-01 03:13:07+00	8	합격	\N	0	3.001	3.000
727	835	2025-04-01 06:51:55+00	8	합격	\N	0	4.996	5.000
728	836	2025-04-02 08:08:42+00	8	합격	\N	0	20.000	20.000
729	837	2025-04-02 01:14:13+00	8	합격	\N	0	30.002	30.000
730	838	2025-04-02 00:04:53+00	8	합격	표면조도불량	13	10.000	10.000
731	839	2025-04-01 05:02:35+00	8	합격	\N	0	12.004	12.000
732	840	2025-04-02 09:01:36+00	8	합격	\N	0	12.003	12.000
733	842	2025-04-02 05:03:25+00	8	합격	버(burr)	7	8.001	8.000
734	843	2025-04-03 01:58:05+00	8	합격	버(burr)	17	7.999	8.000
735	844	2025-04-02 02:41:33+00	8	합격	\N	0	12.001	12.000
736	845	2025-04-03 08:02:32+00	8	합격	\N	0	16.004	16.000
737	846	2025-04-03 07:56:48+00	8	합격	표면조도불량	22	3.004	3.000
738	847	2025-04-02 00:51:19+00	8	합격	\N	0	5.004	5.000
739	848	2025-04-02 08:47:23+00	8	합격	\N	0	19.998	20.000
740	849	2025-04-02 06:59:01+00	8	합격	버(burr)	8	30.004	30.000
741	850	2025-04-02 08:48:21+00	8	합격	버(burr)	7	10.000	10.000
742	851	2025-04-03 01:21:38+00	8	합격	\N	0	10.001	10.000
743	852	2025-04-02 08:14:35+00	8	합격	\N	0	11.998	12.000
744	853	2025-04-03 04:15:30+00	8	합격	\N	0	11.999	12.000
745	854	2025-04-03 04:22:31+00	8	합격	스크래치	5	25.000	25.000
746	855	2025-04-03 09:08:38+00	8	합격	\N	0	39.993	40.000
747	856	2025-04-04 01:16:39+00	8	합격	표면조도불량	21	8.000	8.000
748	857	2025-04-03 07:51:00+00	8	합격	스크래치	13	8.004	8.000
749	859	2025-04-04 08:29:47+00	8	합격	\N	0	15.999	16.000
750	860	2025-04-03 05:18:50+00	8	합격	스크래치	46	3.003	3.000
751	861	2025-04-03 04:10:27+00	8	합격	\N	0	30.003	30.000
752	862	2025-04-03 03:33:53+00	8	합격	\N	0	9.999	10.000
753	863	2025-04-03 08:09:41+00	8	합격	\N	0	9.999	10.000
754	864	2025-04-03 09:42:45+00	8	합격	\N	0	11.999	12.000
755	865	2025-04-03 01:18:20+00	8	합격	\N	0	11.997	12.000
756	866	2025-04-03 00:21:20+00	8	합격	\N	0	40.003	40.000
757	867	2025-04-04 08:23:04+00	8	합격	표면조도불량	17	7.998	8.000
758	869	2025-04-04 03:31:24+00	8	합격	\N	0	16.005	16.000
759	870	2025-04-05 00:14:25+00	8	합격	스크래치	29	2.999	3.000
760	873	2025-04-04 09:13:20+00	8	합격	스크래치	6	10.001	10.000
761	874	2025-04-05 03:26:55+00	8	합격	\N	0	10.002	10.000
762	876	2025-04-05 01:08:24+00	8	합격	\N	0	12.003	12.000
763	877	2025-04-04 00:41:16+00	8	합격	표면조도불량	3	25.005	25.000
764	878	2025-04-05 04:17:41+00	8	합격	\N	0	39.995	40.000
765	881	2025-04-06 09:36:53+00	8	합격	\N	0	15.998	16.000
766	882	2025-04-05 04:09:48+00	8	합격	\N	0	2.998	3.000
767	883	2025-04-05 01:50:49+00	8	합격	표면조도불량	29	5.001	5.000
768	884	2025-04-06 07:02:52+00	8	합격	스크래치	13	19.999	20.000
769	885	2025-04-05 02:25:29+00	8	합격	스크래치	7	29.998	30.000
770	887	2025-04-05 02:32:41+00	8	합격	표면조도불량	13	10.001	10.000
771	888	2025-04-06 05:18:44+00	8	합격	표면조도불량	6	11.998	12.000
772	889	2025-04-06 06:11:53+00	8	합격	스크래치	5	11.996	12.000
773	890	2025-04-07 08:15:30+00	8	합격	스크래치	5	7.997	8.000
774	892	2025-04-08 07:34:24+00	8	합격	표면조도불량	16	12.002	12.000
775	893	2025-04-07 08:04:30+00	8	합격	\N	0	16.006	16.000
776	894	2025-04-07 05:10:15+00	8	합격	표면조도불량	31	2.999	3.000
777	895	2025-04-07 09:59:16+00	8	합격	\N	0	5.003	5.000
778	897	2025-04-08 00:50:57+00	8	합격	버(burr)	13	30.003	30.000
779	898	2025-04-08 02:45:46+00	8	합격	\N	0	9.999	10.000
780	899	2025-04-08 03:34:57+00	8	합격	버(burr)	10	9.999	10.000
781	900	2025-04-07 03:44:56+00	8	합격	\N	0	11.998	12.000
782	901	2025-04-08 06:27:00+00	8	합격	\N	0	39.996	40.000
783	902	2025-04-08 03:44:01+00	8	합격	\N	0	7.998	8.000
784	903	2025-04-08 05:16:36+00	8	합격	표면조도불량	20	7.998	8.000
785	904	2025-04-09 06:42:50+00	8	합격	\N	0	11.999	12.000
786	905	2025-04-09 07:18:15+00	8	합격	표면조도불량	26	16.001	16.000
787	906	2025-04-08 07:25:29+00	8	합격	스크래치	23	3.003	3.000
788	907	2025-04-09 05:09:01+00	8	합격	\N	0	4.997	5.000
789	908	2025-04-09 09:12:10+00	8	합격	스크래치	5	9.998	10.000
790	909	2025-04-08 08:21:54+00	8	합격	\N	0	10.000	10.000
791	910	2025-04-08 01:12:56+00	8	합격	버(burr)	9	12.001	12.000
792	911	2025-04-09 04:05:21+00	8	합격	\N	0	11.997	12.000
793	912	2025-04-08 00:04:46+00	8	합격	\N	0	25.005	25.000
794	913	2025-04-09 07:53:35+00	8	합격	버(burr)	5	40.006	40.000
795	914	2025-04-09 08:32:51+00	8	합격	버(burr)	19	8.001	8.000
796	915	2025-04-09 07:15:26+00	8	합격	표면조도불량	8	8.002	8.000
797	916	2025-04-10 03:09:25+00	8	합격	표면조도불량	23	16.004	16.000
798	917	2025-04-10 00:46:24+00	8	합격	표면조도불량	43	2.999	3.000
799	918	2025-04-10 08:06:05+00	8	합격	\N	0	5.001	5.000
800	919	2025-04-09 01:25:58+00	8	합격	\N	0	20.002	20.000
801	922	2025-04-10 03:54:10+00	8	합격	\N	0	11.996	12.000
802	923	2025-04-10 09:31:38+00	8	합격	\N	0	11.996	12.000
803	924	2025-04-09 04:56:59+00	8	합격	\N	0	25.007	25.000
804	925	2025-04-10 03:51:23+00	8	합격	스크래치	2	40.001	40.000
805	927	2025-04-10 09:47:10+00	8	합격	\N	0	11.996	12.000
806	929	2025-04-11 09:18:15+00	8	합격	스크래치	43	2.999	3.000
807	930	2025-04-10 07:01:21+00	8	합격	스크래치	36	5.004	5.000
808	931	2025-04-11 05:20:48+00	8	합격	\N	0	20.000	20.000
809	932	2025-04-11 00:47:58+00	8	합격	버(burr)	7	9.998	10.000
810	934	2025-04-10 06:49:24+00	8	합격	\N	0	11.997	12.000
811	935	2025-04-10 08:35:28+00	8	합격	\N	0	25.003	25.000
812	936	2025-04-10 03:38:35+00	8	합격	\N	0	39.994	40.000
813	937	2025-04-12 05:46:29+00	8	합격	\N	0	12.002	12.000
814	938	2025-04-11 04:38:19+00	8	합격	버(burr)	24	15.993	16.000
815	939	2025-04-12 07:27:28+00	8	합격	표면조도불량	33	3.002	3.000
816	940	2025-04-12 00:23:50+00	8	합격	\N	0	30.001	30.000
817	941	2025-04-12 06:30:09+00	8	합격	스크래치	11	10.001	10.000
818	942	2025-04-12 07:18:51+00	8	합격	\N	0	10.000	10.000
819	943	2025-04-11 05:26:21+00	8	합격	스크래치	7	11.999	12.000
820	944	2025-04-12 00:05:53+00	8	합격	버(burr)	11	12.003	12.000
821	945	2025-04-11 05:18:46+00	8	합격	버(burr)	5	24.999	25.000
822	946	2025-04-12 03:21:47+00	8	합격	\N	0	40.001	40.000
823	947	2025-04-13 01:41:59+00	8	합격	스크래치	16	8.004	8.000
824	949	2025-04-13 03:59:35+00	8	합격	\N	0	11.998	12.000
825	950	2025-04-12 05:04:00+00	8	합격	\N	0	3.000	3.000
826	951	2025-04-12 05:07:35+00	8	합격	\N	0	5.002	5.000
827	954	2025-04-12 06:35:11+00	8	합격	표면조도불량	5	9.998	10.000
828	955	2025-04-13 03:04:26+00	8	합격	버(burr)	5	10.001	10.000
829	956	2025-04-13 00:17:34+00	8	합격	\N	0	11.997	12.000
830	957	2025-04-13 01:59:08+00	8	합격	\N	0	25.007	25.000
831	958	2025-04-13 08:18:19+00	8	합격	\N	0	40.000	40.000
832	960	2025-04-14 05:41:35+00	8	합격	\N	0	12.000	12.000
833	961	2025-04-15 03:12:10+00	8	합격	\N	0	16.004	16.000
834	962	2025-04-14 00:56:32+00	8	합격	\N	0	3.002	3.000
835	963	2025-04-15 04:07:36+00	8	합격	\N	0	5.003	5.000
836	965	2025-04-14 08:01:30+00	8	합격	스크래치	6	10.000	10.000
837	966	2025-04-14 07:36:58+00	8	합격	스크래치	11	9.999	10.000
838	967	2025-04-15 01:40:11+00	8	합격	버(burr)	5	12.000	12.000
839	968	2025-04-14 08:11:03+00	8	합격	표면조도불량	4	12.001	12.000
840	969	2025-04-14 01:53:50+00	8	합격	\N	0	24.998	25.000
841	970	2025-04-16 02:11:44+00	8	합격	\N	0	8.004	8.000
842	971	2025-04-16 00:12:02+00	8	합격	버(burr)	20	7.996	8.000
843	972	2025-04-15 07:21:11+00	8	합격	표면조도불량	29	2.999	3.000
844	973	2025-04-16 05:30:34+00	8	합격	버(burr)	6	20.000	20.000
845	974	2025-04-15 05:12:45+00	8	합격	\N	0	10.001	10.000
846	975	2025-04-16 04:51:53+00	8	합격	표면조도불량	7	10.002	10.000
847	976	2025-04-16 03:42:58+00	8	합격	\N	0	11.996	12.000
848	977	2025-04-15 08:05:35+00	8	합격	\N	0	25.006	25.000
849	978	2025-04-16 08:35:09+00	8	합격	버(burr)	18	7.998	8.000
850	979	2025-04-17 05:54:42+00	8	합격	표면조도불량	5	8.000	8.000
851	980	2025-04-16 06:10:15+00	8	합격	표면조도불량	16	12.002	12.000
852	982	2025-04-16 05:16:48+00	8	합격	\N	0	3.000	3.000
853	984	2025-04-16 08:00:56+00	8	합격	\N	0	19.999	20.000
854	985	2025-04-17 02:08:07+00	8	합격	버(burr)	6	29.999	30.000
855	986	2025-04-17 06:51:31+00	8	합격	버(burr)	12	10.000	10.000
856	987	2025-04-16 02:11:33+00	8	합격	\N	0	10.002	10.000
857	988	2025-04-17 07:37:24+00	8	합격	\N	0	11.996	12.000
858	989	2025-04-16 05:23:46+00	8	합격	버(burr)	7	12.003	12.000
859	991	2025-04-17 01:56:10+00	8	합격	스크래치	3	39.994	40.000
860	992	2025-04-17 02:19:14+00	8	합격	\N	0	7.997	8.000
861	993	2025-04-17 00:29:45+00	8	합격	\N	0	7.997	8.000
862	994	2025-04-17 00:44:37+00	8	합격	표면조도불량	19	11.999	12.000
863	995	2025-04-18 02:58:06+00	8	합격	\N	0	15.999	16.000
864	996	2025-04-18 06:24:33+00	8	합격	표면조도불량	29	4.998	5.000
865	997	2025-04-17 03:11:25+00	8	합격	버(burr)	8	20.001	20.000
866	999	2025-04-17 08:25:43+00	8	합격	표면조도불량	13	10.001	10.000
867	1000	2025-04-18 04:26:15+00	8	합격	표면조도불량	10	10.001	10.000
868	1001	2025-04-18 09:18:59+00	8	합격	\N	0	11.999	12.000
869	1002	2025-04-17 04:41:07+00	8	합격	스크래치	5	40.006	40.000
870	1005	2025-04-19 04:39:40+00	8	합격	\N	0	11.996	12.000
871	1007	2025-04-18 02:09:51+00	8	합격	표면조도불량	14	3.002	3.000
872	1008	2025-04-19 00:24:18+00	8	합격	버(burr)	42	4.997	5.000
873	1009	2025-04-19 03:17:05+00	8	합격	스크래치	16	20.000	20.000
874	1010	2025-04-19 08:14:01+00	8	합격	스크래치	4	30.000	30.000
875	1011	2025-04-18 07:05:13+00	8	합격	\N	0	10.000	10.000
876	1012	2025-04-18 06:29:40+00	8	합격	\N	0	10.001	10.000
877	1013	2025-04-18 06:28:35+00	8	합격	표면조도불량	6	11.999	12.000
878	1014	2025-04-19 05:46:49+00	8	합격	버(burr)	4	24.994	25.000
879	1015	2025-04-18 09:26:23+00	8	합격	스크래치	2	40.002	40.000
880	1016	2025-04-20 00:49:00+00	8	합격	버(burr)	17	7.999	8.000
881	1017	2025-04-20 04:00:51+00	8	합격	표면조도불량	9	8.004	8.000
882	1018	2025-04-19 01:42:03+00	8	합격	\N	0	15.994	16.000
883	1019	2025-04-20 05:52:36+00	8	합격	버(burr)	41	2.999	3.000
884	1020	2025-04-20 03:00:51+00	8	합격	\N	0	5.001	5.000
885	1021	2025-04-20 01:17:09+00	8	합격	\N	0	30.003	30.000
886	1022	2025-04-20 03:09:45+00	8	합격	버(burr)	10	12.002	12.000
887	1023	2025-04-19 02:46:56+00	8	합격	\N	0	12.002	12.000
888	1024	2025-04-20 09:14:18+00	8	합격	버(burr)	7	25.006	25.000
889	1025	2025-04-19 05:22:43+00	8	합격	스크래치	4	39.995	40.000
890	1026	2025-04-22 04:58:25+00	8	합격	표면조도불량	15	7.997	8.000
891	1027	2025-04-22 09:49:01+00	8	합격	표면조도불량	17	8.001	8.000
892	1028	2025-04-21 00:55:35+00	8	합격	표면조도불량	19	12.002	12.000
893	1029	2025-04-22 01:42:10+00	8	합격	\N	0	15.998	16.000
894	1030	2025-04-22 02:48:29+00	8	합격	버(burr)	18	2.997	3.000
895	1031	2025-04-22 02:29:50+00	8	합격	\N	0	4.996	5.000
896	1033	2025-04-22 05:25:20+00	8	합격	\N	0	30.004	30.000
897	1034	2025-04-21 05:48:50+00	8	합격	버(burr)	12	9.998	10.000
898	1035	2025-04-21 07:22:59+00	8	합격	\N	0	9.999	10.000
899	1036	2025-04-22 07:51:03+00	8	합격	표면조도불량	7	12.004	12.000
900	1037	2025-04-22 09:28:50+00	8	합격	버(burr)	4	12.003	12.000
901	1038	2025-04-22 01:15:25+00	8	합격	\N	0	24.999	25.000
902	1040	2025-04-23 03:19:50+00	8	합격	스크래치	13	8.002	8.000
903	1041	2025-04-22 02:39:12+00	8	합격	스크래치	20	11.997	12.000
904	1042	2025-04-22 03:08:06+00	8	합격	\N	0	15.996	16.000
905	1044	2025-04-22 09:52:57+00	8	합격	\N	0	20.003	20.000
906	1046	2025-04-23 05:16:20+00	8	합격	\N	0	10.001	10.000
907	1047	2025-04-23 01:49:21+00	8	합격	\N	0	9.999	10.000
908	1049	2025-04-22 08:55:47+00	8	합격	표면조도불량	5	11.998	12.000
909	1050	2025-04-23 05:49:53+00	8	합격	\N	0	25.003	25.000
910	1051	2025-04-23 07:22:42+00	8	합격	표면조도불량	2	39.997	40.000
911	1053	2025-04-23 09:09:09+00	8	합격	스크래치	9	7.998	8.000
912	1055	2025-04-23 02:34:41+00	8	합격	\N	0	2.999	3.000
913	1056	2025-04-23 03:38:09+00	8	합격	\N	0	4.996	5.000
914	1057	2025-04-24 06:24:28+00	8	합격	스크래치	12	20.004	20.000
915	1058	2025-04-23 03:20:48+00	8	합격	스크래치	12	30.003	30.000
916	1060	2025-04-23 09:36:56+00	8	합격	버(burr)	5	10.001	10.000
917	1061	2025-04-24 07:57:23+00	8	합격	표면조도불량	4	11.997	12.000
918	1063	2025-04-24 06:01:08+00	8	합격	표면조도불량	6	25.004	25.000
919	1064	2025-04-23 06:12:59+00	8	합격	표면조도불량	6	39.995	40.000
920	1065	2025-04-24 00:36:59+00	8	합격	스크래치	11	7.998	8.000
921	1066	2025-04-24 00:38:44+00	8	합격	\N	0	8.000	8.000
922	1067	2025-04-25 02:24:16+00	8	합격	버(burr)	16	11.994	12.000
923	1068	2025-04-24 00:53:59+00	8	합격	\N	0	16.002	16.000
924	1069	2025-04-25 07:55:49+00	8	합격	표면조도불량	54	3.004	3.000
925	1070	2025-04-24 04:55:29+00	8	합격	버(burr)	18	5.000	5.000
926	1071	2025-04-25 08:20:05+00	8	합격	\N	0	20.002	20.000
927	1072	2025-04-25 07:31:54+00	8	합격	\N	0	30.004	30.000
928	1073	2025-04-24 04:36:29+00	8	합격	버(burr)	15	10.002	10.000
929	1074	2025-04-24 04:44:50+00	8	합격	버(burr)	8	9.998	10.000
930	1075	2025-04-25 04:50:30+00	8	합격	표면조도불량	4	11.996	12.000
931	1076	2025-04-24 06:41:31+00	8	합격	스크래치	4	25.007	25.000
932	1077	2025-04-25 04:43:07+00	8	합격	\N	0	39.993	40.000
933	1078	2025-04-25 08:52:06+00	8	합격	표면조도불량	21	8.003	8.000
934	1080	2025-04-25 06:17:33+00	8	합격	\N	0	12.005	12.000
935	1081	2025-04-26 03:11:25+00	8	합격	스크래치	25	15.998	16.000
936	1082	2025-04-25 00:10:55+00	8	합격	스크래치	46	2.999	3.000
937	1084	2025-04-25 01:16:54+00	8	합격	스크래치	10	19.997	20.000
938	1085	2025-04-26 05:22:20+00	8	합격	표면조도불량	6	30.004	30.000
939	1086	2025-04-26 07:34:59+00	8	합격	\N	0	9.999	10.000
940	1087	2025-04-26 06:45:02+00	8	합격	버(burr)	9	10.000	10.000
941	1088	2025-04-26 03:29:46+00	8	합격	표면조도불량	7	12.004	12.000
942	1089	2025-04-26 00:30:20+00	8	합격	표면조도불량	4	25.001	25.000
943	1090	2025-04-26 00:58:11+00	8	합격	버(burr)	2	40.000	40.000
944	1091	2025-04-26 08:48:15+00	8	합격	\N	0	8.000	8.000
945	1092	2025-04-27 00:57:54+00	8	합격	표면조도불량	11	7.996	8.000
946	1093	2025-04-26 00:41:03+00	8	합격	버(burr)	18	11.995	12.000
947	1094	2025-04-27 00:41:13+00	8	합격	표면조도불량	17	15.999	16.000
948	1095	2025-04-27 08:34:33+00	8	합격	스크래치	19	4.998	5.000
949	1096	2025-04-26 02:26:21+00	8	합격	표면조도불량	14	20.000	20.000
950	1097	2025-04-26 03:15:25+00	8	합격	\N	0	10.002	10.000
951	1098	2025-04-26 07:28:18+00	8	합격	\N	0	12.003	12.000
952	1099	2025-04-27 01:08:05+00	8	합격	스크래치	4	24.998	25.000
953	1100	2025-04-27 03:21:26+00	8	합격	\N	0	40.006	40.000
954	1101	2025-04-28 01:40:57+00	8	합격	표면조도불량	10	7.996	8.000
955	1102	2025-04-29 06:47:24+00	8	합격	\N	0	8.004	8.000
956	1103	2025-04-28 02:07:16+00	8	합격	\N	0	12.003	12.000
957	1104	2025-04-29 02:59:06+00	8	합격	버(burr)	25	15.998	16.000
958	1105	2025-04-29 09:34:08+00	8	합격	표면조도불량	42	3.000	3.000
959	1106	2025-04-28 06:56:16+00	8	합격	표면조도불량	8	19.996	20.000
960	1108	2025-04-28 00:21:52+00	8	합격	스크래치	4	10.001	10.000
961	1109	2025-04-28 04:24:45+00	8	합격	\N	0	11.997	12.000
962	1110	2025-04-28 04:27:37+00	8	합격	표면조도불량	4	11.999	12.000
963	1112	2025-04-29 06:10:08+00	8	합격	\N	0	39.994	40.000
964	1113	2025-04-29 00:44:10+00	8	합격	스크래치	12	8.003	8.000
965	1114	2025-04-30 00:07:13+00	8	합격	\N	0	7.996	8.000
966	1115	2025-04-29 04:11:20+00	8	합격	\N	0	12.001	12.000
967	1116	2025-04-29 07:13:21+00	8	합격	스크래치	17	15.996	16.000
968	1117	2025-04-30 07:41:44+00	8	합격	스크래치	48	2.997	3.000
969	1118	2025-04-29 05:22:44+00	8	합격	\N	0	20.000	20.000
970	1119	2025-04-29 05:24:52+00	8	합격	\N	0	30.000	30.000
971	1120	2025-04-29 09:50:57+00	8	합격	표면조도불량	4	10.001	10.000
972	1121	2025-04-29 02:14:41+00	8	합격	버(burr)	7	10.001	10.000
973	1122	2025-04-29 02:30:26+00	8	합격	\N	0	12.000	12.000
974	1123	2025-04-30 05:16:41+00	8	합격	\N	0	12.003	12.000
975	1125	2025-04-29 04:47:59+00	8	합격	표면조도불량	2	40.007	40.000
976	1127	2025-05-01 09:18:10+00	8	합격	버(burr)	14	7.997	8.000
977	1128	2025-05-01 03:02:15+00	8	합격	스크래치	11	16.002	16.000
978	1129	2025-04-30 05:36:26+00	8	합격	버(burr)	30	3.004	3.000
979	1130	2025-04-30 09:45:49+00	8	합격	스크래치	14	4.999	5.000
980	1131	2025-05-01 05:41:51+00	8	합격	버(burr)	15	20.002	20.000
981	1132	2025-05-01 03:15:33+00	8	합격	\N	0	12.004	12.000
982	1133	2025-05-01 09:48:12+00	8	합격	스크래치	3	25.005	25.000
983	1135	2025-05-02 05:05:03+00	8	합격	\N	0	8.003	8.000
984	1136	2025-05-02 06:03:29+00	8	합격	\N	0	11.996	12.000
985	1137	2025-05-02 00:11:25+00	8	합격	스크래치	31	16.002	16.000
986	1138	2025-05-02 00:12:12+00	8	합격	표면조도불량	55	2.998	3.000
987	1140	2025-05-01 07:48:15+00	8	합격	표면조도불량	4	30.004	30.000
988	1141	2025-05-02 07:22:51+00	8	합격	버(burr)	7	9.998	10.000
989	1142	2025-05-01 04:56:34+00	8	합격	\N	0	10.000	10.000
990	1143	2025-05-01 09:20:50+00	8	합격	표면조도불량	8	12.001	12.000
991	1144	2025-05-02 09:28:20+00	8	합격	\N	0	11.996	12.000
992	1146	2025-05-03 04:00:57+00	8	합격	표면조도불량	16	7.999	8.000
993	1147	2025-05-02 05:07:53+00	8	합격	\N	0	2.999	3.000
994	1148	2025-05-02 03:03:04+00	8	합격	\N	0	4.997	5.000
995	1150	2025-05-02 02:27:30+00	8	합격	\N	0	29.996	30.000
996	1151	2025-05-03 01:42:52+00	8	합격	\N	0	9.999	10.000
997	1152	2025-05-03 07:28:25+00	8	합격	\N	0	12.000	12.000
998	1153	2025-05-03 02:06:42+00	8	합격	\N	0	11.999	12.000
999	1154	2025-05-03 00:41:08+00	8	합격	버(burr)	6	24.997	25.000
1000	1155	2025-05-04 04:23:31+00	8	합격	\N	0	7.997	8.000
1001	1156	2025-05-04 03:14:32+00	8	합격	버(burr)	18	8.003	8.000
1002	1157	2025-05-04 03:45:53+00	8	합격	표면조도불량	31	12.001	12.000
1003	1158	2025-05-03 00:58:02+00	8	합격	\N	0	16.000	16.000
1004	1160	2025-05-04 03:49:41+00	8	합격	\N	0	4.999	5.000
1005	1161	2025-05-04 00:07:33+00	8	합격	\N	0	29.998	30.000
1006	1162	2025-05-04 01:26:17+00	8	합격	\N	0	12.002	12.000
1007	1163	2025-05-08 01:16:50+00	8	합격	\N	0	7.997	8.000
1008	1166	2025-05-07 07:19:09+00	8	합격	버(burr)	21	15.999	16.000
1009	1169	2025-05-08 00:31:37+00	8	합격	표면조도불량	13	20.000	20.000
1010	1170	2025-05-07 06:56:08+00	8	합격	\N	0	30.004	30.000
1011	1171	2025-05-08 08:59:34+00	8	합격	\N	0	10.002	10.000
1012	1173	2025-05-08 02:43:12+00	8	합격	스크래치	9	11.999	12.000
1013	1175	2025-05-07 06:31:28+00	8	합격	표면조도불량	2	40.005	40.000
1014	1176	2025-05-08 03:30:33+00	8	합격	스크래치	7	7.998	8.000
1015	1177	2025-05-09 07:09:33+00	8	합격	\N	0	8.003	8.000
1016	1178	2025-05-09 05:20:27+00	8	합격	\N	0	11.999	12.000
1017	1179	2025-05-08 01:49:20+00	8	합격	스크래치	16	3.004	3.000
1018	1180	2025-05-09 01:06:59+00	8	합격	표면조도불량	36	5.000	5.000
1019	1181	2025-05-08 00:01:46+00	8	합격	스크래치	17	19.999	20.000
1020	1182	2025-05-09 05:43:41+00	8	합격	\N	0	29.999	30.000
1021	1183	2025-05-09 06:42:09+00	8	합격	버(burr)	5	9.999	10.000
1022	1184	2025-05-09 00:28:43+00	8	합격	버(burr)	4	9.998	10.000
1023	1186	2025-05-09 08:43:18+00	8	합격	버(burr)	12	11.998	12.000
1024	1187	2025-05-08 01:45:43+00	8	합격	\N	0	40.004	40.000
1025	1188	2025-05-10 02:52:33+00	8	합격	표면조도불량	21	8.001	8.000
1026	1189	2025-05-09 05:45:19+00	8	합격	\N	0	8.003	8.000
1027	1190	2025-05-10 02:37:20+00	8	합격	표면조도불량	15	12.005	12.000
1028	1191	2025-05-10 06:13:17+00	8	합격	\N	0	16.000	16.000
1029	1192	2025-05-10 08:25:00+00	8	합격	\N	0	3.004	3.000
1030	1193	2025-05-09 01:10:33+00	8	합격	\N	0	4.997	5.000
1031	1194	2025-05-09 09:26:38+00	8	합격	\N	0	19.997	20.000
1032	1195	2025-05-10 04:55:27+00	8	합격	스크래치	15	9.999	10.000
1033	1197	2025-05-09 09:33:23+00	8	합격	\N	0	24.993	25.000
1034	1198	2025-05-10 06:35:23+00	8	합격	스크래치	5	40.000	40.000
1035	1200	2025-05-11 06:03:47+00	8	합격	스크래치	36	5.000	5.000
1036	1201	2025-05-11 05:06:16+00	8	합격	버(burr)	6	20.002	20.000
1037	1202	2025-05-10 03:48:47+00	8	합격	버(burr)	6	9.998	10.000
1038	1203	2025-05-10 06:18:37+00	8	합격	\N	0	12.001	12.000
1039	1204	2025-05-10 04:45:02+00	8	합격	\N	0	11.996	12.000
1040	1205	2025-05-11 03:36:16+00	8	합격	스크래치	2	40.002	40.000
1041	1206	2025-05-12 04:00:30+00	8	합격	스크래치	9	8.000	8.000
1042	1207	2025-05-12 05:48:46+00	8	합격	\N	0	8.000	8.000
1043	1208	2025-05-12 09:20:31+00	8	합격	버(burr)	20	12.005	12.000
1044	1209	2025-05-13 04:31:27+00	8	합격	버(burr)	12	15.993	16.000
1045	1210	2025-05-12 03:55:21+00	8	합격	표면조도불량	27	4.997	5.000
1046	1211	2025-05-12 07:08:57+00	8	합격	버(burr)	15	19.997	20.000
1047	1212	2025-05-13 05:55:23+00	8	합격	스크래치	7	29.998	30.000
1048	1214	2025-05-13 06:22:21+00	8	합격	\N	0	12.000	12.000
1049	1215	2025-05-13 06:04:24+00	8	합격	\N	0	24.998	25.000
1050	1216	2025-05-13 06:29:51+00	8	합격	스크래치	2	40.005	40.000
1051	1217	2025-05-14 01:53:30+00	8	합격	표면조도불량	16	7.997	8.000
1052	1218	2025-05-13 00:26:23+00	8	합격	스크래치	19	7.999	8.000
1053	1219	2025-05-14 03:12:43+00	8	합격	스크래치	17	11.998	12.000
1054	1221	2025-05-14 08:19:35+00	8	합격	스크래치	18	2.998	3.000
1055	1222	2025-05-13 09:53:02+00	8	합격	스크래치	32	5.002	5.000
1056	1223	2025-05-13 08:41:51+00	8	합격	스크래치	8	10.001	10.000
1057	1224	2025-05-14 08:06:03+00	8	합격	\N	0	10.001	10.000
1058	1225	2025-05-14 09:00:56+00	8	합격	\N	0	12.002	12.000
1059	1226	2025-05-13 04:14:33+00	8	합격	\N	0	24.995	25.000
1060	1228	2025-05-15 01:55:45+00	8	합격	버(burr)	13	8.001	8.000
1061	1229	2025-05-14 00:34:18+00	8	합격	\N	0	11.999	12.000
1062	1231	2025-05-15 01:42:30+00	8	합격	버(burr)	44	2.999	3.000
1063	1232	2025-05-15 06:33:22+00	8	합격	\N	0	5.003	5.000
1064	1233	2025-05-14 00:44:46+00	8	합격	\N	0	30.001	30.000
1065	1234	2025-05-15 09:03:54+00	8	합격	표면조도불량	11	10.001	10.000
1066	1235	2025-05-15 00:20:13+00	8	합격	\N	0	24.993	25.000
1067	1236	2025-05-14 01:18:00+00	8	합격	\N	0	40.001	40.000
1068	1237	2025-05-16 09:52:15+00	8	합격	버(burr)	21	8.000	8.000
1069	1238	2025-05-16 09:57:25+00	8	합격	스크래치	16	12.003	12.000
1070	1240	2025-05-15 05:19:34+00	8	합격	버(burr)	28	3.003	3.000
1071	1241	2025-05-16 06:02:39+00	8	합격	\N	0	5.002	5.000
1072	1242	2025-05-15 07:00:38+00	8	합격	버(burr)	15	20.000	20.000
1073	1243	2025-05-15 06:33:23+00	8	합격	\N	0	30.003	30.000
1074	1244	2025-05-16 00:24:46+00	8	합격	버(burr)	9	9.998	10.000
1075	1245	2025-05-16 02:51:59+00	8	합격	\N	0	10.002	10.000
1076	1248	2025-05-15 04:08:06+00	8	합격	\N	0	25.006	25.000
1077	1249	2025-05-16 04:19:01+00	8	합격	표면조도불량	4	39.997	40.000
1078	1250	2025-05-17 00:21:04+00	8	합격	\N	0	8.001	8.000
1079	1251	2025-05-17 07:39:24+00	8	합격	표면조도불량	13	7.996	8.000
1080	1252	2025-05-17 06:33:26+00	8	합격	\N	0	11.995	12.000
1081	1253	2025-05-16 05:30:54+00	8	합격	버(burr)	22	2.998	3.000
1082	1254	2025-05-16 03:43:19+00	8	합격	표면조도불량	6	20.001	20.000
1083	1255	2025-05-16 08:15:23+00	8	합격	\N	0	29.999	30.000
1084	1256	2025-05-16 06:15:20+00	8	합격	스크래치	6	10.002	10.000
1085	1257	2025-05-17 06:44:17+00	8	합격	표면조도불량	7	12.001	12.000
1086	1258	2025-05-16 04:15:27+00	8	합격	\N	0	11.996	12.000
1087	1259	2025-05-17 03:18:29+00	8	합격	표면조도불량	4	25.002	25.000
1088	1260	2025-05-17 08:55:23+00	8	합격	\N	0	39.998	40.000
1089	1261	2025-05-18 04:23:58+00	8	합격	버(burr)	6	7.996	8.000
1090	1262	2025-05-18 06:26:51+00	8	합격	\N	0	12.005	12.000
1091	1263	2025-05-17 09:21:39+00	8	합격	스크래치	27	16.005	16.000
1092	1264	2025-05-17 07:38:20+00	8	합격	버(burr)	17	5.001	5.000
1093	1265	2025-05-18 09:54:03+00	8	합격	스크래치	10	19.996	20.000
1094	1266	2025-05-17 05:53:49+00	8	합격	\N	0	30.001	30.000
1095	1267	2025-05-17 06:50:17+00	8	합격	스크래치	13	10.000	10.000
1096	1268	2025-05-17 09:24:17+00	8	합격	\N	0	10.001	10.000
1097	1269	2025-05-18 02:25:56+00	8	합격	\N	0	12.004	12.000
1098	1270	2025-05-18 01:05:16+00	8	합격	스크래치	3	11.997	12.000
1099	1271	2025-05-17 07:47:48+00	8	합격	버(burr)	2	25.003	25.000
1100	1272	2025-05-17 08:00:52+00	8	합격	\N	0	39.993	40.000
1101	1273	2025-05-20 06:13:15+00	8	합격	\N	0	8.001	8.000
1102	1274	2025-05-19 02:17:07+00	8	합격	\N	0	8.004	8.000
1103	1275	2025-05-20 04:16:09+00	8	합격	표면조도불량	19	16.001	16.000
1104	1276	2025-05-20 00:40:11+00	8	합격	스크래치	24	2.997	3.000
1105	1277	2025-05-19 05:38:21+00	8	합격	버(burr)	15	4.997	5.000
1106	1279	2025-05-19 08:41:31+00	8	합격	표면조도불량	7	10.001	10.000
1107	1280	2025-05-20 03:19:18+00	8	합격	스크래치	10	9.998	10.000
1108	1282	2025-05-19 02:31:07+00	8	합격	\N	0	12.000	12.000
1109	1283	2025-05-19 02:25:07+00	8	합격	스크래치	3	40.004	40.000
1110	1284	2025-05-21 04:11:42+00	8	합격	\N	0	12.005	12.000
1111	1285	2025-05-21 09:26:03+00	8	합격	\N	0	15.995	16.000
1112	1286	2025-05-21 04:43:25+00	8	합격	스크래치	30	2.999	3.000
1113	1287	2025-05-20 08:15:18+00	8	합격	스크래치	46	4.998	5.000
1114	1288	2025-05-21 09:07:49+00	8	합격	\N	0	19.996	20.000
1115	1289	2025-05-20 05:20:45+00	8	합격	표면조도불량	4	30.002	30.000
1116	1290	2025-05-21 05:04:26+00	8	합격	\N	0	9.999	10.000
1117	1291	2025-05-20 08:26:19+00	8	합격	버(burr)	13	12.000	12.000
1118	1292	2025-05-20 02:18:55+00	8	합격	표면조도불량	9	12.000	12.000
1119	1293	2025-05-20 04:38:41+00	8	합격	\N	0	39.996	40.000
1120	1294	2025-05-21 05:37:33+00	8	합격	표면조도불량	15	8.001	8.000
1121	1295	2025-05-22 05:53:57+00	8	합격	버(burr)	19	7.998	8.000
1122	1296	2025-05-22 08:29:11+00	8	합격	버(burr)	13	12.000	12.000
1123	1297	2025-05-22 00:44:05+00	8	합격	버(burr)	12	15.994	16.000
1124	1298	2025-05-22 00:03:36+00	8	합격	\N	0	3.001	3.000
1125	1299	2025-05-22 05:42:06+00	8	합격	표면조도불량	42	4.998	5.000
1126	1300	2025-05-22 06:19:16+00	8	합격	\N	0	20.001	20.000
1127	1301	2025-05-22 01:34:23+00	8	합격	버(burr)	9	30.003	30.000
1128	1302	2025-05-22 06:05:11+00	8	합격	\N	0	10.001	10.000
1129	1303	2025-05-21 00:16:25+00	8	합격	\N	0	10.000	10.000
1130	1304	2025-05-21 09:05:05+00	8	합격	\N	0	12.004	12.000
1131	1305	2025-05-22 02:38:39+00	8	합격	버(burr)	9	12.001	12.000
1132	1306	2025-05-21 00:04:10+00	8	합격	\N	0	39.999	40.000
1133	1307	2025-05-22 03:48:52+00	8	합격	\N	0	8.001	8.000
1134	1308	2025-05-23 01:27:05+00	8	합격	\N	0	7.997	8.000
1135	1309	2025-05-22 06:20:55+00	8	합격	\N	0	12.005	12.000
1136	1310	2025-05-22 02:43:48+00	8	합격	표면조도불량	13	15.995	16.000
1137	1311	2025-05-23 01:01:42+00	8	합격	\N	0	3.004	3.000
1138	1312	2025-05-23 04:11:01+00	8	합격	버(burr)	17	5.004	5.000
1139	1313	2025-05-22 09:53:54+00	8	합격	표면조도불량	5	20.002	20.000
1140	1314	2025-05-23 06:56:52+00	8	합격	\N	0	29.999	30.000
1141	1315	2025-05-22 09:22:39+00	8	합격	스크래치	5	10.001	10.000
1142	1316	2025-05-22 02:39:27+00	8	합격	버(burr)	13	10.001	10.000
1143	1317	2025-05-22 00:01:07+00	8	합격	\N	0	12.000	12.000
1144	1318	2025-05-23 08:02:01+00	8	합격	표면조도불량	4	12.004	12.000
1145	1319	2025-05-23 01:51:54+00	8	합격	\N	0	24.995	25.000
1146	1320	2025-05-23 05:06:06+00	8	합격	\N	0	40.004	40.000
1147	1321	2025-05-23 03:42:48+00	8	합격	스크래치	11	7.998	8.000
1148	1322	2025-05-23 08:59:34+00	8	합격	\N	0	12.001	12.000
1149	1323	2025-05-24 06:06:41+00	8	합격	스크래치	46	3.004	3.000
1150	1324	2025-05-23 02:56:16+00	8	합격	\N	0	4.997	5.000
1151	1325	2025-05-23 05:48:08+00	8	합격	스크래치	8	20.000	20.000
1152	1326	2025-05-23 06:40:51+00	8	합격	버(burr)	6	29.997	30.000
1153	1327	2025-05-23 07:35:29+00	8	합격	\N	0	9.999	10.000
1154	1328	2025-05-23 05:52:12+00	8	합격	스크래치	7	9.998	10.000
1155	1330	2025-05-23 04:06:21+00	8	합격	\N	0	25.004	25.000
1156	1331	2025-05-23 03:36:40+00	8	합격	표면조도불량	3	39.994	40.000
1157	1332	2025-05-24 05:31:59+00	8	합격	표면조도불량	13	7.997	8.000
1158	1333	2025-05-24 03:22:24+00	8	합격	\N	0	8.000	8.000
1159	1334	2025-05-24 08:22:21+00	8	합격	버(burr)	36	12.001	12.000
1160	1336	2025-05-25 05:51:20+00	8	합격	버(burr)	32	3.003	3.000
1161	1337	2025-05-24 06:30:05+00	8	합격	표면조도불량	14	5.004	5.000
1162	1338	2025-05-25 01:52:51+00	8	합격	\N	0	19.997	20.000
1163	1339	2025-05-25 00:44:33+00	8	합격	버(burr)	11	30.002	30.000
1164	1340	2025-05-25 09:58:18+00	8	합격	\N	0	10.002	10.000
1165	1341	2025-05-24 06:50:41+00	8	합격	표면조도불량	11	12.000	12.000
1166	1342	2025-05-24 04:55:10+00	8	합격	스크래치	10	12.002	12.000
1167	1343	2025-05-24 00:45:31+00	8	합격	표면조도불량	6	25.007	25.000
1168	1344	2025-05-25 09:47:02+00	8	합격	스크래치	3	39.994	40.000
1169	1345	2025-05-27 09:43:18+00	8	합격	표면조도불량	14	8.002	8.000
1170	1347	2025-05-26 01:52:50+00	8	합격	\N	0	12.002	12.000
1171	1348	2025-05-26 05:16:56+00	8	합격	스크래치	21	16.001	16.000
1172	1349	2025-05-26 01:52:51+00	8	합격	\N	0	3.003	3.000
1173	1350	2025-05-26 06:43:47+00	8	합격	스크래치	40	5.002	5.000
1174	1351	2025-05-27 09:01:49+00	8	합격	버(burr)	13	19.998	20.000
1175	1352	2025-05-27 04:47:00+00	8	합격	버(burr)	10	30.003	30.000
1176	1353	2025-05-26 01:20:22+00	8	합격	\N	0	10.000	10.000
1177	1354	2025-05-27 03:56:16+00	8	합격	표면조도불량	4	12.004	12.000
1178	1355	2025-05-26 05:22:19+00	8	합격	버(burr)	4	25.003	25.000
1179	1356	2025-05-28 01:25:28+00	8	합격	\N	0	7.996	8.000
1180	1357	2025-05-27 09:37:28+00	8	합격	스크래치	14	8.004	8.000
1181	1358	2025-05-28 05:01:21+00	8	합격	\N	0	12.006	12.000
1182	1359	2025-05-28 07:55:52+00	8	합격	\N	0	15.999	16.000
1183	1360	2025-05-28 01:07:51+00	8	합격	표면조도불량	29	3.000	3.000
1184	1361	2025-05-28 05:00:45+00	8	합격	\N	0	5.003	5.000
1185	1363	2025-05-28 01:30:45+00	8	합격	\N	0	9.998	10.000
1186	1364	2025-05-28 04:03:44+00	8	합격	\N	0	10.000	10.000
1187	1366	2025-05-28 07:27:51+00	8	합격	표면조도불량	5	12.001	12.000
1188	1367	2025-05-27 03:28:12+00	8	합격	스크래치	5	25.002	25.000
1189	1368	2025-05-27 05:35:57+00	8	합격	버(burr)	2	40.007	40.000
1190	1369	2025-05-28 07:46:01+00	8	합격	\N	0	8.000	8.000
1191	1370	2025-05-28 09:19:45+00	8	합격	\N	0	12.001	12.000
1192	1371	2025-05-28 06:51:57+00	8	합격	버(burr)	30	16.002	16.000
1193	1372	2025-05-29 09:43:03+00	8	합격	\N	0	3.000	3.000
1194	1373	2025-05-28 07:24:32+00	8	합격	스크래치	8	20.001	20.000
1195	1374	2025-05-28 09:38:03+00	8	합격	표면조도불량	14	9.999	10.000
1196	1375	2025-05-28 02:20:30+00	8	합격	버(burr)	4	9.998	10.000
1197	1376	2025-05-29 05:29:12+00	8	합격	표면조도불량	6	12.000	12.000
1198	1377	2025-05-29 07:21:06+00	8	합격	\N	0	25.004	25.000
1199	1378	2025-05-29 08:06:34+00	8	합격	스크래치	4	39.998	40.000
1200	1379	2025-05-30 03:36:33+00	8	합격	스크래치	15	8.001	8.000
1201	1380	2025-05-29 04:34:25+00	8	합격	스크래치	11	11.993	12.000
1202	1381	2025-05-30 03:36:35+00	8	합격	\N	0	16.005	16.000
1203	1382	2025-05-29 03:13:04+00	8	합격	\N	0	3.004	3.000
1204	1383	2025-05-30 07:54:18+00	8	합격	버(burr)	7	19.999	20.000
1205	1384	2025-05-30 03:23:52+00	8	합격	\N	0	30.000	30.000
1206	1385	2025-05-30 02:52:27+00	8	합격	\N	0	10.002	10.000
1207	1386	2025-05-30 09:41:04+00	8	합격	스크래치	5	9.998	10.000
1208	1387	2025-05-29 06:14:48+00	8	합격	버(burr)	5	11.996	12.000
1209	1388	2025-05-30 03:08:12+00	8	합격	\N	0	11.999	12.000
1210	1389	2025-05-29 09:31:10+00	8	합격	스크래치	4	25.001	25.000
1211	1390	2025-05-30 00:31:00+00	8	합격	\N	0	7.996	8.000
1212	1391	2025-05-30 05:41:43+00	8	합격	\N	0	7.999	8.000
1213	1392	2025-05-30 09:01:59+00	8	합격	스크래치	17	15.995	16.000
1214	1393	2025-05-31 04:34:41+00	8	합격	\N	0	3.002	3.000
1215	1394	2025-05-30 03:51:36+00	8	합격	\N	0	5.000	5.000
1216	1395	2025-05-31 05:52:05+00	8	합격	스크래치	6	20.000	20.000
1217	1397	2025-05-31 03:24:55+00	8	합격	\N	0	10.001	10.000
1218	1398	2025-05-31 08:44:57+00	8	합격	스크래치	15	10.001	10.000
1219	1400	2025-05-30 06:23:38+00	8	합격	\N	0	11.999	12.000
1220	1401	2025-05-30 04:16:22+00	8	합격	\N	0	39.997	40.000
1221	1402	2025-06-01 04:09:30+00	8	합격	\N	0	7.997	8.000
1222	1403	2025-05-31 00:22:44+00	8	합격	\N	0	7.998	8.000
1223	1404	2025-05-31 00:03:49+00	8	합격	표면조도불량	34	11.998	12.000
1224	1405	2025-05-31 09:01:35+00	8	합격	스크래치	16	16.002	16.000
1225	1406	2025-05-31 01:50:07+00	8	합격	표면조도불량	47	2.997	3.000
1226	1407	2025-05-31 00:19:24+00	8	합격	스크래치	27	5.001	5.000
1227	1409	2025-05-31 02:48:15+00	8	합격	\N	0	9.998	10.000
1228	1410	2025-06-01 02:52:19+00	8	합격	\N	0	11.997	12.000
1229	1411	2025-05-31 09:14:45+00	8	합격	\N	0	11.996	12.000
1230	1412	2025-05-31 04:09:15+00	8	합격	\N	0	24.999	25.000
1231	1413	2025-06-02 08:48:41+00	8	합격	스크래치	9	7.997	8.000
1232	1414	2025-06-02 07:14:33+00	8	합격	\N	0	12.005	12.000
1233	1417	2025-06-03 07:28:33+00	8	합격	스크래치	16	5.002	5.000
1234	1418	2025-06-03 03:05:28+00	8	합격	\N	0	19.996	20.000
1235	1419	2025-06-03 07:22:53+00	8	합격	버(burr)	6	10.001	10.000
1236	1420	2025-06-03 03:53:59+00	8	합격	표면조도불량	12	10.000	10.000
1237	1421	2025-06-02 04:00:29+00	8	합격	버(burr)	6	11.999	12.000
1238	1422	2025-06-02 07:14:32+00	8	합격	스크래치	2	24.994	25.000
1239	1423	2025-06-03 07:19:01+00	8	합격	버(burr)	5	40.002	40.000
1240	1424	2025-06-03 01:09:27+00	8	합격	\N	0	7.998	8.000
1241	1425	2025-06-04 05:09:40+00	8	합격	표면조도불량	25	15.996	16.000
1242	1427	2025-06-03 01:04:52+00	8	합격	\N	0	5.004	5.000
1243	1428	2025-06-04 02:32:34+00	8	합격	버(burr)	10	20.003	20.000
1244	1429	2025-06-04 03:15:49+00	8	합격	버(burr)	7	30.003	30.000
1245	1430	2025-06-03 03:12:54+00	8	합격	\N	0	10.001	10.000
1246	1431	2025-06-04 04:20:14+00	8	합격	\N	0	10.000	10.000
1247	1432	2025-06-03 00:30:45+00	8	합격	\N	0	12.001	12.000
1248	1433	2025-06-03 04:37:53+00	8	합격	\N	0	11.996	12.000
1249	1434	2025-06-04 06:18:27+00	8	합격	스크래치	5	24.994	25.000
1250	1435	2025-06-05 00:55:07+00	8	합격	\N	0	8.000	8.000
1251	1436	2025-06-05 02:10:30+00	8	합격	표면조도불량	20	11.997	12.000
1252	1437	2025-06-05 09:07:45+00	8	합격	스크래치	20	15.995	16.000
1253	1439	2025-06-04 03:49:56+00	8	합격	\N	0	5.003	5.000
1254	1441	2025-06-04 03:24:19+00	8	합격	버(burr)	5	9.999	10.000
1255	1442	2025-06-04 03:26:34+00	8	합격	\N	0	10.000	10.000
1256	1444	2025-06-04 06:06:33+00	8	합격	\N	0	12.004	12.000
1257	1445	2025-06-05 08:39:49+00	8	합격	표면조도불량	3	24.997	25.000
1258	1446	2025-06-04 09:44:33+00	8	합격	버(burr)	5	40.003	40.000
1259	1447	2025-06-05 05:05:00+00	8	합격	버(burr)	7	8.004	8.000
1260	1448	2025-06-06 09:07:15+00	8	합격	스크래치	17	7.997	8.000
1261	1449	2025-06-06 02:39:20+00	8	합격	버(burr)	21	11.996	12.000
1262	1450	2025-06-05 08:37:50+00	8	합격	\N	0	15.999	16.000
1263	1451	2025-06-06 09:25:14+00	8	합격	스크래치	32	3.004	3.000
1264	1453	2025-06-06 00:45:12+00	8	합격	버(burr)	12	30.003	30.000
1265	1454	2025-06-06 09:48:46+00	8	합격	버(burr)	6	9.999	10.000
1266	1455	2025-06-05 00:24:07+00	8	합격	스크래치	11	9.999	10.000
1267	1456	2025-06-05 06:53:02+00	8	합격	\N	0	12.004	12.000
1268	1457	2025-06-06 04:58:51+00	8	합격	\N	0	11.997	12.000
1269	1458	2025-06-06 06:52:02+00	8	합격	스크래치	7	24.997	25.000
1270	1459	2025-06-05 04:18:39+00	8	합격	버(burr)	5	40.003	40.000
1271	1460	2025-06-08 00:35:07+00	8	합격	버(burr)	10	8.001	8.000
1272	1461	2025-06-08 09:24:38+00	8	합격	스크래치	14	7.996	8.000
1273	1462	2025-06-08 06:48:33+00	8	합격	표면조도불량	26	12.006	12.000
1274	1464	2025-06-07 05:19:42+00	8	합격	표면조도불량	40	2.997	3.000
1275	1465	2025-06-07 05:21:25+00	8	합격	\N	0	20.004	20.000
1276	1467	2025-06-07 00:39:18+00	8	합격	스크래치	4	9.999	10.000
1277	1468	2025-06-08 02:21:47+00	8	합격	\N	0	12.003	12.000
1278	1469	2025-06-08 07:32:19+00	8	합격	\N	0	12.000	12.000
1279	1470	2025-06-08 00:08:16+00	8	합격	\N	0	39.999	40.000
1280	1471	2025-06-09 08:07:24+00	8	합격	표면조도불량	8	8.004	8.000
1281	1472	2025-06-10 08:05:52+00	8	합격	스크래치	11	16.007	16.000
1282	1473	2025-06-09 01:08:34+00	8	합격	스크래치	45	3.000	3.000
1283	1474	2025-06-10 01:23:44+00	8	합격	\N	0	5.001	5.000
1284	1475	2025-06-09 02:48:56+00	8	합격	표면조도불량	12	19.999	20.000
1285	1476	2025-06-09 02:55:33+00	8	합격	\N	0	30.003	30.000
1286	1477	2025-06-10 03:09:56+00	8	합격	\N	0	10.002	10.000
1287	1478	2025-06-09 04:51:57+00	8	합격	표면조도불량	12	10.001	10.000
1288	1479	2025-06-10 06:17:29+00	8	합격	\N	0	11.997	12.000
1289	1480	2025-06-10 01:09:15+00	8	합격	표면조도불량	6	25.001	25.000
1290	1481	2025-06-10 07:11:55+00	8	합격	\N	0	40.001	40.000
1291	1483	2025-06-11 07:51:00+00	8	합격	버(burr)	10	7.997	8.000
1292	1484	2025-06-11 09:25:23+00	8	합격	표면조도불량	36	12.007	12.000
1293	1485	2025-06-10 09:49:25+00	8	합격	표면조도불량	24	15.996	16.000
1294	1486	2025-06-10 09:46:07+00	8	합격	표면조도불량	30	2.996	3.000
1295	1487	2025-06-10 09:14:52+00	8	합격	버(burr)	35	4.997	5.000
1296	1488	2025-06-11 04:26:56+00	8	합격	버(burr)	10	19.998	20.000
1297	1489	2025-06-10 09:03:20+00	8	합격	버(burr)	6	30.002	30.000
1298	1491	2025-06-10 02:31:21+00	8	합격	\N	0	11.999	12.000
1299	1492	2025-06-11 08:52:35+00	8	합격	\N	0	11.998	12.000
1300	1493	2025-06-10 06:41:14+00	8	합격	\N	0	39.996	40.000
1301	1494	2025-06-11 03:47:12+00	8	합격	버(burr)	6	7.999	8.000
1302	1495	2025-06-12 03:03:26+00	8	합격	\N	0	7.996	8.000
1303	1496	2025-06-11 02:42:13+00	8	합격	\N	0	12.006	12.000
1304	1497	2025-06-12 00:50:39+00	8	합격	\N	0	15.996	16.000
1305	1498	2025-06-12 09:41:28+00	8	합격	\N	0	2.997	3.000
1306	1500	2025-06-11 07:24:11+00	8	합격	표면조도불량	5	10.001	10.000
1307	1504	2025-06-11 03:15:24+00	8	합격	\N	0	24.994	25.000
1308	1505	2025-06-12 04:22:36+00	8	합격	버(burr)	4	40.004	40.000
1309	1506	2025-06-13 02:52:44+00	8	합격	\N	0	8.003	8.000
1310	1507	2025-06-12 05:29:14+00	8	합격	표면조도불량	10	8.003	8.000
1311	1508	2025-06-13 08:29:37+00	8	합격	\N	0	12.005	12.000
1312	1509	2025-06-13 05:08:06+00	8	합격	버(burr)	15	15.993	16.000
1313	1510	2025-06-12 02:57:12+00	8	합격	\N	0	2.999	3.000
1314	1511	2025-06-13 07:33:25+00	8	합격	\N	0	5.004	5.000
1315	1512	2025-06-13 05:06:38+00	8	합격	\N	0	20.002	20.000
1316	1513	2025-06-12 01:29:12+00	8	합격	스크래치	12	29.996	30.000
1317	1514	2025-06-13 09:37:10+00	8	합격	표면조도불량	13	10.001	10.000
1318	1515	2025-06-12 05:03:39+00	8	합격	스크래치	6	10.002	10.000
1319	1516	2025-06-13 01:55:07+00	8	합격	버(burr)	8	12.000	12.000
1320	1517	2025-06-12 04:07:34+00	8	합격	\N	0	24.994	25.000
1321	1518	2025-06-12 07:14:07+00	8	합격	버(burr)	2	39.996	40.000
1322	1519	2025-06-14 05:26:26+00	8	합격	\N	0	8.003	8.000
1323	1520	2025-06-13 09:01:51+00	8	합격	\N	0	8.003	8.000
1324	1521	2025-06-14 03:53:32+00	8	합격	버(burr)	24	11.997	12.000
1325	1522	2025-06-14 07:43:42+00	8	합격	\N	0	16.002	16.000
1326	1523	2025-06-13 05:36:29+00	8	합격	\N	0	3.002	3.000
1327	1524	2025-06-13 01:32:02+00	8	합격	\N	0	5.003	5.000
1328	1525	2025-06-14 02:12:14+00	8	합격	버(burr)	4	29.997	30.000
1329	1526	2025-06-13 02:59:55+00	8	합격	스크래치	5	9.999	10.000
1330	1527	2025-06-14 02:37:25+00	8	합격	표면조도불량	11	9.999	10.000
1331	1528	2025-06-14 07:45:20+00	8	합격	\N	0	12.001	12.000
1332	1529	2025-06-13 00:33:14+00	8	합격	표면조도불량	3	12.003	12.000
1333	1530	2025-06-13 05:23:26+00	8	합격	\N	0	25.000	25.000
1334	1531	2025-06-13 07:55:53+00	8	합격	\N	0	39.996	40.000
1335	1532	2025-06-14 09:13:04+00	8	합격	표면조도불량	19	8.004	8.000
1336	1533	2025-06-14 00:19:10+00	8	합격	스크래치	15	7.999	8.000
1337	1534	2025-06-14 01:46:59+00	8	합격	표면조도불량	29	11.997	12.000
1338	1535	2025-06-14 07:44:34+00	8	합격	버(burr)	15	15.994	16.000
1339	1536	2025-06-15 09:05:28+00	8	합격	표면조도불량	32	2.996	3.000
1340	1538	2025-06-14 04:58:00+00	8	합격	버(burr)	9	19.998	20.000
1341	1539	2025-06-15 09:20:02+00	8	합격	\N	0	30.004	30.000
1342	1540	2025-06-15 06:44:28+00	8	합격	표면조도불량	10	10.001	10.000
1343	1541	2025-06-15 08:56:53+00	8	합격	\N	0	9.998	10.000
1344	1542	2025-06-14 07:21:30+00	8	합격	\N	0	12.003	12.000
1345	1543	2025-06-15 09:51:20+00	8	합격	\N	0	12.001	12.000
1346	1544	2025-06-14 08:36:54+00	8	합격	\N	0	24.998	25.000
1347	1545	2025-06-15 06:00:50+00	8	합격	표면조도불량	3	40.000	40.000
1348	1546	2025-06-16 09:17:38+00	8	합격	버(burr)	9	7.996	8.000
1349	1547	2025-06-16 00:38:21+00	8	합격	스크래치	6	8.002	8.000
1350	1548	2025-06-16 02:26:23+00	8	합격	표면조도불량	26	12.001	12.000
1351	1549	2025-06-16 04:26:18+00	8	합격	스크래치	31	2.998	3.000
1352	1550	2025-06-17 07:32:12+00	8	합격	\N	0	5.000	5.000
1353	1551	2025-06-17 09:39:20+00	8	합격	버(burr)	16	19.998	20.000
1354	1552	2025-06-17 06:48:04+00	8	합격	\N	0	30.004	30.000
1355	1553	2025-06-16 00:01:44+00	8	합격	\N	0	9.999	10.000
1356	1555	2025-06-16 06:50:12+00	8	합격	버(burr)	2	24.995	25.000
1357	1556	2025-06-17 00:27:13+00	8	합격	\N	0	39.999	40.000
1358	1557	2025-06-17 02:46:03+00	8	합격	표면조도불량	16	7.998	8.000
1359	1558	2025-06-17 01:30:43+00	8	합격	\N	0	7.999	8.000
1360	1559	2025-06-18 05:11:10+00	8	합격	\N	0	11.996	12.000
1361	1560	2025-06-18 06:17:37+00	8	합격	\N	0	16.005	16.000
1362	1561	2025-06-18 00:03:32+00	8	합격	스크래치	29	2.999	3.000
1363	1562	2025-06-18 02:03:39+00	8	합격	표면조도불량	38	4.999	5.000
1364	1563	2025-06-17 06:30:23+00	8	합격	표면조도불량	15	20.001	20.000
1365	1564	2025-06-17 00:31:53+00	8	합격	\N	0	29.998	30.000
1366	1565	2025-06-18 05:49:12+00	8	합격	스크래치	12	10.001	10.000
1367	1566	2025-06-17 08:47:05+00	8	합격	스크래치	8	10.002	10.000
1368	1567	2025-06-17 01:54:03+00	8	합격	표면조도불량	7	11.997	12.000
1369	1568	2025-06-18 09:53:52+00	8	합격	표면조도불량	3	11.997	12.000
1370	1569	2025-06-17 09:08:35+00	8	합격	버(burr)	3	25.001	25.000
1371	1571	2025-06-18 04:13:45+00	8	합격	버(burr)	11	8.000	8.000
1372	1572	2025-06-18 09:57:44+00	8	합격	스크래치	20	8.002	8.000
1373	1573	2025-06-18 06:45:30+00	8	합격	\N	0	12.002	12.000
1374	1574	2025-06-19 09:46:18+00	8	합격	표면조도불량	18	16.001	16.000
1375	1575	2025-06-19 06:21:10+00	8	합격	표면조도불량	36	3.003	3.000
1376	1577	2025-06-19 05:18:44+00	8	합격	버(burr)	5	19.997	20.000
1377	1578	2025-06-18 05:35:21+00	8	합격	스크래치	13	9.999	10.000
1378	1579	2025-06-18 08:48:13+00	8	합격	\N	0	9.999	10.000
1379	1580	2025-06-18 09:50:59+00	8	합격	스크래치	7	12.003	12.000
1380	1581	2025-06-18 00:25:43+00	8	합격	버(burr)	4	11.996	12.000
1381	1582	2025-06-18 05:16:15+00	8	합격	\N	0	24.994	25.000
1382	1583	2025-06-19 01:21:46+00	8	합격	\N	0	8.000	8.000
1383	1585	2025-06-20 03:06:29+00	8	합격	버(burr)	31	12.004	12.000
1384	1586	2025-06-20 00:11:55+00	8	합격	\N	0	5.001	5.000
1385	1587	2025-06-19 09:29:57+00	8	합격	표면조도불량	7	29.998	30.000
1386	1588	2025-06-20 08:03:23+00	8	합격	표면조도불량	5	9.999	10.000
1387	1590	2025-06-19 00:05:40+00	8	합격	버(burr)	5	24.998	25.000
1388	1591	2025-06-19 03:02:23+00	8	합격	스크래치	3	39.995	40.000
1389	1592	2025-06-21 05:43:56+00	8	합격	\N	0	8.000	8.000
1390	1593	2025-06-21 04:20:11+00	8	합격	스크래치	14	7.998	8.000
1391	1594	2025-06-20 01:30:44+00	8	합격	버(burr)	29	12.001	12.000
1392	1595	2025-06-21 02:46:58+00	8	합격	\N	0	3.001	3.000
1393	1596	2025-06-21 01:15:29+00	8	합격	\N	0	4.996	5.000
1394	1598	2025-06-21 04:53:31+00	8	합격	\N	0	29.997	30.000
1395	1599	2025-06-21 01:38:16+00	8	합격	버(burr)	13	10.002	10.000
1396	1600	2025-06-21 04:30:48+00	8	합격	\N	0	10.000	10.000
1397	1601	2025-06-20 06:25:12+00	8	합격	스크래치	13	12.001	12.000
1398	1602	2025-06-21 06:28:30+00	8	합격	스크래치	10	11.996	12.000
1399	1603	2025-06-21 08:40:06+00	8	합격	스크래치	3	25.000	25.000
1400	1605	2025-06-21 04:40:59+00	8	합격	\N	0	12.003	12.000
1401	1606	2025-06-21 01:58:02+00	8	합격	버(burr)	39	3.004	3.000
1402	1607	2025-06-22 08:57:07+00	8	합격	\N	0	30.001	30.000
1403	1608	2025-06-22 03:50:28+00	8	합격	버(burr)	7	12.004	12.000
1404	1610	2025-06-21 05:09:35+00	8	합격	표면조도불량	5	40.000	40.000
1405	1611	2025-06-23 01:59:05+00	8	합격	\N	0	7.996	8.000
1406	1612	2025-06-23 01:12:39+00	8	합격	\N	0	8.003	8.000
1407	1614	2025-06-23 02:27:27+00	8	합격	\N	0	15.998	16.000
1408	1615	2025-06-24 04:44:56+00	8	합격	표면조도불량	38	2.998	3.000
1409	1616	2025-06-23 06:42:24+00	8	합격	스크래치	25	4.996	5.000
1410	1618	2025-06-24 00:52:53+00	8	합격	버(burr)	5	10.001	10.000
1411	1619	2025-06-24 06:04:07+00	8	합격	\N	0	11.996	12.000
1412	1620	2025-06-24 01:06:32+00	8	합격	표면조도불량	4	25.000	25.000
1413	1621	2025-06-23 04:30:15+00	8	합격	\N	0	40.002	40.000
1414	1622	2025-06-24 04:53:36+00	8	합격	스크래치	18	8.000	8.000
1415	1623	2025-06-25 05:49:23+00	8	합격	표면조도불량	15	8.001	8.000
1416	1624	2025-06-24 01:12:12+00	8	합격	스크래치	23	11.998	12.000
1417	1625	2025-06-24 02:40:50+00	8	합격	\N	0	16.006	16.000
1418	1626	2025-06-24 04:40:26+00	8	합격	\N	0	2.999	3.000
1419	1627	2025-06-25 02:53:32+00	8	합격	표면조도불량	41	4.996	5.000
1420	1628	2025-06-24 05:39:52+00	8	합격	표면조도불량	10	20.002	20.000
1421	1630	2025-06-25 02:16:15+00	8	합격	\N	0	9.998	10.000
1422	1631	2025-06-25 00:59:51+00	8	합격	스크래치	7	11.996	12.000
1423	1633	2025-06-25 00:30:34+00	8	합격	버(burr)	3	40.003	40.000
1424	1634	2025-06-25 09:49:21+00	8	합격	\N	0	7.997	8.000
1425	1635	2025-06-25 05:03:41+00	8	합격	스크래치	15	8.002	8.000
1426	1636	2025-06-25 04:25:17+00	8	합격	버(burr)	23	11.995	12.000
1427	1638	2025-06-25 04:51:05+00	8	합격	버(burr)	7	29.998	30.000
1428	1640	2025-06-25 06:13:37+00	8	합격	\N	0	9.998	10.000
1429	1641	2025-06-25 07:47:04+00	8	합격	\N	0	12.004	12.000
1430	1642	2025-06-26 00:56:08+00	8	합격	\N	0	11.997	12.000
1431	1643	2025-06-26 00:15:12+00	8	합격	스크래치	4	25.005	25.000
1432	1644	2025-06-26 07:07:26+00	8	합격	\N	0	39.995	40.000
1433	1646	2025-06-26 04:02:49+00	8	합격	스크래치	8	7.998	8.000
1434	1647	2025-06-27 00:29:02+00	8	합격	\N	0	16.003	16.000
1435	1648	2025-06-26 00:20:14+00	8	합격	표면조도불량	36	2.996	3.000
1436	1649	2025-06-27 00:41:51+00	8	합격	버(burr)	44	4.997	5.000
1437	1650	2025-06-26 04:11:34+00	8	합격	\N	0	20.004	20.000
1438	1651	2025-06-26 04:57:10+00	8	합격	\N	0	29.997	30.000
1439	1652	2025-06-26 07:59:06+00	8	합격	\N	0	9.998	10.000
1440	1654	2025-06-27 03:53:03+00	8	합격	\N	0	12.003	12.000
1441	1656	2025-06-26 03:31:00+00	8	합격	스크래치	2	25.002	25.000
1442	1657	2025-06-26 03:57:17+00	8	합격	버(burr)	5	39.999	40.000
1443	1658	2025-06-27 05:11:53+00	8	합격	\N	0	8.002	8.000
1444	1659	2025-06-28 08:38:14+00	8	합격	\N	0	7.996	8.000
1445	1661	2025-06-28 02:09:43+00	8	합격	표면조도불량	19	16.004	16.000
1446	1662	2025-06-27 04:32:58+00	8	합격	\N	0	2.998	3.000
1447	1663	2025-06-28 00:00:53+00	8	합격	표면조도불량	34	5.004	5.000
1448	1664	2025-06-27 06:43:46+00	8	합격	스크래치	17	19.996	20.000
1449	1665	2025-06-27 05:15:30+00	8	합격	\N	0	30.003	30.000
1450	1666	2025-06-28 01:29:57+00	8	합격	표면조도불량	10	9.998	10.000
1451	1667	2025-06-28 09:38:39+00	8	합격	스크래치	9	12.004	12.000
1452	1668	2025-06-28 06:33:12+00	8	합격	버(burr)	3	40.007	40.000
1453	1669	2025-06-29 05:19:28+00	8	합격	표면조도불량	6	7.998	8.000
1454	1670	2025-06-29 03:54:49+00	8	합격	\N	0	11.998	12.000
1455	1671	2025-06-29 02:56:28+00	8	합격	\N	0	16.005	16.000
1456	1672	2025-06-28 04:20:15+00	8	합격	스크래치	28	3.001	3.000
1457	1673	2025-06-28 05:19:05+00	8	합격	표면조도불량	19	5.004	5.000
1458	1674	2025-06-28 08:25:51+00	8	합격	버(burr)	16	19.998	20.000
1459	1675	2025-06-28 07:50:33+00	8	합격	\N	0	29.996	30.000
1460	1677	2025-06-29 06:47:39+00	8	합격	표면조도불량	7	10.000	10.000
1461	1678	2025-06-29 09:12:17+00	8	합격	\N	0	11.998	12.000
1462	1679	2025-06-29 04:30:22+00	8	합격	표면조도불량	7	12.003	12.000
1463	1680	2025-07-01 03:21:03+00	8	합격	버(burr)	19	7.999	8.000
1464	1681	2025-07-01 02:55:43+00	8	합격	버(burr)	15	8.002	8.000
1465	1682	2025-06-30 09:41:29+00	8	합격	\N	0	12.006	12.000
1466	1683	2025-07-01 02:18:15+00	8	합격	\N	0	16.003	16.000
1467	1684	2025-06-30 04:31:24+00	8	합격	\N	0	3.000	3.000
1468	1685	2025-07-01 07:51:20+00	8	합격	표면조도불량	18	4.999	5.000
1469	1686	2025-06-30 08:53:42+00	8	합격	스크래치	13	19.998	20.000
1470	1687	2025-06-30 08:56:24+00	8	합격	버(burr)	8	30.002	30.000
1471	1688	2025-07-01 05:42:06+00	8	합격	\N	0	10.002	10.000
1472	1689	2025-07-01 06:18:07+00	8	합격	버(burr)	8	7.996	8.000
1473	1690	2025-07-01 08:14:54+00	8	합격	\N	0	8.002	8.000
1474	1691	2025-07-02 01:40:54+00	8	합격	\N	0	12.006	12.000
1475	1692	2025-07-02 01:28:10+00	8	합격	\N	0	3.000	3.000
1476	1693	2025-07-01 01:55:46+00	8	합격	\N	0	5.004	5.000
1477	1694	2025-07-02 09:36:10+00	8	합격	\N	0	20.004	20.000
1478	1695	2025-07-01 07:40:36+00	8	합격	\N	0	29.999	30.000
1479	1697	2025-07-02 09:12:15+00	8	합격	표면조도불량	7	12.003	12.000
1480	1698	2025-07-01 07:54:01+00	8	합격	버(burr)	3	11.997	12.000
1481	1699	2025-07-01 05:00:31+00	8	합격	버(burr)	6	24.998	25.000
1482	1700	2025-07-01 00:09:59+00	8	합격	표면조도불량	2	40.001	40.000
1483	1702	2025-07-02 08:54:10+00	8	합격	표면조도불량	7	8.001	8.000
1484	1703	2025-07-03 01:46:24+00	8	합격	\N	0	12.005	12.000
1485	1704	2025-07-02 00:57:35+00	8	합격	\N	0	16.005	16.000
1486	1705	2025-07-03 08:35:45+00	8	합격	\N	0	2.996	3.000
1487	1706	2025-07-02 08:59:17+00	8	합격	표면조도불량	43	5.001	5.000
1488	1707	2025-07-02 01:11:53+00	8	합격	버(burr)	13	20.003	20.000
1489	1708	2025-07-02 03:19:19+00	8	합격	표면조도불량	8	30.002	30.000
1490	1709	2025-07-02 08:14:57+00	8	합격	\N	0	10.001	10.000
1491	1710	2025-07-03 02:31:02+00	8	합격	표면조도불량	6	9.998	10.000
1492	1712	2025-07-03 00:09:36+00	8	합격	표면조도불량	4	12.002	12.000
1493	1713	2025-07-02 07:05:12+00	8	합격	스크래치	3	25.001	25.000
1494	1714	2025-07-03 08:22:19+00	8	합격	스크래치	6	40.004	40.000
1495	1715	2025-07-04 05:58:22+00	8	합격	버(burr)	15	7.999	8.000
1496	1716	2025-07-04 05:00:25+00	8	합격	버(burr)	25	12.006	12.000
1497	1717	2025-07-04 03:03:47+00	8	합격	\N	0	3.003	3.000
1498	1718	2025-07-04 03:00:11+00	8	합격	\N	0	5.001	5.000
1499	1719	2025-07-04 07:41:22+00	8	합격	\N	0	30.002	30.000
1500	1720	2025-07-04 09:40:22+00	8	합격	버(burr)	10	10.002	10.000
1501	1721	2025-07-03 07:40:06+00	8	합격	표면조도불량	11	9.999	10.000
1502	1722	2025-07-04 04:25:37+00	8	합격	표면조도불량	4	12.002	12.000
1503	1723	2025-07-04 09:18:41+00	8	합격	버(burr)	6	25.006	25.000
1504	1724	2025-07-03 08:08:58+00	8	합격	표면조도불량	4	40.000	40.000
1505	1725	2025-07-05 09:01:39+00	8	합격	표면조도불량	16	8.002	8.000
1506	1726	2025-07-04 08:36:45+00	8	합격	\N	0	8.000	8.000
1507	1727	2025-07-05 06:01:58+00	8	합격	\N	0	11.994	12.000
1508	1729	2025-07-05 00:56:33+00	8	합격	\N	0	2.999	3.000
1509	1730	2025-07-04 06:36:37+00	8	합격	버(burr)	31	5.004	5.000
1510	1731	2025-07-04 09:41:53+00	8	합격	버(burr)	6	20.004	20.000
1511	1732	2025-07-05 06:25:59+00	8	합격	버(burr)	4	30.002	30.000
1512	1733	2025-07-05 06:37:51+00	8	합격	표면조도불량	13	10.000	10.000
1513	1734	2025-07-04 03:20:29+00	8	합격	\N	0	11.997	12.000
1514	1735	2025-07-05 09:33:47+00	8	합격	\N	0	11.996	12.000
1515	1736	2025-07-05 06:50:12+00	8	합격	버(burr)	3	25.005	25.000
1516	1737	2025-07-04 07:05:49+00	8	합격	표면조도불량	5	40.001	40.000
1517	1738	2025-07-05 07:42:19+00	8	합격	\N	0	7.996	8.000
1518	1739	2025-07-06 08:58:11+00	8	합격	버(burr)	23	12.003	12.000
1519	1740	2025-07-05 03:34:14+00	8	합격	\N	0	2.998	3.000
1520	1741	2025-07-06 01:49:28+00	8	합격	\N	0	5.000	5.000
1521	1743	2025-07-06 08:41:40+00	8	합격	버(burr)	7	30.003	30.000
1522	1744	2025-07-05 04:54:20+00	8	합격	\N	0	9.998	10.000
1523	1746	2025-07-06 09:05:03+00	8	합격	\N	0	12.004	12.000
1524	1747	2025-07-05 08:21:27+00	8	합격	표면조도불량	8	12.003	12.000
1525	1748	2025-07-05 05:38:26+00	8	합격	버(burr)	4	24.999	25.000
1526	1749	2025-07-08 09:37:47+00	8	합격	표면조도불량	8	8.002	8.000
1527	1750	2025-07-07 05:58:38+00	8	합격	표면조도불량	13	8.004	8.000
1528	1751	2025-07-07 06:01:08+00	8	합격	\N	0	11.994	12.000
1529	1752	2025-07-08 02:18:29+00	8	합격	버(burr)	23	16.007	16.000
1530	1753	2025-07-07 09:21:07+00	8	합격	\N	0	20.001	20.000
1531	1754	2025-07-08 04:42:31+00	8	합격	스크래치	11	29.999	30.000
1532	1755	2025-07-07 06:20:29+00	8	합격	표면조도불량	11	9.998	10.000
1533	1756	2025-07-07 06:21:54+00	8	합격	버(burr)	4	12.000	12.000
1534	1758	2025-07-07 03:56:59+00	8	합격	\N	0	25.003	25.000
1535	1759	2025-07-08 04:08:15+00	8	합격	스크래치	2	40.006	40.000
1536	1761	2025-07-08 09:15:29+00	8	합격	버(burr)	13	7.998	8.000
1537	1762	2025-07-09 03:12:17+00	8	합격	버(burr)	9	15.993	16.000
1538	1763	2025-07-08 00:26:31+00	8	합격	표면조도불량	29	3.000	3.000
1539	1764	2025-07-09 00:01:56+00	8	합격	스크래치	6	30.002	30.000
1540	1765	2025-07-08 04:06:54+00	8	합격	\N	0	9.999	10.000
1541	1766	2025-07-08 08:39:56+00	8	합격	\N	0	10.000	10.000
1542	1767	2025-07-08 02:22:15+00	8	합격	스크래치	12	11.996	12.000
1543	1769	2025-07-09 03:42:53+00	8	합격	표면조도불량	2	40.005	40.000
1544	1770	2025-07-09 04:52:10+00	8	합격	\N	0	8.001	8.000
1545	1771	2025-07-10 05:51:07+00	8	합격	\N	0	8.000	8.000
1546	1772	2025-07-10 07:32:07+00	8	합격	스크래치	20	12.001	12.000
1547	1773	2025-07-10 03:22:39+00	8	합격	스크래치	29	16.001	16.000
1548	1774	2025-07-10 06:53:47+00	8	합격	스크래치	30	3.001	3.000
1549	1775	2025-07-10 06:31:33+00	8	합격	\N	0	5.001	5.000
1550	1776	2025-07-10 00:53:11+00	8	합격	버(burr)	5	19.999	20.000
1551	1777	2025-07-09 05:10:52+00	8	합격	\N	0	29.999	30.000
1552	1779	2025-07-09 08:57:50+00	8	합격	\N	0	9.999	10.000
1553	1780	2025-07-09 01:34:38+00	8	합격	표면조도불량	6	12.002	12.000
1554	1781	2025-07-10 03:02:04+00	8	합격	표면조도불량	5	25.002	25.000
1555	1782	2025-07-11 00:56:17+00	8	합격	버(burr)	16	8.001	8.000
1556	1783	2025-07-10 06:33:12+00	8	합격	표면조도불량	12	8.004	8.000
1557	1784	2025-07-11 05:45:27+00	8	합격	버(burr)	20	11.995	12.000
1558	1785	2025-07-11 02:52:05+00	8	합격	표면조도불량	11	15.996	16.000
1559	1787	2025-07-10 05:53:52+00	8	합격	\N	0	4.998	5.000
1560	1788	2025-07-10 07:21:11+00	8	합격	\N	0	20.001	20.000
1561	1789	2025-07-10 07:38:21+00	8	합격	표면조도불량	11	29.999	30.000
1562	1790	2025-07-10 02:33:46+00	8	합격	표면조도불량	6	10.001	10.000
1563	1791	2025-07-10 00:04:21+00	8	합격	표면조도불량	7	10.000	10.000
1564	1792	2025-07-11 01:27:54+00	8	합격	버(burr)	11	11.999	12.000
1565	1793	2025-07-10 09:07:15+00	8	합격	표면조도불량	4	12.001	12.000
1566	1794	2025-07-10 06:48:45+00	8	합격	표면조도불량	3	25.000	25.000
1567	1795	2025-07-11 07:26:38+00	8	합격	표면조도불량	2	40.002	40.000
1568	1796	2025-07-11 08:18:52+00	8	합격	버(burr)	19	7.999	8.000
1569	1797	2025-07-11 05:21:45+00	8	합격	버(burr)	8	8.000	8.000
1570	1798	2025-07-12 02:25:19+00	8	합격	버(burr)	15	11.997	12.000
1571	1799	2025-07-12 06:23:54+00	8	합격	\N	0	15.998	16.000
1572	1800	2025-07-12 01:24:47+00	8	합격	표면조도불량	40	3.004	3.000
1573	1801	2025-07-12 00:37:25+00	8	합격	\N	0	5.000	5.000
1574	1802	2025-07-11 09:04:13+00	8	합격	버(burr)	11	30.004	30.000
1575	1803	2025-07-12 06:12:14+00	8	합격	\N	0	10.001	10.000
1576	1804	2025-07-12 00:36:39+00	8	합격	\N	0	11.999	12.000
1577	1805	2025-07-12 07:47:12+00	8	합격	\N	0	25.006	25.000
1578	1806	2025-07-11 00:55:52+00	8	합격	스크래치	2	39.996	40.000
1579	1807	2025-07-12 01:15:24+00	8	합격	표면조도불량	18	8.004	8.000
1580	1808	2025-07-12 08:44:10+00	8	합격	\N	0	8.003	8.000
1581	1809	2025-07-13 09:07:46+00	8	합격	표면조도불량	27	12.006	12.000
1582	1810	2025-07-12 01:09:42+00	8	합격	\N	0	15.998	16.000
1583	1811	2025-07-13 07:06:13+00	8	합격	\N	0	3.002	3.000
1584	1812	2025-07-13 06:59:03+00	8	합격	표면조도불량	16	5.004	5.000
1585	1813	2025-07-12 01:39:41+00	8	합격	\N	0	30.000	30.000
1586	1814	2025-07-12 01:04:09+00	8	합격	표면조도불량	12	9.998	10.000
1587	1815	2025-07-13 08:14:26+00	8	합격	\N	0	10.000	10.000
1588	1816	2025-07-13 01:04:11+00	8	합격	버(burr)	10	11.998	12.000
1589	1817	2025-07-12 07:00:43+00	8	합격	버(burr)	9	12.004	12.000
1590	1818	2025-07-13 05:29:23+00	8	합격	버(burr)	4	24.995	25.000
1591	1819	2025-07-13 01:23:37+00	8	합격	표면조도불량	3	40.006	40.000
1592	1820	2025-07-15 02:16:09+00	8	합격	표면조도불량	23	12.001	12.000
1593	1821	2025-07-14 04:09:58+00	8	합격	표면조도불량	10	15.998	16.000
1594	1822	2025-07-15 09:50:16+00	8	합격	표면조도불량	25	3.000	3.000
1595	1823	2025-07-14 08:24:24+00	8	합격	\N	0	4.999	5.000
1596	1824	2025-07-14 04:48:13+00	8	합격	\N	0	20.003	20.000
1597	1825	2025-07-14 02:29:19+00	8	합격	스크래치	4	30.000	30.000
1598	1826	2025-07-14 03:45:14+00	8	합격	\N	0	9.998	10.000
1599	1827	2025-07-15 05:00:02+00	8	합격	\N	0	10.001	10.000
1600	1828	2025-07-15 05:56:25+00	8	합격	스크래치	9	11.998	12.000
1601	1829	2025-07-15 04:16:21+00	8	합격	버(burr)	4	24.996	25.000
1602	1830	2025-07-15 05:55:36+00	8	합격	\N	0	39.999	40.000
1603	1831	2025-07-16 05:13:47+00	8	합격	\N	0	8.000	8.000
1604	1832	2025-07-16 07:25:58+00	8	합격	버(burr)	29	11.995	12.000
1605	1833	2025-07-16 00:34:24+00	8	합격	표면조도불량	27	3.002	3.000
1606	1834	2025-07-15 05:39:26+00	8	합격	스크래치	11	30.004	30.000
1607	1835	2025-07-16 06:42:09+00	8	합격	\N	0	10.001	10.000
1608	1836	2025-07-15 06:17:35+00	8	합격	스크래치	5	9.998	10.000
1609	1837	2025-07-15 02:03:27+00	8	합격	버(burr)	8	12.000	12.000
1610	1838	2025-07-15 03:56:20+00	8	합격	버(burr)	2	25.001	25.000
1611	1839	2025-07-16 09:23:09+00	8	합격	\N	0	39.997	40.000
1612	1841	2025-07-17 06:34:48+00	8	합격	스크래치	17	8.001	8.000
1613	1842	2025-07-17 07:09:36+00	8	합격	\N	0	11.995	12.000
1614	1845	2025-07-16 02:24:45+00	8	합격	\N	0	20.002	20.000
1615	1846	2025-07-16 04:27:02+00	8	합격	스크래치	6	30.002	30.000
1616	1847	2025-07-17 08:42:56+00	8	합격	버(burr)	7	9.999	10.000
1617	1848	2025-07-17 04:46:42+00	8	합격	\N	0	10.002	10.000
1618	1849	2025-07-16 07:34:56+00	8	합격	\N	0	12.000	12.000
1619	1850	2025-07-17 01:13:33+00	8	합격	\N	0	24.993	25.000
1620	1851	2025-07-17 03:13:13+00	8	합격	버(burr)	14	7.997	8.000
1621	1852	2025-07-17 02:53:23+00	8	합격	\N	0	8.001	8.000
1622	1853	2025-07-17 02:28:57+00	8	합격	표면조도불량	30	11.994	12.000
1623	1854	2025-07-17 09:53:34+00	8	합격	버(burr)	14	5.004	5.000
1624	1855	2025-07-18 09:05:15+00	8	합격	\N	0	20.001	20.000
1625	1856	2025-07-18 03:04:57+00	8	합격	버(burr)	12	30.001	30.000
1626	1858	2025-07-18 03:44:58+00	8	합격	표면조도불량	6	11.997	12.000
1627	1859	2025-07-18 04:37:49+00	8	합격	버(burr)	7	12.004	12.000
1628	1860	2025-07-17 00:44:03+00	8	합격	버(burr)	5	24.998	25.000
1629	1861	2025-07-18 05:42:47+00	8	합격	\N	0	39.994	40.000
1630	1862	2025-07-19 08:36:25+00	8	합격	\N	0	7.999	8.000
1631	1864	2025-07-19 00:36:05+00	8	합격	\N	0	15.998	16.000
1632	1865	2025-07-19 05:54:10+00	8	합격	스크래치	38	3.003	3.000
1633	1866	2025-07-18 08:17:15+00	8	합격	\N	0	5.002	5.000
1634	1867	2025-07-18 09:57:35+00	8	합격	표면조도불량	7	20.004	20.000
1635	1868	2025-07-19 05:19:51+00	8	합격	\N	0	29.997	30.000
1636	1869	2025-07-18 06:48:05+00	8	합격	\N	0	9.999	10.000
1637	1870	2025-07-19 09:18:37+00	8	합격	스크래치	5	11.997	12.000
1638	1871	2025-07-19 05:54:22+00	8	합격	표면조도불량	2	39.999	40.000
1639	1872	2025-07-20 03:14:52+00	8	합격	스크래치	8	7.997	8.000
1640	1873	2025-07-19 05:55:52+00	8	합격	표면조도불량	15	8.001	8.000
1641	1874	2025-07-19 04:09:45+00	8	합격	버(burr)	9	12.006	12.000
1642	1876	2025-07-20 09:10:23+00	8	합격	\N	0	2.998	3.000
1643	1878	2025-07-20 06:48:51+00	8	합격	\N	0	19.998	20.000
1644	1880	2025-07-20 00:53:02+00	8	합격	\N	0	9.998	10.000
1645	1881	2025-07-20 07:09:04+00	8	합격	\N	0	11.999	12.000
1646	1882	2025-07-19 08:14:57+00	8	합격	표면조도불량	3	12.001	12.000
1647	1883	2025-07-20 00:04:55+00	8	합격	버(burr)	6	25.001	25.000
1648	1885	2025-07-21 00:28:00+00	8	합격	표면조도불량	18	7.996	8.000
1649	1886	2025-07-21 05:28:04+00	8	합격	표면조도불량	11	8.001	8.000
1650	1887	2025-07-22 00:25:47+00	8	합격	버(burr)	18	16.004	16.000
1651	1888	2025-07-22 00:09:23+00	8	합격	버(burr)	17	2.999	3.000
1652	1891	2025-07-22 03:08:42+00	8	합격	\N	0	10.000	10.000
1653	1892	2025-07-22 06:24:59+00	8	합격	\N	0	9.999	10.000
1654	1893	2025-07-21 02:33:01+00	8	합격	버(burr)	4	12.004	12.000
1655	1894	2025-07-21 09:40:53+00	8	합격	표면조도불량	9	11.998	12.000
1656	1895	2025-07-22 07:23:29+00	8	합격	\N	0	24.994	25.000
1657	1896	2025-07-22 06:44:34+00	8	합격	스크래치	4	39.999	40.000
1658	1897	2025-07-23 01:51:54+00	8	합격	버(burr)	12	8.000	8.000
1659	1898	2025-07-22 02:51:22+00	8	합격	\N	0	7.998	8.000
1660	1899	2025-07-23 03:45:11+00	8	합격	\N	0	12.001	12.000
1661	1900	2025-07-22 03:30:42+00	8	합격	\N	0	15.996	16.000
1662	1901	2025-07-22 08:05:57+00	8	합격	\N	0	2.999	3.000
1663	1902	2025-07-22 03:33:11+00	8	합격	\N	0	20.003	20.000
1664	1903	2025-07-23 03:18:22+00	8	합격	\N	0	10.002	10.000
1665	1905	2025-07-22 04:28:48+00	8	합격	표면조도불량	4	12.003	12.000
1666	1906	2025-07-23 04:21:56+00	8	합격	스크래치	9	11.996	12.000
1667	1907	2025-07-22 05:30:07+00	8	합격	표면조도불량	4	24.996	25.000
1668	1908	2025-07-24 09:41:15+00	8	합격	\N	0	8.002	8.000
1669	1910	2025-07-23 01:53:10+00	8	합격	스크래치	18	11.999	12.000
1670	1911	2025-07-24 07:39:33+00	8	합격	스크래치	20	15.995	16.000
1671	1912	2025-07-24 03:25:35+00	8	합격	버(burr)	25	2.997	3.000
1672	1913	2025-07-23 04:34:03+00	8	합격	표면조도불량	37	5.001	5.000
1673	1914	2025-07-23 09:50:28+00	8	합격	\N	0	19.999	20.000
1674	1915	2025-07-24 00:34:36+00	8	합격	표면조도불량	6	30.002	30.000
1675	1916	2025-07-24 00:05:55+00	8	합격	\N	0	10.001	10.000
1676	1917	2025-07-23 06:04:16+00	8	합격	\N	0	11.998	12.000
1677	1918	2025-07-24 07:22:11+00	8	합격	스크래치	6	12.004	12.000
1678	1919	2025-07-24 09:59:54+00	8	합격	\N	0	24.996	25.000
1679	1921	2025-07-25 03:29:36+00	8	합격	\N	0	11.996	12.000
1680	1922	2025-07-24 02:43:57+00	8	합격	표면조도불량	20	15.996	16.000
1681	1923	2025-07-25 02:16:37+00	8	합격	버(burr)	32	2.998	3.000
1682	1924	2025-07-25 01:46:36+00	8	합격	버(burr)	20	5.001	5.000
1683	1925	2025-07-25 02:01:52+00	8	합격	스크래치	4	20.003	20.000
1684	1926	2025-07-25 00:23:04+00	8	합격	스크래치	8	29.996	30.000
1685	1927	2025-07-24 03:07:01+00	8	합격	표면조도불량	12	11.998	12.000
1686	1928	2025-07-24 02:06:41+00	8	합격	\N	0	12.004	12.000
1687	1929	2025-07-24 06:17:45+00	8	합격	스크래치	4	25.005	25.000
1688	1931	2025-07-25 09:33:17+00	8	합격	스크래치	17	7.998	8.000
1689	1932	2025-07-26 01:15:10+00	8	합격	\N	0	12.003	12.000
1690	1933	2025-07-26 07:24:44+00	8	합격	스크래치	27	2.999	3.000
1691	1934	2025-07-25 07:56:26+00	8	합격	스크래치	41	4.998	5.000
1692	1936	2025-07-26 08:33:02+00	8	합격	버(burr)	5	10.000	10.000
1693	1937	2025-07-25 06:31:53+00	8	합격	\N	0	9.998	10.000
1694	1938	2025-07-25 02:43:29+00	8	합격	\N	0	11.996	12.000
1695	1939	2025-07-26 00:04:33+00	8	합격	\N	0	12.002	12.000
1696	1940	2025-07-25 02:38:31+00	8	합격	버(burr)	3	24.996	25.000
1697	1941	2025-07-25 07:25:35+00	8	합격	\N	0	40.001	40.000
1698	1942	2025-07-27 03:25:50+00	8	합격	표면조도불량	13	8.004	8.000
1699	1943	2025-07-26 03:54:52+00	8	합격	\N	0	7.996	8.000
1700	1944	2025-07-27 08:38:19+00	8	합격	스크래치	31	12.006	12.000
1701	1945	2025-07-26 06:22:56+00	8	합격	\N	0	15.993	16.000
1702	1946	2025-07-27 06:41:03+00	8	합격	표면조도불량	27	3.002	3.000
1703	1947	2025-07-27 07:21:47+00	8	합격	스크래치	25	4.997	5.000
1704	1948	2025-07-27 03:09:59+00	8	합격	\N	0	20.004	20.000
1705	1949	2025-07-26 05:01:00+00	8	합격	\N	0	30.000	30.000
1706	1950	2025-07-26 07:42:26+00	8	합격	버(burr)	13	9.999	10.000
1707	1951	2025-07-26 02:26:40+00	8	합격	\N	0	10.002	10.000
1708	1952	2025-07-27 04:38:15+00	8	합격	표면조도불량	9	12.002	12.000
1709	1954	2025-07-26 01:35:41+00	8	합격	\N	0	40.005	40.000
1710	1956	2025-07-29 06:37:30+00	8	합격	버(burr)	9	7.998	8.000
1711	1957	2025-07-28 01:24:54+00	8	합격	\N	0	11.995	12.000
1712	1959	2025-07-29 02:48:13+00	8	합격	\N	0	4.996	5.000
1713	1960	2025-07-28 08:50:19+00	8	합격	\N	0	20.003	20.000
1714	1961	2025-07-29 06:42:24+00	8	합격	스크래치	7	29.996	30.000
1715	1962	2025-07-29 06:53:37+00	8	합격	표면조도불량	9	10.000	10.000
1716	1963	2025-07-29 01:02:56+00	8	합격	버(burr)	9	9.998	10.000
1717	1964	2025-07-28 01:18:35+00	8	합격	\N	0	11.996	12.000
1718	1965	2025-07-29 06:56:46+00	8	합격	스크래치	7	11.998	12.000
1719	1966	2025-07-29 05:23:17+00	8	합격	\N	0	24.999	25.000
1720	1967	2025-07-28 03:34:27+00	8	합격	\N	0	40.001	40.000
1721	1968	2025-07-29 06:39:56+00	8	합격	표면조도불량	11	7.999	8.000
1722	1969	2025-07-30 05:20:07+00	8	합격	스크래치	29	12.002	12.000
1723	1971	2025-07-29 09:24:10+00	8	합격	\N	0	4.996	5.000
1724	1972	2025-07-30 06:41:28+00	8	합격	\N	0	19.998	20.000
1725	1973	2025-07-30 01:22:44+00	8	합격	스크래치	5	30.001	30.000
1726	1974	2025-07-30 07:29:45+00	8	합격	스크래치	7	9.998	10.000
1727	1975	2025-07-30 09:06:02+00	8	합격	스크래치	9	9.999	10.000
1728	1976	2025-07-30 04:12:44+00	8	합격	\N	0	12.002	12.000
1729	1977	2025-07-29 00:42:14+00	8	합격	표면조도불량	6	24.993	25.000
1730	1978	2025-07-29 03:42:33+00	8	합격	\N	0	40.002	40.000
1731	1979	2025-07-31 05:06:01+00	8	합격	\N	0	7.997	8.000
1732	1980	2025-07-31 08:11:59+00	8	합격	\N	0	12.004	12.000
1733	1981	2025-07-30 05:17:44+00	8	합격	버(burr)	9	16.000	16.000
1734	1982	2025-07-30 07:46:02+00	8	합격	표면조도불량	16	3.004	3.000
1735	1984	2025-07-30 06:28:13+00	8	합격	\N	0	20.000	20.000
1736	1985	2025-07-31 08:56:00+00	8	합격	\N	0	30.001	30.000
1737	1986	2025-07-31 05:34:35+00	8	합격	표면조도불량	9	9.999	10.000
1738	1987	2025-07-31 03:42:52+00	8	합격	표면조도불량	11	10.001	10.000
1739	1988	2025-07-31 04:39:05+00	8	합격	표면조도불량	4	12.002	12.000
1740	1989	2025-07-31 01:06:18+00	8	합격	\N	0	40.004	40.000
1741	1990	2025-07-31 08:35:52+00	8	합격	\N	0	7.997	8.000
1742	1991	2025-08-01 00:45:43+00	8	합격	\N	0	8.003	8.000
1743	1992	2025-08-01 05:02:46+00	8	합격	\N	0	3.000	3.000
1744	1993	2025-08-01 06:09:14+00	8	합격	\N	0	5.003	5.000
1745	1994	2025-07-31 07:25:14+00	8	합격	스크래치	13	19.998	20.000
1746	1995	2025-08-01 04:04:39+00	8	합격	버(burr)	7	29.999	30.000
1747	1996	2025-07-31 06:24:02+00	8	합격	\N	0	9.998	10.000
1748	1997	2025-07-31 07:39:10+00	8	합격	표면조도불량	9	10.000	10.000
1749	1998	2025-08-01 07:18:24+00	8	합격	\N	0	11.997	12.000
1750	1999	2025-07-31 00:45:24+00	8	합격	스크래치	5	24.999	25.000
1751	2000	2025-07-31 06:20:30+00	8	합격	\N	0	39.997	40.000
1752	2001	2025-08-01 08:27:33+00	8	합격	\N	0	8.002	8.000
1753	2002	2025-08-02 09:50:03+00	8	합격	\N	0	8.002	8.000
1754	2003	2025-08-01 04:06:17+00	8	합격	버(burr)	11	11.996	12.000
1755	2004	2025-08-02 06:12:02+00	8	합격	\N	0	16.002	16.000
1756	2005	2025-08-01 01:24:22+00	8	합격	\N	0	2.997	3.000
1757	2006	2025-08-01 05:31:08+00	8	합격	\N	0	4.996	5.000
1758	2007	2025-08-02 07:28:08+00	8	합격	\N	0	20.002	20.000
1759	2008	2025-08-02 02:08:27+00	8	합격	\N	0	29.998	30.000
1760	2009	2025-08-02 01:04:01+00	8	합격	표면조도불량	3	9.999	10.000
1761	2010	2025-08-02 05:21:01+00	8	합격	스크래치	6	10.000	10.000
1762	2011	2025-08-02 00:59:19+00	8	합격	\N	0	12.004	12.000
1763	2012	2025-08-01 07:58:45+00	8	합격	버(burr)	7	11.998	12.000
1764	2013	2025-08-01 07:34:43+00	8	합격	버(burr)	5	24.998	25.000
1765	2014	2025-08-02 01:15:32+00	8	합격	버(burr)	3	40.004	40.000
1766	2015	2025-08-03 06:46:11+00	8	합격	스크래치	13	8.003	8.000
1767	2016	2025-08-03 09:41:44+00	8	합격	\N	0	7.998	8.000
1768	2017	2025-08-03 04:43:47+00	8	합격	버(burr)	19	12.006	12.000
1769	2018	2025-08-03 05:50:03+00	8	합격	\N	0	16.004	16.000
1770	2019	2025-08-02 03:15:11+00	8	합격	표면조도불량	14	3.004	3.000
1771	2020	2025-08-03 05:32:26+00	8	합격	버(burr)	30	4.997	5.000
1772	2021	2025-08-02 08:23:36+00	8	합격	\N	0	20.003	20.000
1773	2022	2025-08-02 03:07:31+00	8	합격	스크래치	7	29.996	30.000
1774	2023	2025-08-02 07:12:39+00	8	합격	스크래치	7	12.001	12.000
1775	2024	2025-08-03 07:48:06+00	8	합격	스크래치	4	11.999	12.000
1776	2025	2025-08-03 02:48:31+00	8	합격	스크래치	3	24.999	25.000
1777	2026	2025-08-03 01:26:59+00	8	합격	버(burr)	1	39.994	40.000
1778	2027	2025-08-04 00:22:23+00	8	합격	스크래치	6	7.996	8.000
1779	2028	2025-08-05 04:35:27+00	8	합격	버(burr)	10	8.001	8.000
1780	2029	2025-08-04 07:45:10+00	8	합격	표면조도불량	15	11.993	12.000
1781	2030	2025-08-05 00:19:36+00	8	합격	스크래치	11	16.002	16.000
1782	2031	2025-08-05 03:57:31+00	8	합격	버(burr)	24	3.003	3.000
1783	2032	2025-08-05 05:41:23+00	8	합격	\N	0	4.997	5.000
1784	2033	2025-08-04 07:18:27+00	8	합격	\N	0	20.004	20.000
1785	2034	2025-08-04 00:54:55+00	8	합격	\N	0	30.002	30.000
1786	2036	2025-08-05 02:19:44+00	8	합격	\N	0	10.000	10.000
1787	2037	2025-08-05 08:03:51+00	8	합격	\N	0	12.004	12.000
1788	2038	2025-08-04 03:12:16+00	8	합격	버(burr)	6	12.004	12.000
1789	2040	2025-08-06 03:54:37+00	8	합격	표면조도불량	8	8.002	8.000
1790	2041	2025-08-05 03:55:13+00	8	합격	버(burr)	6	7.998	8.000
1791	2042	2025-08-06 01:54:25+00	8	합격	\N	0	12.005	12.000
1792	2043	2025-08-05 01:28:46+00	8	합격	버(burr)	11	15.994	16.000
1793	2044	2025-08-05 02:02:13+00	8	합격	\N	0	3.000	3.000
1794	2045	2025-08-06 00:52:13+00	8	합격	\N	0	30.000	30.000
1795	2046	2025-08-05 07:18:37+00	8	합격	\N	0	9.999	10.000
1796	2047	2025-08-05 07:27:22+00	8	합격	\N	0	9.998	10.000
1797	2048	2025-08-05 06:19:57+00	8	합격	스크래치	6	12.003	12.000
1798	2050	2025-08-05 05:51:43+00	8	합격	\N	0	39.998	40.000
1799	2051	2025-08-06 00:38:32+00	8	합격	\N	0	7.996	8.000
1800	2052	2025-08-06 00:38:17+00	8	합격	스크래치	18	16.000	16.000
1801	2055	2025-08-06 04:13:20+00	8	합격	스크래치	6	29.996	30.000
1802	2056	2025-08-07 04:39:18+00	8	합격	표면조도불량	3	9.998	10.000
1803	2057	2025-08-07 09:17:49+00	8	합격	표면조도불량	5	10.001	10.000
1804	2058	2025-08-06 00:27:35+00	8	합격	표면조도불량	4	12.001	12.000
1805	2059	2025-08-06 07:05:06+00	8	합격	표면조도불량	2	25.003	25.000
1806	2060	2025-08-07 05:38:15+00	8	합격	표면조도불량	2	39.999	40.000
1807	2061	2025-08-08 07:26:43+00	8	합격	표면조도불량	13	7.999	8.000
1808	2062	2025-08-07 03:15:55+00	8	합격	\N	0	7.997	8.000
1809	2063	2025-08-07 04:46:30+00	8	합격	버(burr)	9	12.003	12.000
1810	2064	2025-08-08 05:30:50+00	8	합격	스크래치	9	16.002	16.000
1811	2065	2025-08-07 00:57:36+00	8	합격	버(burr)	32	2.997	3.000
1812	2066	2025-08-07 09:13:51+00	8	합격	표면조도불량	21	4.999	5.000
1813	2067	2025-08-07 06:29:27+00	8	합격	스크래치	10	20.001	20.000
1814	2068	2025-08-08 00:42:52+00	8	합격	버(burr)	10	30.003	30.000
1815	2070	2025-08-07 01:44:31+00	8	합격	스크래치	8	10.002	10.000
1816	2071	2025-08-07 03:33:30+00	8	합격	표면조도불량	5	11.998	12.000
1817	2072	2025-08-07 01:05:07+00	8	합격	표면조도불량	5	11.999	12.000
1818	2073	2025-08-08 02:54:45+00	8	합격	\N	0	25.007	25.000
1819	2074	2025-08-09 08:57:21+00	8	합격	\N	0	7.999	8.000
1820	2075	2025-08-09 01:38:30+00	8	합격	버(burr)	11	7.996	8.000
1821	2076	2025-08-08 05:43:32+00	8	합격	스크래치	18	12.001	12.000
1822	2077	2025-08-08 04:25:17+00	8	합격	스크래치	18	16.003	16.000
1823	2078	2025-08-09 05:04:54+00	8	합격	\N	0	2.997	3.000
1824	2079	2025-08-08 09:36:02+00	8	합격	\N	0	4.998	5.000
1825	2080	2025-08-09 04:49:56+00	8	합격	버(burr)	4	20.002	20.000
1826	2081	2025-08-08 02:56:47+00	8	합격	표면조도불량	4	10.001	10.000
1827	2082	2025-08-08 03:16:59+00	8	합격	\N	0	25.004	25.000
1828	2083	2025-08-08 05:12:37+00	8	합격	\N	0	40.005	40.000
1829	2084	2025-08-09 04:27:23+00	8	합격	버(burr)	7	7.998	8.000
1830	2085	2025-08-10 05:49:35+00	8	합격	표면조도불량	10	12.005	12.000
1831	2087	2025-08-10 03:14:10+00	8	합격	\N	0	5.003	5.000
1832	2088	2025-08-09 00:12:45+00	8	합격	표면조도불량	5	19.997	20.000
1833	2089	2025-08-09 00:18:34+00	8	합격	스크래치	10	9.999	10.000
1834	2090	2025-08-09 09:37:17+00	8	합격	스크래치	3	9.999	10.000
1835	2091	2025-08-10 08:56:45+00	8	합격	버(burr)	7	11.996	12.000
1836	2093	2025-08-09 00:04:46+00	8	합격	\N	0	25.000	25.000
1837	2094	2025-08-09 03:21:36+00	8	합격	\N	0	40.003	40.000
1838	2095	2025-08-11 08:57:05+00	8	합격	\N	0	7.999	8.000
1839	2096	2025-08-11 04:17:36+00	8	합격	\N	0	11.994	12.000
1840	2097	2025-08-12 07:06:53+00	8	합격	스크래치	11	16.000	16.000
1841	2098	2025-08-12 04:48:38+00	8	합격	\N	0	3.004	3.000
1842	2099	2025-08-11 01:43:46+00	8	합격	\N	0	5.002	5.000
1843	2100	2025-08-11 08:21:33+00	8	합격	표면조도불량	6	20.003	20.000
1844	2101	2025-08-11 00:04:28+00	8	합격	버(burr)	3	30.001	30.000
1845	2102	2025-08-11 03:10:38+00	8	합격	\N	0	10.002	10.000
1846	2103	2025-08-12 05:56:37+00	8	합격	표면조도불량	3	11.998	12.000
1847	2105	2025-08-11 06:27:52+00	8	합격	표면조도불량	3	40.000	40.000
1848	2106	2025-08-12 08:11:23+00	8	합격	버(burr)	7	8.000	8.000
1849	2107	2025-08-13 04:38:04+00	8	합격	\N	0	11.999	12.000
1850	2108	2025-08-13 08:07:38+00	8	합격	표면조도불량	10	15.993	16.000
1851	2109	2025-08-12 08:00:30+00	8	합격	표면조도불량	39	4.996	5.000
1852	2110	2025-08-13 09:24:51+00	8	합격	\N	0	19.998	20.000
1853	2111	2025-08-12 01:32:32+00	8	합격	스크래치	4	30.002	30.000
1854	2112	2025-08-13 05:38:15+00	8	합격	\N	0	10.001	10.000
1855	2113	2025-08-12 07:58:00+00	8	합격	버(burr)	8	10.002	10.000
1856	2114	2025-08-13 04:13:07+00	8	합격	버(burr)	6	12.003	12.000
1857	2115	2025-08-13 09:33:37+00	8	합격	버(burr)	3	12.002	12.000
1858	2116	2025-08-12 09:47:18+00	8	합격	스크래치	2	40.004	40.000
1859	2119	2025-08-14 05:06:11+00	8	합격	표면조도불량	16	11.994	12.000
1860	2120	2025-08-13 00:36:49+00	8	합격	\N	0	15.993	16.000
1861	2121	2025-08-14 07:59:43+00	8	합격	\N	0	5.003	5.000
1862	2122	2025-08-13 06:11:31+00	8	합격	\N	0	19.996	20.000
1863	2123	2025-08-14 07:21:03+00	8	합격	표면조도불량	6	29.998	30.000
1864	2124	2025-08-13 05:53:10+00	8	합격	스크래치	4	10.002	10.000
1865	2126	2025-08-14 04:56:16+00	8	합격	\N	0	11.999	12.000
1866	2127	2025-08-13 07:27:22+00	8	합격	\N	0	24.996	25.000
1867	2128	2025-08-13 06:43:29+00	8	합격	\N	0	40.005	40.000
1868	2129	2025-08-15 09:51:31+00	8	합격	스크래치	9	7.996	8.000
1869	2130	2025-08-14 03:58:14+00	8	합격	표면조도불량	12	8.001	8.000
1870	2131	2025-08-14 07:47:16+00	8	합격	\N	0	12.003	12.000
1871	2132	2025-08-14 02:26:44+00	8	합격	\N	0	16.003	16.000
1872	2133	2025-08-14 04:40:48+00	8	합격	스크래치	28	4.998	5.000
1873	2134	2025-08-15 01:22:41+00	8	합격	\N	0	20.004	20.000
1874	2135	2025-08-15 02:19:22+00	8	합격	표면조도불량	6	29.996	30.000
1875	2136	2025-08-15 07:19:41+00	8	합격	\N	0	9.998	10.000
1876	2137	2025-08-15 08:42:58+00	8	합격	\N	0	11.999	12.000
1877	2138	2025-08-14 04:46:21+00	8	합격	\N	0	12.001	12.000
1878	2139	2025-08-15 08:53:30+00	8	합격	표면조도불량	2	24.998	25.000
1879	2140	2025-08-14 06:24:31+00	8	합격	버(burr)	2	40.001	40.000
1880	2141	2025-08-17 05:07:34+00	8	합격	\N	0	7.999	8.000
1881	2142	2025-08-16 01:57:56+00	8	합격	\N	0	7.998	8.000
1882	2143	2025-08-17 03:40:25+00	8	합격	\N	0	11.994	12.000
1883	2144	2025-08-16 03:07:09+00	8	합격	\N	0	15.998	16.000
1884	2145	2025-08-16 05:08:58+00	8	합격	버(burr)	11	2.998	3.000
1885	2146	2025-08-16 00:40:42+00	8	합격	\N	0	30.001	30.000
1886	2147	2025-08-16 05:12:56+00	8	합격	\N	0	10.001	10.000
1887	2148	2025-08-16 07:03:50+00	8	합격	\N	0	12.004	12.000
1888	2150	2025-08-17 04:28:25+00	8	합격	\N	0	25.001	25.000
1889	2151	2025-08-17 00:12:40+00	8	합격	표면조도불량	1	39.997	40.000
1890	2152	2025-08-18 00:00:55+00	8	합격	표면조도불량	10	8.000	8.000
1891	2153	2025-08-18 05:26:31+00	8	합격	스크래치	26	12.007	12.000
1892	2155	2025-08-18 00:52:31+00	8	합격	\N	0	2.996	3.000
1893	2156	2025-08-19 02:39:24+00	8	합격	\N	0	5.003	5.000
1894	2157	2025-08-18 07:20:35+00	8	합격	\N	0	20.001	20.000
1895	2158	2025-08-18 04:03:25+00	8	합격	스크래치	9	29.997	30.000
1896	2159	2025-08-18 07:22:41+00	8	합격	\N	0	10.000	10.000
1897	2160	2025-08-18 00:20:29+00	8	합격	스크래치	5	10.001	10.000
1898	2161	2025-08-18 00:51:48+00	8	합격	버(burr)	3	11.997	12.000
1899	2162	2025-08-19 00:47:44+00	8	합격	표면조도불량	6	12.004	12.000
1900	2163	2025-08-19 04:37:00+00	8	합격	스크래치	5	24.994	25.000
1901	2164	2025-08-19 06:19:37+00	8	합격	\N	0	40.000	40.000
1902	2165	2025-08-20 05:37:36+00	8	합격	표면조도불량	7	7.997	8.000
1903	2166	2025-08-20 02:01:22+00	8	합격	\N	0	7.997	8.000
1904	2167	2025-08-19 02:55:03+00	8	합격	표면조도불량	24	12.001	12.000
1905	2168	2025-08-20 06:21:37+00	8	합격	표면조도불량	33	3.004	3.000
1906	2169	2025-08-19 07:42:03+00	8	합격	\N	0	5.003	5.000
1907	2170	2025-08-20 03:31:33+00	8	합격	\N	0	19.998	20.000
1908	2171	2025-08-20 09:19:00+00	8	합격	\N	0	10.002	10.000
1909	2172	2025-08-19 00:16:54+00	8	합격	\N	0	10.002	10.000
1910	2173	2025-08-20 02:02:20+00	8	합격	\N	0	12.003	12.000
1911	2174	2025-08-21 05:46:06+00	8	합격	표면조도불량	15	7.996	8.000
1912	2175	2025-08-21 04:18:51+00	8	합격	스크래치	8	7.999	8.000
1913	2176	2025-08-21 05:25:19+00	8	합격	스크래치	26	12.006	12.000
1914	2177	2025-08-21 04:21:43+00	8	합격	표면조도불량	14	16.001	16.000
1915	2178	2025-08-20 07:54:18+00	8	합격	버(burr)	18	3.000	3.000
1916	2179	2025-08-20 07:28:43+00	8	합격	버(burr)	24	5.000	5.000
1917	2180	2025-08-20 04:14:12+00	8	합격	버(burr)	7	19.996	20.000
1918	2182	2025-08-21 05:01:02+00	8	합격	\N	0	39.996	40.000
1919	2183	2025-08-22 00:01:47+00	8	합격	표면조도불량	10	8.004	8.000
1920	2185	2025-08-21 07:09:50+00	8	합격	버(burr)	17	16.005	16.000
1921	2186	2025-08-21 05:38:13+00	8	합격	스크래치	29	4.996	5.000
1922	2187	2025-08-21 01:21:24+00	8	합격	\N	0	20.001	20.000
1923	2189	2025-08-21 01:35:42+00	8	합격	\N	0	9.998	10.000
1924	2190	2025-08-21 03:19:52+00	8	합격	\N	0	12.004	12.000
1925	2191	2025-08-21 08:28:30+00	8	합격	버(burr)	7	11.997	12.000
1926	2192	2025-08-21 07:20:37+00	8	합격	\N	0	24.997	25.000
1927	2193	2025-08-21 06:03:00+00	8	합격	버(burr)	2	39.997	40.000
1928	2195	2025-08-22 08:31:41+00	8	합격	표면조도불량	10	7.997	8.000
1929	2196	2025-08-23 01:25:14+00	8	합격	버(burr)	15	12.002	12.000
1930	2197	2025-08-22 04:32:47+00	8	합격	\N	0	15.997	16.000
1931	2198	2025-08-22 00:49:03+00	8	합격	\N	0	5.002	5.000
1932	2199	2025-08-22 02:09:05+00	8	합격	\N	0	20.001	20.000
1933	2200	2025-08-22 02:11:00+00	8	합격	\N	0	30.000	30.000
1934	2201	2025-08-22 06:34:27+00	8	합격	\N	0	9.999	10.000
1935	2202	2025-08-22 04:52:08+00	8	합격	스크래치	8	10.000	10.000
1936	2203	2025-08-23 02:07:05+00	8	합격	\N	0	12.004	12.000
1937	2204	2025-08-22 06:53:20+00	8	합격	스크래치	3	11.997	12.000
1938	2205	2025-08-22 01:48:01+00	8	합격	스크래치	3	25.000	25.000
1939	2206	2025-08-22 08:46:45+00	8	합격	버(burr)	3	40.003	40.000
1940	2207	2025-08-23 03:46:28+00	8	합격	버(burr)	9	8.000	8.000
1941	2208	2025-08-24 08:15:21+00	8	합격	버(burr)	12	11.999	12.000
1942	2209	2025-08-24 09:24:48+00	8	합격	\N	0	16.003	16.000
1943	2211	2025-08-24 05:13:48+00	8	합격	\N	0	5.002	5.000
1944	2212	2025-08-24 08:50:10+00	8	합격	버(burr)	4	10.002	10.000
1945	2213	2025-08-23 05:01:56+00	8	합격	버(burr)	6	10.002	10.000
1946	2214	2025-08-24 09:12:53+00	8	합격	스크래치	9	12.004	12.000
1947	2215	2025-08-23 07:30:23+00	8	합격	스크래치	2	24.996	25.000
1948	2216	2025-08-24 00:44:13+00	8	합격	스크래치	2	40.000	40.000
1949	2217	2025-08-25 00:26:11+00	8	합격	\N	0	8.000	8.000
1950	2219	2025-08-25 01:29:00+00	8	합격	스크래치	7	16.001	16.000
1951	2220	2025-08-25 08:24:52+00	8	합격	표면조도불량	25	3.003	3.000
1952	2221	2025-08-26 01:33:51+00	8	합격	표면조도불량	10	4.997	5.000
1953	2222	2025-08-26 07:27:31+00	8	합격	스크래치	10	19.996	20.000
1954	2223	2025-08-25 08:11:56+00	8	합격	스크래치	7	30.002	30.000
1955	2224	2025-08-25 01:12:02+00	8	합격	스크래치	9	10.002	10.000
1956	2225	2025-08-25 07:26:16+00	8	합격	버(burr)	3	10.000	10.000
1957	2226	2025-08-26 01:10:52+00	8	합격	표면조도불량	6	12.001	12.000
1958	2227	2025-08-26 00:39:01+00	8	합격	버(burr)	9	12.001	12.000
1959	2228	2025-08-25 08:19:55+00	8	합격	버(burr)	4	24.995	25.000
1960	2230	2025-08-26 05:45:19+00	8	합격	버(burr)	14	7.997	8.000
1961	2231	2025-08-27 04:23:08+00	8	합격	스크래치	10	7.999	8.000
1962	2232	2025-08-26 02:03:42+00	8	합격	표면조도불량	13	12.001	12.000
1963	2233	2025-08-27 05:23:29+00	8	합격	스크래치	15	16.001	16.000
1964	2234	2025-08-26 07:14:02+00	8	합격	표면조도불량	32	2.998	3.000
1965	2235	2025-08-26 08:28:57+00	8	합격	\N	0	5.002	5.000
1966	2238	2025-08-27 01:42:59+00	8	합격	스크래치	6	10.001	10.000
1967	2239	2025-08-27 08:18:27+00	8	합격	스크래치	9	9.998	10.000
1968	2240	2025-08-27 01:29:43+00	8	합격	\N	0	12.003	12.000
1969	2241	2025-08-27 00:20:55+00	8	합격	버(burr)	6	12.002	12.000
1970	2242	2025-08-27 09:47:12+00	8	합격	\N	0	24.994	25.000
1971	2243	2025-08-27 03:49:31+00	8	합격	버(burr)	15	8.002	8.000
1972	2244	2025-08-28 09:25:33+00	8	합격	\N	0	8.002	8.000
1973	2245	2025-08-27 01:23:00+00	8	합격	\N	0	16.001	16.000
1974	2247	2025-08-28 07:35:49+00	8	합격	스크래치	9	20.003	20.000
1975	2248	2025-08-27 02:00:52+00	8	합격	버(burr)	8	29.999	30.000
1976	2249	2025-08-28 07:00:48+00	8	합격	버(burr)	6	10.001	10.000
1977	2250	2025-08-28 08:36:31+00	8	합격	버(burr)	4	12.000	12.000
1978	2253	2025-08-27 00:45:48+00	8	합격	버(burr)	3	40.001	40.000
1979	2254	2025-08-29 09:50:29+00	8	합격	버(burr)	11	8.004	8.000
1980	2255	2025-08-29 02:13:41+00	8	합격	버(burr)	12	8.001	8.000
1981	2256	2025-08-29 00:36:03+00	8	합격	표면조도불량	23	12.006	12.000
1982	2257	2025-08-29 09:54:48+00	8	합격	\N	0	15.994	16.000
1983	2258	2025-08-29 03:31:02+00	8	합격	\N	0	3.002	3.000
1984	2259	2025-08-29 07:30:30+00	8	합격	표면조도불량	17	5.004	5.000
1985	2260	2025-08-28 05:56:38+00	8	합격	\N	0	20.002	20.000
1986	2262	2025-08-28 05:49:24+00	8	합격	표면조도불량	8	11.999	12.000
1987	2263	2025-08-29 07:53:07+00	8	합격	버(burr)	4	12.004	12.000
1988	2264	2025-08-28 09:13:24+00	8	합격	\N	0	24.993	25.000
1989	2266	2025-08-29 00:07:29+00	8	합격	\N	0	8.001	8.000
1990	2267	2025-08-30 08:36:13+00	8	합격	표면조도불량	25	12.004	12.000
1991	2269	2025-08-30 04:22:18+00	8	합격	스크래치	28	2.999	3.000
1992	2270	2025-08-30 00:12:34+00	8	합격	\N	0	20.003	20.000
1993	2271	2025-08-30 01:25:08+00	8	합격	\N	0	30.004	30.000
1994	2272	2025-08-29 04:09:36+00	8	합격	버(burr)	6	10.001	10.000
1995	2273	2025-08-30 06:33:18+00	8	합격	표면조도불량	6	11.997	12.000
1996	2274	2025-08-30 01:29:07+00	8	합격	\N	0	11.996	12.000
1997	2275	2025-08-29 00:16:20+00	8	합격	버(burr)	4	25.002	25.000
1998	2278	2025-08-30 02:15:39+00	8	합격	버(burr)	8	7.996	8.000
1999	2279	2025-08-31 00:21:09+00	8	합격	버(burr)	15	11.996	12.000
2000	2280	2025-08-31 08:17:38+00	8	합격	버(burr)	15	16.001	16.000
2001	2281	2025-08-30 04:13:19+00	8	합격	스크래치	29	2.999	3.000
2002	2282	2025-08-31 01:57:20+00	8	합격	버(burr)	10	20.000	20.000
2003	2283	2025-08-31 06:21:35+00	8	합격	\N	0	9.998	10.000
2004	2284	2025-08-31 09:59:16+00	8	합격	버(burr)	9	10.000	10.000
2005	2285	2025-08-31 09:58:56+00	8	합격	스크래치	9	11.998	12.000
2006	2286	2025-08-30 02:56:51+00	8	합격	\N	0	12.004	12.000
2007	2287	2025-08-30 09:16:07+00	8	합격	스크래치	2	25.000	25.000
2008	2288	2025-08-31 09:07:37+00	8	합격	버(burr)	3	39.996	40.000
2009	2289	2025-09-01 08:23:28+00	8	합격	\N	0	8.002	8.000
2010	2291	2025-09-02 05:02:57+00	8	합격	\N	0	16.000	16.000
2011	2292	2025-09-02 01:42:30+00	8	합격	표면조도불량	14	3.001	3.000
2012	2293	2025-09-02 06:37:14+00	8	합격	\N	0	20.002	20.000
2013	2294	2025-09-01 07:02:22+00	8	합격	스크래치	4	30.003	30.000
2014	2295	2025-09-02 06:26:19+00	8	합격	\N	0	9.998	10.000
2015	2296	2025-09-01 04:38:06+00	8	합격	\N	0	9.998	10.000
2016	2297	2025-09-01 09:04:56+00	8	합격	스크래치	10	12.002	12.000
2017	2298	2025-09-02 01:14:32+00	8	합격	표면조도불량	4	12.004	12.000
2018	2299	2025-09-02 09:19:28+00	8	합격	표면조도불량	5	24.994	25.000
2019	2300	2025-09-02 02:06:08+00	8	합격	버(burr)	3	39.998	40.000
2020	2301	2025-09-02 09:35:39+00	8	합격	\N	0	7.997	8.000
2021	2302	2025-09-02 01:00:56+00	8	합격	표면조도불량	5	8.004	8.000
2022	2303	2025-09-03 03:46:23+00	8	합격	\N	0	11.996	12.000
2023	2304	2025-09-02 09:52:16+00	8	합격	버(burr)	22	15.998	16.000
2024	2305	2025-09-03 02:29:41+00	8	합격	버(burr)	50	3.001	3.000
2025	2306	2025-09-02 03:29:14+00	8	합격	스크래치	20	4.996	5.000
2026	2308	2025-09-02 08:07:13+00	8	합격	\N	0	30.004	30.000
2027	2309	2025-09-03 08:47:35+00	8	합격	\N	0	10.000	10.000
2028	2311	2025-09-02 05:08:46+00	8	합격	스크래치	4	12.002	12.000
2029	2312	2025-09-03 05:22:38+00	8	합격	\N	0	25.001	25.000
2030	2313	2025-09-04 07:20:40+00	8	합격	\N	0	11.999	12.000
2031	2314	2025-09-03 04:43:51+00	8	합격	스크래치	41	3.000	3.000
2032	2315	2025-09-03 02:15:41+00	8	합격	\N	0	5.000	5.000
2033	2316	2025-09-04 04:12:07+00	8	합격	버(burr)	9	19.999	20.000
2034	2317	2025-09-03 08:54:58+00	8	합격	스크래치	12	30.000	30.000
2035	2318	2025-09-04 03:13:28+00	8	합격	\N	0	9.999	10.000
2036	2319	2025-09-04 06:40:52+00	8	합격	스크래치	11	10.001	10.000
2037	2320	2025-09-03 08:13:45+00	8	합격	버(burr)	7	11.999	12.000
2038	2321	2025-09-04 01:49:13+00	8	합격	버(burr)	4	25.003	25.000
2039	2322	2025-09-04 01:47:06+00	8	합격	\N	0	40.004	40.000
2040	2323	2025-09-04 07:53:15+00	8	합격	스크래치	9	7.998	8.000
2041	2324	2025-09-05 00:03:48+00	8	합격	버(burr)	16	8.002	8.000
2042	2325	2025-09-04 00:37:02+00	8	합격	\N	0	16.007	16.000
2043	2326	2025-09-05 02:21:23+00	8	합격	스크래치	20	3.003	3.000
2044	2327	2025-09-04 07:12:59+00	8	합격	버(burr)	26	4.996	5.000
2045	2328	2025-09-04 00:17:44+00	8	합격	\N	0	19.999	20.000
2046	2329	2025-09-05 02:54:28+00	8	합격	\N	0	10.002	10.000
2047	2330	2025-09-05 06:33:13+00	8	합격	\N	0	10.000	10.000
2048	2331	2025-09-05 02:01:33+00	8	합격	스크래치	13	11.997	12.000
2049	2332	2025-09-05 03:54:35+00	8	합격	\N	0	12.004	12.000
2050	2333	2025-09-04 07:47:05+00	8	합격	\N	0	25.003	25.000
2051	2334	2025-09-06 04:37:10+00	8	합격	스크래치	16	7.998	8.000
2052	2335	2025-09-06 08:29:11+00	8	합격	표면조도불량	13	8.004	8.000
2053	2336	2025-09-06 08:23:34+00	8	합격	버(burr)	30	12.002	12.000
2054	2337	2025-09-05 00:16:41+00	8	합격	표면조도불량	13	16.002	16.000
2055	2338	2025-09-06 00:45:33+00	8	합격	스크래치	44	2.997	3.000
2056	2339	2025-09-05 03:37:52+00	8	합격	버(burr)	36	4.997	5.000
2057	2340	2025-09-05 04:41:49+00	8	합격	표면조도불량	5	29.996	30.000
2058	2341	2025-09-05 08:54:29+00	8	합격	표면조도불량	9	9.999	10.000
2059	2342	2025-09-05 04:00:44+00	8	합격	\N	0	9.998	10.000
2060	2343	2025-09-05 02:44:37+00	8	합격	\N	0	12.002	12.000
2061	2345	2025-09-05 09:15:22+00	8	합격	스크래치	4	39.999	40.000
2062	2346	2025-09-07 03:42:42+00	8	합격	스크래치	10	8.000	8.000
2063	2347	2025-09-06 01:13:42+00	8	합격	\N	0	7.997	8.000
2064	2348	2025-09-07 00:16:13+00	8	합격	\N	0	11.999	12.000
2065	2349	2025-09-07 00:14:08+00	8	합격	\N	0	16.005	16.000
2066	2350	2025-09-06 02:55:08+00	8	합격	\N	0	2.998	3.000
2067	2351	2025-09-06 05:58:51+00	8	합격	표면조도불량	21	4.996	5.000
2068	2352	2025-09-06 06:04:03+00	8	합격	스크래치	18	19.999	20.000
2069	2353	2025-09-06 01:35:35+00	8	합격	버(burr)	9	30.002	30.000
2070	2354	2025-09-06 06:47:31+00	8	합격	\N	0	9.999	10.000
2071	2355	2025-09-07 01:16:15+00	8	합격	\N	0	10.002	10.000
2072	2356	2025-09-06 09:58:34+00	8	합격	스크래치	7	12.000	12.000
2073	2357	2025-09-06 04:27:35+00	8	합격	\N	0	25.006	25.000
2074	2358	2025-09-07 02:22:45+00	8	합격	표면조도불량	4	39.997	40.000
2075	2359	2025-09-09 04:44:30+00	8	합격	스크래치	14	8.000	8.000
2076	2360	2025-09-08 00:52:28+00	8	합격	버(burr)	20	12.003	12.000
2077	2361	2025-09-08 03:37:18+00	8	합격	버(burr)	20	15.994	16.000
2078	2362	2025-09-09 04:35:05+00	8	합격	표면조도불량	20	2.996	3.000
2079	2364	2025-09-08 09:52:35+00	8	합격	\N	0	30.000	30.000
2080	2365	2025-09-08 00:46:34+00	8	합격	스크래치	13	9.998	10.000
2081	2366	2025-09-09 08:49:28+00	8	합격	\N	0	12.000	12.000
2082	2367	2025-09-08 07:39:43+00	8	합격	표면조도불량	8	12.004	12.000
2083	2368	2025-09-09 09:11:50+00	8	합격	표면조도불량	3	39.999	40.000
2084	2369	2025-09-09 05:29:02+00	8	합격	버(burr)	14	7.998	8.000
2085	2370	2025-09-09 01:26:38+00	8	합격	스크래치	24	3.004	3.000
2086	2371	2025-09-10 04:39:11+00	8	합격	표면조도불량	31	5.001	5.000
2087	2374	2025-09-10 09:50:24+00	8	합격	\N	0	10.001	10.000
2088	2375	2025-09-09 05:49:14+00	8	합격	\N	0	10.002	10.000
2089	2376	2025-09-10 00:35:18+00	8	합격	\N	0	12.001	12.000
2090	2377	2025-09-09 01:18:36+00	8	합격	\N	0	12.004	12.000
2091	2378	2025-09-09 01:48:55+00	8	합격	\N	0	24.999	25.000
2092	2379	2025-09-09 04:00:05+00	8	합격	\N	0	39.993	40.000
2093	2380	2025-09-11 08:37:01+00	8	합격	\N	0	8.003	8.000
2094	2381	2025-09-11 04:20:42+00	8	합격	\N	0	12.006	12.000
2095	2382	2025-09-11 03:27:23+00	8	합격	스크래치	12	15.994	16.000
2096	2383	2025-09-11 00:51:45+00	8	합격	\N	0	3.004	3.000
2097	2384	2025-09-10 09:14:02+00	8	합격	표면조도불량	46	5.002	5.000
2098	2385	2025-09-10 06:51:39+00	8	합격	\N	0	20.003	20.000
2099	2386	2025-09-11 00:01:23+00	8	합격	스크래치	12	30.000	30.000
2100	2387	2025-09-11 07:31:32+00	8	합격	버(burr)	5	9.998	10.000
2101	2388	2025-09-10 02:23:18+00	8	합격	스크래치	8	9.999	10.000
2102	2389	2025-09-10 09:32:07+00	8	합격	\N	0	12.001	12.000
2103	2390	2025-09-10 08:51:56+00	8	합격	버(burr)	6	25.000	25.000
2104	2391	2025-09-11 00:59:03+00	8	합격	\N	0	39.998	40.000
2105	2392	2025-09-11 08:44:56+00	8	합격	표면조도불량	10	7.996	8.000
2106	2393	2025-09-12 08:07:32+00	8	합격	\N	0	8.001	8.000
2107	2394	2025-09-11 00:15:01+00	8	합격	버(burr)	16	16.006	16.000
2108	2396	2025-09-12 03:49:21+00	8	합격	\N	0	5.004	5.000
2109	2397	2025-09-12 07:46:31+00	8	합격	표면조도불량	7	19.998	20.000
2110	2398	2025-09-11 04:19:43+00	8	합격	스크래치	4	30.001	30.000
2111	2400	2025-09-12 09:12:29+00	8	합격	스크래치	6	11.999	12.000
2112	2401	2025-09-12 03:56:55+00	8	합격	\N	0	11.997	12.000
2113	2402	2025-09-12 09:09:42+00	8	합격	\N	0	24.993	25.000
2114	2403	2025-09-12 02:25:22+00	8	합격	\N	0	40.001	40.000
2115	2404	2025-09-12 00:04:15+00	8	합격	\N	0	8.000	8.000
2116	2405	2025-09-12 03:19:54+00	8	합격	버(burr)	33	12.004	12.000
2117	2406	2025-09-13 08:50:51+00	8	합격	\N	0	2.998	3.000
2118	2407	2025-09-12 09:58:02+00	8	합격	\N	0	19.997	20.000
2119	2408	2025-09-12 04:17:17+00	8	합격	스크래치	11	29.996	30.000
2120	2409	2025-09-12 01:39:38+00	8	합격	스크래치	9	9.998	10.000
2121	2410	2025-09-13 06:03:51+00	8	합격	표면조도불량	9	12.002	12.000
2122	2411	2025-09-13 01:56:17+00	8	합격	\N	0	12.003	12.000
2123	2412	2025-09-12 05:53:51+00	8	합격	표면조도불량	5	24.994	25.000
2124	2413	2025-09-13 07:34:56+00	8	합격	스크래치	5	40.000	40.000
2125	2415	2025-09-14 00:36:59+00	8	합격	표면조도불량	17	15.999	16.000
2126	2417	2025-09-13 02:26:04+00	8	합격	버(burr)	37	5.000	5.000
2127	2418	2025-09-13 03:53:06+00	8	합격	\N	0	20.000	20.000
2128	2419	2025-09-13 02:16:04+00	8	합격	스크래치	10	29.998	30.000
2129	2420	2025-09-14 05:09:26+00	8	합격	스크래치	6	10.001	10.000
2130	2421	2025-09-13 05:29:06+00	8	합격	\N	0	9.998	10.000
2131	2422	2025-09-14 06:25:10+00	8	합격	표면조도불량	10	12.002	12.000
2132	2423	2025-09-14 01:15:00+00	8	합격	표면조도불량	5	11.999	12.000
2133	2425	2025-09-13 00:36:57+00	8	합격	\N	0	39.994	40.000
2134	2427	2025-09-16 01:11:50+00	8	합격	표면조도불량	23	11.998	12.000
2135	2428	2025-09-15 07:47:56+00	8	합격	스크래치	14	15.993	16.000
2136	2429	2025-09-16 09:46:38+00	8	합격	\N	0	3.003	3.000
2137	2430	2025-09-15 04:22:51+00	8	합격	표면조도불량	24	5.002	5.000
2138	2431	2025-09-15 06:00:40+00	8	합격	\N	0	20.004	20.000
2139	2433	2025-09-15 03:07:00+00	8	합격	\N	0	10.002	10.000
2140	2434	2025-09-16 00:59:26+00	8	합격	버(burr)	10	9.998	10.000
2141	2435	2025-09-15 01:40:19+00	8	합격	버(burr)	12	12.000	12.000
2142	2437	2025-09-15 06:49:02+00	8	합격	\N	0	25.003	25.000
2143	2438	2025-09-16 03:44:34+00	8	합격	스크래치	21	8.001	8.000
2144	2439	2025-09-17 03:19:02+00	8	합격	표면조도불량	17	8.001	8.000
2145	2441	2025-09-17 06:47:49+00	8	합격	\N	0	4.999	5.000
2146	2442	2025-09-16 02:49:34+00	8	합격	표면조도불량	11	19.998	20.000
2147	2443	2025-09-17 01:14:50+00	8	합격	버(burr)	12	29.998	30.000
2148	2444	2025-09-16 01:35:03+00	8	합격	버(burr)	12	10.001	10.000
2149	2445	2025-09-16 04:31:12+00	8	합격	\N	0	11.999	12.000
2150	2446	2025-09-17 07:38:29+00	8	합격	\N	0	24.993	25.000
2151	2447	2025-09-16 07:15:30+00	8	합격	스크래치	5	40.002	40.000
2152	2448	2025-09-18 02:45:02+00	8	합격	\N	0	7.997	8.000
2153	2449	2025-09-18 01:22:00+00	8	합격	스크래치	14	7.998	8.000
2154	2450	2025-09-17 08:31:06+00	8	합격	표면조도불량	30	16.004	16.000
2155	2451	2025-09-18 08:52:35+00	8	합격	버(burr)	9	19.998	20.000
2156	2452	2025-09-18 00:28:19+00	8	합격	\N	0	29.998	30.000
2157	2453	2025-09-17 08:50:42+00	8	합격	버(burr)	13	10.000	10.000
2158	2454	2025-09-18 04:23:12+00	8	합격	\N	0	10.001	10.000
2159	2455	2025-09-18 03:25:23+00	8	합격	스크래치	6	12.004	12.000
2160	2456	2025-09-18 07:35:30+00	8	합격	스크래치	3	12.003	12.000
2161	2457	2025-09-17 03:42:23+00	8	합격	\N	0	25.001	25.000
2162	2458	2025-09-18 01:46:05+00	8	합격	표면조도불량	4	39.995	40.000
2163	2459	2025-09-19 08:30:46+00	8	합격	스크래치	13	7.999	8.000
2164	2460	2025-09-18 09:25:31+00	8	합격	버(burr)	16	11.995	12.000
2165	2461	2025-09-19 06:57:59+00	8	합격	\N	0	16.006	16.000
2166	2462	2025-09-18 02:25:53+00	8	합격	\N	0	3.001	3.000
2167	2463	2025-09-19 03:24:15+00	8	합격	스크래치	36	4.997	5.000
2168	2464	2025-09-18 03:47:44+00	8	합격	표면조도불량	5	20.002	20.000
2169	2465	2025-09-18 09:38:18+00	8	합격	표면조도불량	11	29.999	30.000
2170	2466	2025-09-18 05:41:31+00	8	합격	\N	0	10.000	10.000
2171	2467	2025-09-19 08:44:08+00	8	합격	\N	0	10.000	10.000
2172	2468	2025-09-19 02:31:28+00	8	합격	버(burr)	4	12.000	12.000
2173	2469	2025-09-18 04:04:12+00	8	합격	스크래치	8	11.996	12.000
2174	2470	2025-09-18 05:38:54+00	8	합격	\N	0	25.004	25.000
2175	2471	2025-09-19 09:12:52+00	8	합격	버(burr)	5	40.005	40.000
2176	2472	2025-09-20 06:16:06+00	8	합격	\N	0	7.999	8.000
2177	2473	2025-09-19 05:43:05+00	8	합격	버(burr)	12	11.999	12.000
2178	2474	2025-09-19 09:37:26+00	8	합격	버(burr)	24	15.994	16.000
2179	2475	2025-09-20 00:59:37+00	8	합격	\N	0	3.000	3.000
2180	2477	2025-09-20 08:54:00+00	8	합격	스크래치	6	9.999	10.000
2181	2478	2025-09-19 01:12:58+00	8	합격	\N	0	10.000	10.000
2182	2479	2025-09-20 08:19:26+00	8	합격	\N	0	25.007	25.000
2183	2481	2025-09-21 09:57:16+00	8	합격	\N	0	8.004	8.000
2184	2482	2025-09-20 02:33:35+00	8	합격	\N	0	16.006	16.000
2185	2483	2025-09-20 05:40:36+00	8	합격	\N	0	20.002	20.000
2186	2484	2025-09-21 03:05:12+00	8	합격	\N	0	30.004	30.000
2187	2485	2025-09-21 04:18:03+00	8	합격	\N	0	9.999	10.000
2188	2486	2025-09-20 04:29:29+00	8	합격	스크래치	4	12.002	12.000
2189	2488	2025-09-20 03:39:05+00	8	합격	\N	0	24.993	25.000
2190	2489	2025-09-23 03:52:28+00	8	합격	표면조도불량	16	7.996	8.000
2191	2490	2025-09-23 02:50:56+00	8	합격	스크래치	12	7.997	8.000
2192	2491	2025-09-23 09:52:56+00	8	합격	\N	0	12.001	12.000
2193	2492	2025-09-23 02:57:02+00	8	합격	표면조도불량	15	16.007	16.000
2194	2493	2025-09-22 04:10:51+00	8	합격	\N	0	2.998	3.000
2195	2494	2025-09-23 08:45:08+00	8	합격	\N	0	5.000	5.000
2196	2495	2025-09-23 03:30:53+00	8	합격	스크래치	17	20.002	20.000
2197	2497	2025-09-22 08:42:04+00	8	합격	\N	0	10.001	10.000
2198	2498	2025-09-22 00:09:27+00	8	합격	\N	0	10.001	10.000
2199	2499	2025-09-22 07:12:50+00	8	합격	스크래치	4	12.004	12.000
2200	2500	2025-09-23 08:31:12+00	8	합격	스크래치	6	25.007	25.000
2201	2502	2025-09-24 07:02:19+00	8	합격	스크래치	16	15.998	16.000
2202	2504	2025-09-24 05:38:05+00	8	합격	스크래치	22	4.999	5.000
2203	2505	2025-09-24 07:24:19+00	8	합격	\N	0	19.999	20.000
2204	2506	2025-09-24 05:09:38+00	8	합격	\N	0	30.002	30.000
2205	2507	2025-09-23 06:24:39+00	8	합격	\N	0	10.001	10.000
2206	2508	2025-09-23 07:20:13+00	8	합격	\N	0	10.002	10.000
2207	2509	2025-09-24 07:47:37+00	8	합격	스크래치	8	12.004	12.000
2208	2510	2025-09-23 00:21:33+00	8	합격	표면조도불량	10	11.999	12.000
2209	2511	2025-09-23 05:56:05+00	8	합격	스크래치	3	24.996	25.000
2210	2512	2025-09-24 04:07:18+00	8	합격	버(burr)	5	40.001	40.000
2211	2513	2025-09-25 05:29:54+00	8	합격	스크래치	8	8.001	8.000
2212	2514	2025-09-24 07:00:12+00	8	합격	\N	0	7.997	8.000
2213	2515	2025-09-24 03:39:54+00	8	합격	표면조도불량	22	12.000	12.000
2214	2516	2025-09-24 04:01:40+00	8	합격	스크래치	8	16.002	16.000
2215	2517	2025-09-24 01:29:56+00	8	합격	\N	0	2.997	3.000
2216	2518	2025-09-24 09:06:13+00	8	합격	\N	0	5.002	5.000
2217	2519	2025-09-25 08:02:33+00	8	합격	\N	0	19.998	20.000
2218	2520	2025-09-25 06:42:57+00	8	합격	버(burr)	10	29.999	30.000
2219	2521	2025-09-24 04:20:11+00	8	합격	스크래치	9	9.999	10.000
2220	2522	2025-09-25 07:54:28+00	8	합격	\N	0	10.001	10.000
2221	2523	2025-09-25 07:32:09+00	8	합격	스크래치	4	11.996	12.000
2222	2524	2025-09-25 09:47:02+00	8	합격	표면조도불량	11	12.001	12.000
2223	2525	2025-09-24 01:11:30+00	8	합격	스크래치	3	24.999	25.000
2224	2527	2025-09-25 09:16:35+00	8	합격	표면조도불량	10	8.000	8.000
2225	2528	2025-09-25 06:12:55+00	8	합격	표면조도불량	21	11.995	12.000
2226	2529	2025-09-26 08:00:13+00	8	합격	\N	0	15.995	16.000
2227	2530	2025-09-26 07:56:28+00	8	합격	\N	0	5.004	5.000
2228	2531	2025-09-25 02:14:02+00	8	합격	스크래치	6	19.996	20.000
2229	2532	2025-09-26 07:05:21+00	8	합격	\N	0	29.997	30.000
2230	2533	2025-09-25 06:51:44+00	8	합격	표면조도불량	10	9.999	10.000
2231	2534	2025-09-26 08:38:17+00	8	합격	\N	0	9.999	10.000
2232	2535	2025-09-25 09:49:31+00	8	합격	버(burr)	12	12.002	12.000
2233	2536	2025-09-25 00:35:18+00	8	합격	\N	0	12.001	12.000
2234	2537	2025-09-25 06:14:22+00	8	합격	스크래치	6	39.999	40.000
2235	2538	2025-09-26 00:29:36+00	8	합격	버(burr)	15	7.996	8.000
2236	2539	2025-09-27 03:12:41+00	8	합격	\N	0	7.996	8.000
2237	2540	2025-09-27 01:50:05+00	8	합격	\N	0	11.997	12.000
2238	2541	2025-09-27 06:50:48+00	8	합격	버(burr)	24	16.002	16.000
2239	2542	2025-09-27 02:51:38+00	8	합격	\N	0	2.999	3.000
2240	2543	2025-09-26 07:27:37+00	8	합격	표면조도불량	29	5.001	5.000
2241	2544	2025-09-27 08:58:55+00	8	합격	\N	0	19.996	20.000
2242	2545	2025-09-27 00:59:13+00	8	합격	\N	0	10.000	10.000
2243	2546	2025-09-26 03:49:59+00	8	합격	\N	0	9.999	10.000
2244	2547	2025-09-27 04:01:51+00	8	합격	스크래치	8	11.997	12.000
2245	2549	2025-09-26 00:18:14+00	8	합격	\N	0	40.001	40.000
2246	2550	2025-09-27 06:32:45+00	8	합격	\N	0	7.996	8.000
2247	2551	2025-09-28 01:27:27+00	8	합격	버(burr)	17	8.000	8.000
2248	2552	2025-09-27 07:09:01+00	8	합격	버(burr)	30	11.994	12.000
2249	2553	2025-09-28 01:31:37+00	8	합격	버(burr)	25	15.995	16.000
2250	2554	2025-09-28 01:01:09+00	8	합격	표면조도불량	33	3.003	3.000
2251	2555	2025-09-28 08:28:11+00	8	합격	표면조도불량	18	5.002	5.000
2252	2556	2025-09-28 03:16:30+00	8	합격	스크래치	12	20.001	20.000
2253	2557	2025-09-28 01:56:31+00	8	합격	스크래치	5	29.998	30.000
2254	2558	2025-09-28 09:29:22+00	8	합격	스크래치	7	9.998	10.000
2255	2559	2025-09-28 00:34:29+00	8	합격	버(burr)	7	9.999	10.000
2256	2560	2025-09-27 09:26:33+00	8	합격	스크래치	8	12.001	12.000
2257	2561	2025-09-27 09:05:22+00	8	합격	\N	0	12.002	12.000
2258	2562	2025-09-27 02:11:05+00	8	합격	\N	0	40.007	40.000
2259	2563	2025-09-30 04:03:38+00	8	합격	\N	0	8.002	8.000
2260	2564	2025-09-30 06:40:41+00	8	합격	\N	0	12.004	12.000
2261	2565	2025-09-29 05:17:50+00	8	합격	\N	0	16.004	16.000
2262	2566	2025-09-30 07:16:03+00	8	합격	\N	0	3.002	3.000
2263	2567	2025-09-29 02:52:54+00	8	합격	\N	0	4.999	5.000
2264	2568	2025-09-29 09:44:37+00	8	합격	\N	0	20.000	20.000
2265	2569	2025-09-29 06:45:17+00	8	합격	표면조도불량	7	9.999	10.000
2266	2570	2025-09-30 04:03:44+00	8	합격	\N	0	10.000	10.000
2267	2571	2025-09-29 02:45:00+00	8	합격	\N	0	12.002	12.000
2268	2572	2025-09-30 01:22:10+00	8	합격	표면조도불량	7	12.000	12.000
2269	2573	2025-09-29 03:06:35+00	8	합격	\N	0	40.007	40.000
2270	2574	2025-09-30 02:58:47+00	8	합격	표면조도불량	19	7.996	8.000
2271	2576	2025-09-30 09:40:35+00	8	합격	\N	0	11.998	12.000
2272	2577	2025-10-01 06:15:28+00	8	합격	버(burr)	8	15.993	16.000
2273	2578	2025-09-30 05:40:31+00	8	합격	\N	0	2.997	3.000
2274	2579	2025-10-01 09:10:11+00	8	합격	스크래치	34	4.999	5.000
2275	2580	2025-10-01 04:17:44+00	8	합격	\N	0	20.001	20.000
2276	2581	2025-10-01 01:07:31+00	8	합격	스크래치	9	10.001	10.000
2277	2582	2025-10-01 06:29:49+00	8	합격	\N	0	10.001	10.000
2278	2583	2025-09-30 06:35:48+00	8	합격	버(burr)	7	11.996	12.000
2279	2584	2025-10-01 07:52:16+00	8	합격	버(burr)	4	40.001	40.000
2280	2585	2025-10-02 01:23:39+00	8	합격	스크래치	21	7.999	8.000
2281	2587	2025-10-01 01:55:31+00	8	합격	표면조도불량	15	11.994	12.000
2282	2588	2025-10-01 04:46:02+00	8	합격	\N	0	15.999	16.000
2283	2589	2025-10-01 06:34:51+00	8	합격	\N	0	2.996	3.000
2284	2591	2025-10-02 06:39:02+00	8	합격	\N	0	30.000	30.000
2285	2592	2025-10-01 01:59:47+00	8	합격	\N	0	10.000	10.000
2286	2593	2025-10-02 09:34:14+00	8	합격	스크래치	13	10.002	10.000
2287	2594	2025-10-02 05:30:45+00	8	합격	\N	0	11.996	12.000
2288	2595	2025-10-02 08:50:30+00	8	합격	버(burr)	11	12.002	12.000
2289	2596	2025-10-01 02:56:37+00	8	합격	표면조도불량	3	24.996	25.000
2290	2597	2025-10-01 08:55:31+00	8	합격	\N	0	40.000	40.000
2291	2598	2025-10-02 09:17:58+00	8	합격	\N	0	7.997	8.000
2292	2600	2025-10-02 09:34:04+00	8	합격	\N	0	12.004	12.000
2293	2601	2025-10-02 07:43:12+00	8	합격	버(burr)	26	16.001	16.000
2294	2602	2025-10-03 08:28:06+00	8	합격	스크래치	36	3.002	3.000
2295	2603	2025-10-02 09:47:01+00	8	합격	\N	0	5.003	5.000
2296	2604	2025-10-03 01:59:47+00	8	합격	표면조도불량	5	20.003	20.000
2297	2605	2025-10-03 07:10:22+00	8	합격	\N	0	10.002	10.000
2298	2606	2025-10-02 08:20:41+00	8	합격	\N	0	10.000	10.000
2299	2607	2025-10-03 04:38:31+00	8	합격	스크래치	7	12.000	12.000
2300	2608	2025-10-02 08:59:22+00	8	합격	\N	0	12.001	12.000
2301	2609	2025-10-02 08:43:12+00	8	합격	버(burr)	4	25.001	25.000
2302	2610	2025-10-02 00:25:44+00	8	합격	\N	0	39.993	40.000
2303	2611	2025-10-05 01:47:45+00	8	합격	버(burr)	7	8.004	8.000
2304	2612	2025-10-05 04:56:54+00	8	합격	스크래치	38	12.000	12.000
2305	2613	2025-10-04 01:36:32+00	8	합격	스크래치	24	16.000	16.000
2306	2614	2025-10-04 03:56:14+00	8	합격	\N	0	2.996	3.000
2307	2615	2025-10-05 01:40:31+00	8	합격	스크래치	8	20.002	20.000
2308	2616	2025-10-04 00:09:54+00	8	합격	\N	0	10.002	10.000
2309	2617	2025-10-05 02:01:36+00	8	합격	스크래치	10	11.998	12.000
2310	2618	2025-10-05 03:04:18+00	8	합격	\N	0	24.993	25.000
2311	2619	2025-10-10 08:31:38+00	8	합격	스크래치	8	7.997	8.000
2312	2620	2025-10-10 04:37:32+00	8	합격	\N	0	7.998	8.000
2313	2621	2025-10-10 02:22:58+00	8	합격	\N	0	11.995	12.000
2314	2622	2025-10-11 09:26:42+00	8	합격	\N	0	16.006	16.000
2315	2623	2025-10-11 01:18:36+00	8	합격	표면조도불량	45	2.996	3.000
2316	2624	2025-10-10 01:19:56+00	8	합격	버(burr)	32	5.004	5.000
2317	2625	2025-10-11 04:10:19+00	8	합격	\N	0	20.000	20.000
2318	2626	2025-10-10 07:06:02+00	8	합격	스크래치	9	29.997	30.000
2319	2627	2025-10-11 08:17:01+00	8	합격	\N	0	10.000	10.000
2320	2628	2025-10-11 04:57:17+00	8	합격	버(burr)	6	10.000	10.000
2321	2629	2025-10-10 06:37:20+00	8	합격	버(burr)	6	12.000	12.000
2322	2630	2025-10-10 05:23:34+00	8	합격	\N	0	12.001	12.000
2323	2632	2025-10-10 02:18:54+00	8	합격	표면조도불량	5	40.002	40.000
2324	2634	2025-10-12 00:56:48+00	8	합격	스크래치	36	12.001	12.000
2325	2635	2025-10-11 03:40:17+00	8	합격	스크래치	34	16.005	16.000
2326	2636	2025-10-12 00:03:34+00	8	합격	\N	0	3.001	3.000
2327	2637	2025-10-11 04:13:13+00	8	합격	스크래치	14	5.004	5.000
2328	2638	2025-10-12 07:15:19+00	8	합격	표면조도불량	11	20.003	20.000
2329	2641	2025-10-12 09:59:52+00	8	합격	스크래치	11	10.001	10.000
2330	2642	2025-10-12 09:26:01+00	8	합격	표면조도불량	12	12.000	12.000
2331	2643	2025-10-11 09:50:05+00	8	합격	표면조도불량	7	12.001	12.000
2332	2644	2025-10-12 04:46:18+00	8	합격	스크래치	4	25.002	25.000
2333	2645	2025-10-13 05:47:49+00	8	합격	버(burr)	9	8.001	8.000
2334	2646	2025-10-13 06:29:57+00	8	합격	스크래치	33	3.003	3.000
2335	2647	2025-10-14 09:39:21+00	8	합격	\N	0	19.997	20.000
2336	2648	2025-10-13 07:11:19+00	8	합격	\N	0	30.001	30.000
2337	2649	2025-10-13 03:26:21+00	8	합격	\N	0	10.002	10.000
2338	2650	2025-10-13 02:57:32+00	8	합격	버(burr)	11	12.004	12.000
2339	2652	2025-10-14 08:31:15+00	8	합격	버(burr)	6	40.005	40.000
2340	2653	2025-10-14 08:48:33+00	8	합격	표면조도불량	15	8.001	8.000
2341	2655	2025-10-14 00:28:45+00	8	합격	표면조도불량	33	15.994	16.000
2342	2656	2025-10-14 09:53:36+00	8	합격	\N	0	2.997	3.000
2343	2657	2025-10-14 01:01:03+00	8	합격	표면조도불량	15	5.000	5.000
2344	2658	2025-10-14 03:31:40+00	8	합격	\N	0	20.002	20.000
2345	2659	2025-10-15 09:46:03+00	8	합격	\N	0	30.002	30.000
2346	2660	2025-10-14 01:36:35+00	8	합격	\N	0	10.001	10.000
2347	2661	2025-10-15 05:47:01+00	8	합격	스크래치	11	11.998	12.000
2348	2663	2025-10-15 09:48:10+00	8	합격	버(burr)	8	24.993	25.000
2349	2664	2025-10-15 00:20:37+00	8	합격	표면조도불량	7	8.002	8.000
2350	2665	2025-10-15 06:09:56+00	8	합격	버(burr)	22	7.998	8.000
2351	2666	2025-10-15 00:47:31+00	8	합격	스크래치	18	16.000	16.000
2352	2667	2025-10-15 01:43:07+00	8	합격	표면조도불량	35	2.996	3.000
2353	2669	2025-10-15 01:07:06+00	8	합격	스크래치	5	9.998	10.000
2354	2670	2025-10-15 09:35:40+00	8	합격	버(burr)	11	9.999	10.000
2355	2672	2025-10-15 06:01:55+00	8	합격	표면조도불량	7	24.995	25.000
2356	2673	2025-10-17 05:14:53+00	8	합격	표면조도불량	24	7.998	8.000
2357	2674	2025-10-17 00:00:47+00	8	합격	\N	0	7.998	8.000
2358	2676	2025-10-17 07:26:23+00	8	합격	버(burr)	28	16.003	16.000
2359	2677	2025-10-17 09:23:24+00	8	합격	\N	0	2.998	3.000
2360	2678	2025-10-16 02:52:00+00	8	합격	\N	0	4.999	5.000
2361	2679	2025-10-17 04:47:16+00	8	합격	\N	0	19.999	20.000
2362	2680	2025-10-17 02:46:21+00	8	합격	버(burr)	12	29.996	30.000
2363	2681	2025-10-16 06:50:05+00	8	합격	\N	0	9.998	10.000
2364	2682	2025-10-17 02:22:30+00	8	합격	표면조도불량	12	10.002	10.000
2365	2683	2025-10-16 02:42:45+00	8	합격	\N	0	25.006	25.000
2366	2684	2025-10-16 01:49:42+00	8	합격	버(burr)	2	39.999	40.000
2367	2685	2025-10-17 08:16:53+00	8	합격	스크래치	7	8.002	8.000
2368	2686	2025-10-18 04:01:24+00	8	합격	스크래치	22	7.997	8.000
2369	2687	2025-10-17 03:49:54+00	8	합격	\N	0	11.997	12.000
2370	2688	2025-10-17 06:33:11+00	8	합격	\N	0	15.995	16.000
2371	2690	2025-10-17 06:45:11+00	8	합격	표면조도불량	14	20.003	20.000
2372	2691	2025-10-18 03:32:29+00	8	합격	\N	0	30.000	30.000
2373	2692	2025-10-18 06:28:22+00	8	합격	버(burr)	8	9.999	10.000
2374	2693	2025-10-18 02:09:36+00	8	합격	표면조도불량	9	12.003	12.000
2375	2694	2025-10-17 02:49:06+00	8	합격	\N	0	11.999	12.000
2376	2695	2025-10-18 03:40:32+00	8	합격	표면조도불량	4	25.007	25.000
2377	2697	2025-10-19 06:41:58+00	8	합격	스크래치	21	8.002	8.000
2378	2698	2025-10-19 09:01:41+00	8	합격	표면조도불량	14	15.999	16.000
2379	2699	2025-10-18 09:11:07+00	8	합격	버(burr)	22	3.002	3.000
2380	2700	2025-10-19 04:33:34+00	8	합격	스크래치	13	30.002	30.000
2381	2701	2025-10-18 01:57:54+00	8	합격	\N	0	9.998	10.000
2382	2702	2025-10-19 07:18:27+00	8	합격	표면조도불량	7	9.998	10.000
2383	2703	2025-10-19 07:08:59+00	8	합격	\N	0	12.003	12.000
2384	2704	2025-10-19 04:33:55+00	8	합격	\N	0	12.002	12.000
2385	2705	2025-10-19 01:04:45+00	8	합격	버(burr)	5	40.002	40.000
2386	2706	2025-10-21 06:32:38+00	8	합격	\N	0	7.998	8.000
2387	2707	2025-10-20 01:42:01+00	8	합격	\N	0	7.998	8.000
2388	2708	2025-10-21 05:24:27+00	8	합격	표면조도불량	25	11.995	12.000
2389	2710	2025-10-21 08:29:51+00	8	합격	버(burr)	29	3.004	3.000
2390	2711	2025-10-20 09:30:29+00	8	합격	표면조도불량	33	4.996	5.000
2391	2713	2025-10-21 04:08:10+00	8	합격	스크래치	12	29.996	30.000
2392	2714	2025-10-21 00:59:07+00	8	합격	\N	0	10.000	10.000
2393	2715	2025-10-20 05:26:29+00	8	합격	스크래치	8	10.002	10.000
2394	2716	2025-10-20 09:31:01+00	8	합격	스크래치	9	11.998	12.000
2395	2718	2025-10-21 04:53:09+00	8	합격	\N	0	39.994	40.000
2396	2719	2025-10-22 03:41:04+00	8	합격	버(burr)	18	8.003	8.000
2397	2720	2025-10-22 00:34:06+00	8	합격	스크래치	15	7.996	8.000
2398	2721	2025-10-22 04:13:37+00	8	합격	\N	0	12.001	12.000
2399	2722	2025-10-21 08:34:39+00	8	합격	표면조도불량	11	15.999	16.000
2400	2723	2025-10-21 05:47:34+00	8	합격	스크래치	26	3.003	3.000
2401	2724	2025-10-22 03:08:09+00	8	합격	스크래치	26	4.999	5.000
2402	2725	2025-10-22 02:16:31+00	8	합격	버(burr)	5	20.002	20.000
2403	2727	2025-10-22 01:46:28+00	8	합격	표면조도불량	13	10.002	10.000
2404	2728	2025-10-21 05:28:50+00	8	합격	버(burr)	4	10.002	10.000
2405	2729	2025-10-21 01:01:12+00	8	합격	표면조도불량	4	11.996	12.000
2406	2730	2025-10-22 02:22:39+00	8	합격	버(burr)	10	12.001	12.000
2407	2731	2025-10-21 07:04:14+00	8	합격	\N	0	24.999	25.000
2408	2733	2025-10-22 06:59:41+00	8	합격	스크래치	21	7.999	8.000
2409	2734	2025-10-23 07:13:11+00	8	합격	\N	0	11.997	12.000
2410	2735	2025-10-22 00:42:03+00	8	합격	\N	0	15.995	16.000
2411	2736	2025-10-22 02:16:42+00	8	합격	스크래치	29	4.997	5.000
2412	2737	2025-10-22 01:41:56+00	8	합격	\N	0	10.001	10.000
2413	2738	2025-10-23 05:06:13+00	8	합격	\N	0	9.998	10.000
2414	2739	2025-10-23 02:30:25+00	8	합격	버(burr)	7	12.002	12.000
2415	2740	2025-10-23 05:08:44+00	8	합격	표면조도불량	5	12.002	12.000
2416	2741	2025-10-23 08:58:56+00	8	합격	\N	0	25.002	25.000
2417	2742	2025-10-24 01:33:59+00	8	합격	스크래치	12	7.996	8.000
2418	2743	2025-10-24 05:00:35+00	8	합격	\N	0	12.006	12.000
2419	2744	2025-10-23 09:32:52+00	8	합격	\N	0	16.003	16.000
2420	2745	2025-10-24 02:01:27+00	8	합격	스크래치	39	2.998	3.000
2421	2746	2025-10-23 00:25:25+00	8	합격	\N	0	5.002	5.000
2422	2747	2025-10-24 08:15:36+00	8	합격	\N	0	20.000	20.000
2423	2748	2025-10-23 04:02:30+00	8	합격	\N	0	30.004	30.000
2424	2749	2025-10-24 07:50:20+00	8	합격	표면조도불량	6	10.002	10.000
2425	2750	2025-10-23 07:43:06+00	8	합격	표면조도불량	8	12.003	12.000
2426	2751	2025-10-23 01:55:33+00	8	합격	\N	0	25.001	25.000
2427	2752	2025-10-24 03:54:17+00	8	합격	\N	0	40.000	40.000
2428	2753	2025-10-24 08:29:34+00	8	합격	버(burr)	12	7.998	8.000
2429	2754	2025-10-24 05:16:38+00	8	합격	스크래치	9	8.001	8.000
2430	2755	2025-10-24 07:37:40+00	8	합격	\N	0	11.996	12.000
2431	2756	2025-10-25 08:23:01+00	8	합격	\N	0	16.004	16.000
2432	2758	2025-10-24 04:53:46+00	8	합격	\N	0	5.000	5.000
2433	2759	2025-10-24 00:58:40+00	8	합격	\N	0	19.998	20.000
2434	2760	2025-10-25 04:18:44+00	8	합격	표면조도불량	5	29.998	30.000
2435	2761	2025-10-24 04:26:36+00	8	합격	버(burr)	7	9.998	10.000
2436	2762	2025-10-25 07:26:40+00	8	합격	표면조도불량	14	9.999	10.000
2437	2763	2025-10-25 05:46:38+00	8	합격	표면조도불량	11	12.004	12.000
2438	2764	2025-10-25 09:18:09+00	8	합격	\N	0	12.004	12.000
2439	2765	2025-10-25 01:43:18+00	8	합격	\N	0	25.007	25.000
2440	2766	2025-10-25 03:13:05+00	8	합격	\N	0	39.998	40.000
2441	2767	2025-10-26 05:47:21+00	8	합격	버(burr)	23	8.003	8.000
2442	2768	2025-10-25 08:08:26+00	8	합격	\N	0	8.003	8.000
2443	2769	2025-10-26 05:10:16+00	8	합격	\N	0	11.998	12.000
2444	2770	2025-10-26 04:32:59+00	8	합격	\N	0	15.998	16.000
2445	2771	2025-10-25 02:34:28+00	8	합격	\N	0	3.001	3.000
2446	2772	2025-10-25 01:57:54+00	8	합격	버(burr)	28	5.000	5.000
2447	2773	2025-10-26 04:09:08+00	8	합격	버(burr)	5	19.999	20.000
2448	2775	2025-10-25 07:30:59+00	8	합격	버(burr)	14	9.999	10.000
2449	2776	2025-10-25 04:19:44+00	8	합격	스크래치	11	12.001	12.000
2450	2777	2025-10-25 05:11:37+00	8	합격	버(burr)	7	11.998	12.000
2451	2778	2025-10-26 07:35:11+00	8	합격	표면조도불량	2	40.005	40.000
2452	2779	2025-10-28 08:28:39+00	8	합격	\N	0	7.999	8.000
2453	2780	2025-10-28 00:12:52+00	8	합격	\N	0	8.001	8.000
2454	2781	2025-10-27 07:00:53+00	8	합격	\N	0	12.000	12.000
2455	2782	2025-10-27 01:23:40+00	8	합격	\N	0	3.002	3.000
2456	2783	2025-10-28 00:31:32+00	8	합격	스크래치	18	4.998	5.000
2457	2784	2025-10-27 06:50:14+00	8	합격	\N	0	19.999	20.000
2458	2785	2025-10-28 08:13:19+00	8	합격	\N	0	10.000	10.000
2459	2786	2025-10-28 02:45:41+00	8	합격	\N	0	11.999	12.000
2460	2787	2025-10-27 04:02:09+00	8	합격	\N	0	11.999	12.000
2461	2788	2025-10-28 07:07:15+00	8	합격	\N	0	24.999	25.000
2462	2789	2025-10-27 09:02:19+00	8	합격	버(burr)	4	39.998	40.000
2463	2790	2025-10-28 04:41:27+00	8	합격	버(burr)	17	8.003	8.000
2464	2791	2025-10-29 03:42:52+00	8	합격	\N	0	8.003	8.000
2465	2792	2025-10-28 04:44:29+00	8	합격	\N	0	11.996	12.000
2466	2793	2025-10-28 05:51:47+00	8	합격	표면조도불량	12	15.997	16.000
2467	2794	2025-10-29 08:26:06+00	8	합격	\N	0	2.997	3.000
2468	2796	2025-10-28 09:20:21+00	8	합격	\N	0	30.003	30.000
2469	2797	2025-10-28 06:36:35+00	8	합격	\N	0	10.000	10.000
2470	2798	2025-10-28 05:55:44+00	8	합격	버(burr)	10	10.001	10.000
2471	2799	2025-10-29 08:38:55+00	8	합격	\N	0	11.997	12.000
2472	2801	2025-10-28 05:34:46+00	8	합격	스크래치	5	40.006	40.000
2473	2802	2025-10-30 05:37:53+00	8	합격	스크래치	19	7.997	8.000
2474	2803	2025-10-29 06:47:33+00	8	합격	스크래치	21	12.000	12.000
2475	2804	2025-10-30 09:28:11+00	8	합격	\N	0	15.996	16.000
2476	2809	2025-10-30 06:58:35+00	8	합격	\N	0	9.999	10.000
2477	2810	2025-10-30 00:06:46+00	8	합격	\N	0	9.998	10.000
2478	2811	2025-10-30 07:25:07+00	8	합격	표면조도불량	8	11.996	12.000
2479	2812	2025-10-29 04:53:08+00	8	합격	\N	0	11.999	12.000
2480	2814	2025-10-29 06:26:51+00	8	합격	버(burr)	4	39.998	40.000
2481	2815	2025-10-30 04:10:17+00	8	합격	\N	0	8.001	8.000
2482	2816	2025-10-31 08:12:38+00	8	합격	스크래치	15	15.996	16.000
2483	2817	2025-10-30 00:59:29+00	8	합격	\N	0	2.997	3.000
2484	2818	2025-10-30 03:41:35+00	8	합격	\N	0	4.998	5.000
2485	2819	2025-10-31 00:53:38+00	8	합격	버(burr)	14	19.997	20.000
2486	2821	2025-10-31 09:19:24+00	8	합격	스크래치	10	9.998	10.000
2487	2822	2025-10-31 04:26:11+00	8	합격	스크래치	6	12.004	12.000
2488	2823	2025-10-30 08:21:39+00	8	합격	스크래치	7	25.004	25.000
2489	2825	2025-11-01 02:42:36+00	8	합격	버(burr)	8	7.997	8.000
2490	2826	2025-11-01 05:51:43+00	8	합격	\N	0	7.997	8.000
2491	2827	2025-11-01 07:25:25+00	8	합격	스크래치	15	12.003	12.000
2492	2828	2025-10-31 04:56:12+00	8	합격	\N	0	4.999	5.000
2493	2829	2025-10-31 02:08:06+00	8	합격	버(burr)	11	19.998	20.000
2494	2830	2025-11-01 00:03:14+00	8	합격	표면조도불량	8	30.004	30.000
2495	2831	2025-11-01 08:49:47+00	8	합격	표면조도불량	13	10.002	10.000
2496	2832	2025-10-31 00:44:32+00	8	합격	\N	0	10.000	10.000
2497	2834	2025-11-01 07:48:11+00	8	합격	\N	0	24.999	25.000
2498	2835	2025-11-01 00:11:54+00	8	합격	표면조도불량	4	39.999	40.000
2499	2836	2025-11-01 05:31:49+00	8	합격	버(burr)	14	8.002	8.000
2500	2837	2025-11-02 07:50:06+00	8	합격	\N	0	8.001	8.000
2501	2838	2025-11-01 09:44:51+00	8	합격	표면조도불량	29	16.001	16.000
2502	2839	2025-11-01 01:04:25+00	8	합격	스크래치	44	2.996	3.000
2503	2840	2025-11-01 02:10:02+00	8	합격	\N	0	4.996	5.000
2504	2842	2025-11-02 08:56:34+00	8	합격	\N	0	30.001	30.000
2505	2843	2025-11-01 08:05:38+00	8	합격	표면조도불량	7	10.002	10.000
2506	2844	2025-11-02 03:52:05+00	8	합격	\N	0	10.000	10.000
2507	2845	2025-11-01 00:54:02+00	8	합격	\N	0	11.999	12.000
2508	2846	2025-11-02 05:21:57+00	8	합격	\N	0	25.006	25.000
2509	2847	2025-11-04 06:41:55+00	8	합격	\N	0	8.002	8.000
2510	2848	2025-11-03 00:02:59+00	8	합격	\N	0	8.002	8.000
2511	2849	2025-11-04 05:33:59+00	8	합격	\N	0	12.003	12.000
2512	2850	2025-11-04 04:21:43+00	8	합격	버(burr)	32	16.007	16.000
2513	2851	2025-11-03 03:41:51+00	8	합격	\N	0	4.996	5.000
2514	2853	2025-11-03 07:14:07+00	8	합격	\N	0	10.001	10.000
2515	2854	2025-11-04 03:10:38+00	8	합격	스크래치	9	11.998	12.000
2516	2855	2025-11-04 06:28:19+00	8	합격	\N	0	11.997	12.000
2517	2856	2025-11-03 06:00:33+00	8	합격	표면조도불량	2	39.997	40.000
2518	2857	2025-11-05 01:16:23+00	8	합격	\N	0	8.003	8.000
2519	2858	2025-11-05 06:10:12+00	8	합격	표면조도불량	7	8.001	8.000
2520	2859	2025-11-05 02:38:11+00	8	합격	스크래치	12	12.000	12.000
2521	2860	2025-11-05 07:38:03+00	8	합격	표면조도불량	31	15.994	16.000
2522	2861	2025-11-04 00:37:04+00	8	합격	스크래치	42	3.002	3.000
2523	2862	2025-11-04 03:33:30+00	8	합격	스크래치	28	5.001	5.000
2524	2863	2025-11-05 07:24:30+00	8	합격	버(burr)	12	20.001	20.000
2525	2864	2025-11-04 02:33:24+00	8	합격	\N	0	29.998	30.000
2526	2865	2025-11-04 05:20:28+00	8	합격	표면조도불량	15	9.999	10.000
2527	2866	2025-11-05 07:51:26+00	8	합격	\N	0	9.998	10.000
2528	2867	2025-11-05 05:29:50+00	8	합격	\N	0	12.003	12.000
2529	2868	2025-11-04 03:11:14+00	8	합격	\N	0	12.004	12.000
2530	2869	2025-11-05 06:01:11+00	8	합격	표면조도불량	4	25.007	25.000
2531	2870	2025-11-04 00:48:47+00	8	합격	버(burr)	6	40.007	40.000
2532	2871	2025-11-06 04:13:10+00	8	합격	\N	0	7.999	8.000
2533	2872	2025-11-06 01:59:52+00	8	합격	표면조도불량	17	7.999	8.000
2534	2873	2025-11-06 05:05:09+00	8	합격	\N	0	11.999	12.000
2535	2874	2025-11-05 02:51:24+00	8	합격	버(burr)	29	16.004	16.000
2536	2875	2025-11-05 02:15:43+00	8	합격	\N	0	3.002	3.000
2537	2876	2025-11-06 05:39:18+00	8	합격	\N	0	5.002	5.000
2538	2877	2025-11-05 02:54:35+00	8	합격	버(burr)	12	19.999	20.000
2539	2878	2025-11-06 01:02:40+00	8	합격	\N	0	30.001	30.000
2540	2879	2025-11-06 08:46:17+00	8	합격	\N	0	9.999	10.000
2541	2880	2025-11-05 01:48:06+00	8	합격	\N	0	11.998	12.000
2542	2882	2025-11-06 00:33:55+00	8	합격	표면조도불량	7	24.999	25.000
2543	2883	2025-11-07 05:19:43+00	8	합격	\N	0	8.003	8.000
2544	2884	2025-11-07 07:07:59+00	8	합격	버(burr)	34	11.995	12.000
2545	2885	2025-11-07 03:42:23+00	8	합격	\N	0	16.003	16.000
2546	2886	2025-11-07 05:52:20+00	8	합격	표면조도불량	41	2.996	3.000
2547	2887	2025-11-06 02:52:30+00	8	합격	표면조도불량	18	5.002	5.000
2548	2889	2025-11-06 01:00:23+00	8	합격	\N	0	10.000	10.000
2549	2890	2025-11-07 09:21:21+00	8	합격	표면조도불량	8	10.000	10.000
2550	2891	2025-11-07 02:13:36+00	8	합격	\N	0	11.996	12.000
2551	2892	2025-11-07 02:06:14+00	8	합격	표면조도불량	11	11.999	12.000
2552	2893	2025-11-06 07:15:34+00	8	합격	표면조도불량	3	24.994	25.000
2553	2894	2025-11-07 09:55:54+00	8	합격	\N	0	7.996	8.000
2554	2896	2025-11-07 01:35:56+00	8	합격	\N	0	12.006	12.000
2555	2898	2025-11-08 04:04:30+00	8	합격	\N	0	5.001	5.000
2556	2899	2025-11-07 02:45:01+00	8	합격	\N	0	20.004	20.000
2557	2900	2025-11-08 05:06:49+00	8	합격	표면조도불량	8	10.000	10.000
2558	2901	2025-11-07 08:11:01+00	8	합격	표면조도불량	7	11.996	12.000
2559	2902	2025-11-07 03:21:16+00	8	합격	표면조도불량	5	11.997	12.000
2560	2903	2025-11-07 03:02:31+00	8	합격	\N	0	40.000	40.000
2561	2904	2025-11-08 03:27:14+00	8	합격	\N	0	7.997	8.000
2562	2905	2025-11-08 08:41:44+00	8	합격	\N	0	7.998	8.000
2563	2906	2025-11-09 09:54:50+00	8	합격	스크래치	10	11.998	12.000
2564	2907	2025-11-09 07:52:55+00	8	합격	스크래치	20	16.007	16.000
2565	2911	2025-11-09 02:07:56+00	8	합격	표면조도불량	11	29.998	30.000
2566	2912	2025-11-09 06:17:10+00	8	합격	\N	0	9.999	10.000
2567	2913	2025-11-08 03:29:18+00	8	합격	스크래치	8	12.002	12.000
2568	2914	2025-11-08 07:50:50+00	8	합격	스크래치	11	11.999	12.000
2569	2915	2025-11-09 08:35:23+00	8	합격	\N	0	25.001	25.000
2570	2916	2025-11-11 05:26:39+00	8	합격	표면조도불량	22	7.997	8.000
2571	2917	2025-11-11 00:52:31+00	8	합격	버(burr)	9	7.997	8.000
2572	2918	2025-11-11 01:06:24+00	8	합격	\N	0	12.005	12.000
2573	2920	2025-11-10 09:45:58+00	8	합격	스크래치	44	2.997	3.000
2574	2921	2025-11-11 06:15:51+00	8	합격	\N	0	5.003	5.000
2575	2922	2025-11-10 01:19:04+00	8	합격	표면조도불량	5	19.999	20.000
2576	2923	2025-11-10 00:51:26+00	8	합격	스크래치	7	30.004	30.000
2577	2924	2025-11-10 08:21:27+00	8	합격	버(burr)	11	10.002	10.000
2578	2925	2025-11-11 03:51:55+00	8	합격	\N	0	10.001	10.000
2579	2926	2025-11-10 02:05:12+00	8	합격	스크래치	14	12.002	12.000
2580	2927	2025-11-10 06:28:45+00	8	합격	스크래치	9	12.002	12.000
2581	2928	2025-11-11 05:32:46+00	8	합격	\N	0	25.001	25.000
2582	2929	2025-11-11 08:07:59+00	8	합격	\N	0	39.994	40.000
2583	2931	2025-11-12 09:05:43+00	8	합격	표면조도불량	20	11.996	12.000
2584	2933	2025-11-11 03:17:31+00	8	합격	버(burr)	23	3.001	3.000
2585	2934	2025-11-11 03:58:20+00	8	합격	\N	0	5.004	5.000
2586	2935	2025-11-12 03:54:06+00	8	합격	스크래치	10	19.999	20.000
2587	2936	2025-11-12 08:51:27+00	8	합격	버(burr)	11	30.004	30.000
2588	2937	2025-11-11 01:02:16+00	8	합격	버(burr)	5	9.998	10.000
2589	2938	2025-11-12 03:38:07+00	8	합격	표면조도불량	10	12.000	12.000
2590	2939	2025-11-11 07:14:58+00	8	합격	\N	0	40.006	40.000
2591	2940	2025-11-12 04:15:57+00	8	합격	\N	0	8.000	8.000
2592	2941	2025-11-13 01:17:50+00	8	합격	\N	0	8.003	8.000
2593	2942	2025-11-12 04:02:38+00	8	합격	버(burr)	32	12.001	12.000
2594	2943	2025-11-13 00:08:07+00	8	합격	표면조도불량	30	16.002	16.000
2595	2944	2025-11-12 07:53:15+00	8	합격	\N	0	2.996	3.000
2596	2945	2025-11-13 02:54:21+00	8	합격	\N	0	19.998	20.000
2597	2946	2025-11-13 05:55:26+00	8	합격	\N	0	10.001	10.000
2598	2947	2025-11-13 00:29:07+00	8	합격	\N	0	9.999	10.000
2599	2948	2025-11-13 07:20:19+00	8	합격	\N	0	11.996	12.000
2600	2949	2025-11-13 05:41:29+00	8	합격	\N	0	24.994	25.000
2601	2950	2025-11-13 02:41:23+00	8	합격	표면조도불량	5	39.998	40.000
2602	2951	2025-11-13 06:55:29+00	8	합격	\N	0	8.004	8.000
2603	2952	2025-11-14 01:06:42+00	8	합격	\N	0	7.996	8.000
2604	2953	2025-11-13 06:22:29+00	8	합격	스크래치	31	12.005	12.000
2605	2954	2025-11-13 03:11:23+00	8	합격	\N	0	16.002	16.000
2606	2955	2025-11-13 04:03:04+00	8	합격	버(burr)	32	3.003	3.000
2607	2956	2025-11-13 04:22:51+00	8	합격	표면조도불량	7	19.998	20.000
2608	2957	2025-11-14 06:10:37+00	8	합격	버(burr)	12	30.004	30.000
2609	2958	2025-11-14 09:57:16+00	8	합격	\N	0	10.000	10.000
2610	2959	2025-11-14 02:58:44+00	8	합격	버(burr)	10	10.000	10.000
2611	2960	2025-11-13 06:01:18+00	8	합격	표면조도불량	6	12.001	12.000
2612	2961	2025-11-13 03:31:16+00	8	합격	표면조도불량	6	11.997	12.000
2613	2962	2025-11-14 09:05:47+00	8	합격	표면조도불량	5	24.993	25.000
2614	2963	2025-11-13 01:57:39+00	8	합격	표면조도불량	3	39.996	40.000
2615	2964	2025-11-14 03:27:08+00	8	합격	버(burr)	13	8.002	8.000
2616	2965	2025-11-14 00:52:32+00	8	합격	표면조도불량	17	7.996	8.000
2617	2967	2025-11-15 01:35:53+00	8	합격	버(burr)	52	4.996	5.000
2618	2968	2025-11-15 04:38:33+00	8	합격	\N	0	30.000	30.000
2619	2969	2025-11-14 08:32:55+00	8	합격	표면조도불량	7	9.998	10.000
2620	2970	2025-11-15 03:36:02+00	8	합격	\N	0	10.002	10.000
2621	2971	2025-11-14 09:56:25+00	8	합격	\N	0	12.002	12.000
2622	2972	2025-11-15 09:13:21+00	8	합격	\N	0	12.003	12.000
2623	2973	2025-11-15 07:24:53+00	8	합격	스크래치	3	25.003	25.000
2624	2974	2025-11-15 05:58:54+00	8	합격	\N	0	40.005	40.000
2625	2976	2025-11-16 03:33:54+00	8	합격	스크래치	14	12.001	12.000
2626	2977	2025-11-16 02:34:35+00	8	합격	스크래치	28	2.999	3.000
2627	2980	2025-11-16 01:07:41+00	8	합격	스크래치	12	10.001	10.000
2628	2982	2025-11-15 03:02:49+00	8	합격	스크래치	6	40.002	40.000
2629	2984	2025-11-17 05:27:42+00	8	합격	\N	0	7.996	8.000
2630	2985	2025-11-18 02:23:28+00	8	합격	\N	0	16.004	16.000
2631	2986	2025-11-18 01:17:59+00	8	합격	스크래치	20	4.997	5.000
2632	2987	2025-11-18 02:13:21+00	8	합격	\N	0	20.003	20.000
2633	2988	2025-11-17 09:39:37+00	8	합격	스크래치	5	10.001	10.000
2634	2989	2025-11-18 05:11:13+00	8	합격	스크래치	6	10.001	10.000
2635	2991	2025-11-18 02:48:48+00	8	합격	스크래치	4	12.003	12.000
2636	2992	2025-11-17 01:24:11+00	8	합격	버(burr)	5	25.004	25.000
2637	2993	2025-11-18 01:00:36+00	8	합격	표면조도불량	4	39.997	40.000
2638	2994	2025-11-18 04:26:11+00	8	합격	표면조도불량	12	7.999	8.000
2639	2995	2025-11-19 04:46:04+00	8	합격	버(burr)	20	7.999	8.000
2640	2997	2025-11-18 01:31:57+00	8	합격	스크래치	15	19.999	20.000
2641	2998	2025-11-18 00:52:43+00	8	합격	스크래치	4	11.999	12.000
2642	2999	2025-11-18 01:40:07+00	8	합격	\N	0	12.002	12.000
2643	3000	2025-11-19 08:13:27+00	8	합격	버(burr)	4	25.006	25.000
2644	3001	2025-11-19 09:18:50+00	8	합격	\N	0	40.002	40.000
2645	3002	2025-11-20 08:37:54+00	8	합격	버(burr)	8	7.997	8.000
2646	3005	2025-11-19 04:31:01+00	8	합격	\N	0	9.998	10.000
2647	3006	2025-11-19 08:45:42+00	8	합격	스크래치	9	10.001	10.000
2648	3007	2025-11-20 05:20:22+00	8	합격	\N	0	11.997	12.000
2649	3008	2025-11-19 09:13:39+00	8	합격	표면조도불량	6	11.997	12.000
2650	3010	2025-11-20 07:20:47+00	8	합격	\N	0	39.998	40.000
2651	3011	2025-11-20 07:24:00+00	8	합격	\N	0	7.996	8.000
2652	3012	2025-11-21 01:33:19+00	8	합격	\N	0	7.997	8.000
2653	3013	2025-11-21 08:02:03+00	8	합격	\N	0	12.005	12.000
2654	3015	2025-11-21 07:55:27+00	8	합격	표면조도불량	13	20.004	20.000
2655	3017	2025-11-20 03:57:28+00	8	합격	표면조도불량	7	9.998	10.000
2656	3018	2025-11-21 04:45:31+00	8	합격	표면조도불량	7	12.000	12.000
2657	3019	2025-11-21 05:18:20+00	8	합격	\N	0	25.001	25.000
2658	3020	2025-11-20 08:17:56+00	8	합격	\N	0	40.004	40.000
2659	3021	2025-11-21 06:57:06+00	8	합격	\N	0	8.002	8.000
2660	3022	2025-11-22 03:23:11+00	8	합격	\N	0	7.997	8.000
2661	3023	2025-11-22 07:40:28+00	8	합격	스크래치	32	12.003	12.000
2662	3024	2025-11-21 00:40:38+00	8	합격	\N	0	15.998	16.000
2663	3025	2025-11-21 08:00:48+00	8	합격	버(burr)	32	3.003	3.000
2664	3026	2025-11-21 03:35:15+00	8	합격	\N	0	5.002	5.000
2665	3027	2025-11-21 06:43:00+00	8	합격	버(burr)	9	19.997	20.000
2666	3028	2025-11-22 09:46:28+00	8	합격	\N	0	9.998	10.000
2667	3029	2025-11-21 01:06:50+00	8	합격	버(burr)	9	10.000	10.000
2668	3030	2025-11-21 09:59:33+00	8	합격	\N	0	11.998	12.000
2669	3031	2025-11-22 04:58:52+00	8	합격	스크래치	6	25.006	25.000
2670	3033	2025-11-22 04:17:17+00	8	합격	\N	0	11.998	12.000
2671	3034	2025-11-22 01:17:08+00	8	합격	표면조도불량	27	16.005	16.000
2672	3035	2025-11-22 04:34:47+00	8	합격	스크래치	42	3.000	3.000
2673	3036	2025-11-23 04:23:58+00	8	합격	\N	0	20.000	20.000
2674	3037	2025-11-22 04:08:31+00	8	합격	\N	0	30.000	30.000
2675	3038	2025-11-22 06:06:16+00	8	합격	버(burr)	14	10.001	10.000
2676	3039	2025-11-23 04:56:57+00	8	합격	스크래치	6	9.999	10.000
2677	3040	2025-11-23 00:49:12+00	8	합격	\N	0	12.004	12.000
2678	3041	2025-11-22 00:40:50+00	8	합격	\N	0	11.997	12.000
2679	3042	2025-11-22 01:48:56+00	8	합격	\N	0	24.993	25.000
2680	3043	2025-11-23 03:45:30+00	8	합격	\N	0	39.995	40.000
2681	3044	2025-11-24 04:14:18+00	8	합격	\N	0	8.002	8.000
2682	3045	2025-11-24 02:11:18+00	8	합격	\N	0	8.003	8.000
2683	3047	2025-11-24 06:54:27+00	8	합격	\N	0	16.004	16.000
2684	3048	2025-11-24 02:00:00+00	8	합격	\N	0	3.004	3.000
2685	3049	2025-11-25 05:06:34+00	8	합격	\N	0	4.999	5.000
2686	3050	2025-11-25 00:45:59+00	8	합격	\N	0	20.001	20.000
2687	3051	2025-11-24 01:45:54+00	8	합격	표면조도불량	13	29.996	30.000
2688	3052	2025-11-24 04:40:01+00	8	합격	\N	0	9.999	10.000
2689	3053	2025-11-24 01:44:55+00	8	합격	\N	0	9.999	10.000
2690	3054	2025-11-24 04:35:07+00	8	합격	\N	0	12.004	12.000
2691	3055	2025-11-24 03:09:40+00	8	합격	\N	0	12.001	12.000
2692	3056	2025-11-25 03:21:51+00	8	합격	\N	0	25.005	25.000
2693	3057	2025-11-25 03:26:15+00	8	합격	스크래치	6	40.004	40.000
2694	3058	2025-11-26 06:05:06+00	8	합격	버(burr)	21	8.003	8.000
2695	3059	2025-11-25 05:39:26+00	8	합격	\N	0	11.998	12.000
2696	3060	2025-11-25 03:59:30+00	8	합격	표면조도불량	31	16.006	16.000
2697	3061	2025-11-25 05:58:11+00	8	합격	버(burr)	21	2.999	3.000
2698	3062	2025-11-25 08:37:02+00	8	합격	표면조도불량	48	5.001	5.000
2699	3063	2025-11-26 07:57:54+00	8	합격	표면조도불량	6	20.001	20.000
2700	3064	2025-11-25 07:31:14+00	8	합격	스크래치	6	30.002	30.000
2701	3066	2025-11-25 00:24:54+00	8	합격	\N	0	11.998	12.000
2702	3069	2025-11-26 00:20:48+00	8	합격	표면조도불량	12	7.999	8.000
2703	3070	2025-11-26 09:01:13+00	8	합격	\N	0	8.000	8.000
2704	3071	2025-11-27 07:10:06+00	8	합격	\N	0	12.006	12.000
2705	3072	2025-11-26 04:58:22+00	8	합격	\N	0	15.996	16.000
2706	3073	2025-11-26 05:35:18+00	8	합격	버(burr)	20	3.001	3.000
2707	3074	2025-11-27 03:35:34+00	8	합격	버(burr)	15	4.996	5.000
2708	3075	2025-11-27 07:25:15+00	8	합격	스크래치	9	20.000	20.000
2709	3077	2025-11-27 04:38:57+00	8	합격	버(burr)	8	9.999	10.000
2710	3078	2025-11-27 06:09:56+00	8	합격	\N	0	10.000	10.000
2711	3079	2025-11-26 01:13:48+00	8	합격	\N	0	25.005	25.000
2712	3080	2025-11-27 01:14:44+00	8	합격	스크래치	3	39.997	40.000
2713	3081	2025-11-28 03:56:04+00	8	합격	표면조도불량	25	16.003	16.000
2714	3082	2025-11-27 08:50:53+00	8	합격	\N	0	2.998	3.000
2715	3083	2025-11-28 02:46:55+00	8	합격	스크래치	44	5.000	5.000
2716	3084	2025-11-27 04:15:14+00	8	합격	스크래치	13	19.996	20.000
2717	3085	2025-11-28 04:13:12+00	8	합격	\N	0	29.998	30.000
2718	3086	2025-11-27 09:47:06+00	8	합격	\N	0	9.999	10.000
2719	3087	2025-11-28 05:57:47+00	8	합격	표면조도불량	4	12.003	12.000
2720	3088	2025-11-28 05:23:09+00	8	합격	스크래치	5	11.997	12.000
2721	3089	2025-11-28 00:04:27+00	8	합격	표면조도불량	5	25.002	25.000
2722	3090	2025-11-28 08:49:26+00	8	합격	\N	0	7.999	8.000
2723	3091	2025-11-29 06:21:33+00	8	합격	버(burr)	20	8.001	8.000
2724	3092	2025-11-29 00:38:27+00	8	합격	\N	0	12.004	12.000
2725	3094	2025-11-29 01:16:24+00	8	합격	스크래치	46	2.998	3.000
2726	3095	2025-11-29 00:17:30+00	8	합격	표면조도불량	26	4.996	5.000
2727	3096	2025-11-28 01:18:50+00	8	합격	\N	0	19.998	20.000
2728	3099	2025-11-28 00:10:08+00	8	합격	버(burr)	5	10.001	10.000
2729	3100	2025-11-29 00:29:20+00	8	합격	스크래치	12	12.003	12.000
2730	3101	2025-11-29 02:45:45+00	8	합격	\N	0	11.999	12.000
2731	3103	2025-11-29 08:31:53+00	8	합격	표면조도불량	4	39.998	40.000
2732	3104	2025-11-29 02:47:39+00	8	합격	\N	0	8.000	8.000
2733	3105	2025-11-30 02:21:27+00	8	합격	\N	0	8.004	8.000
2734	3107	2025-11-30 05:10:10+00	8	합격	\N	0	15.996	16.000
2735	3108	2025-11-30 06:10:41+00	8	합격	\N	0	2.997	3.000
2736	3110	2025-11-29 07:03:59+00	8	합격	버(burr)	12	10.002	10.000
2737	3111	2025-11-30 05:39:22+00	8	합격	\N	0	10.000	10.000
2738	3112	2025-11-29 01:28:53+00	8	합격	표면조도불량	4	12.002	12.000
2739	3113	2025-11-30 01:11:17+00	8	합격	\N	0	11.997	12.000
2740	3114	2025-11-30 03:20:13+00	8	합격	\N	0	24.997	25.000
2741	3115	2025-11-30 06:23:02+00	8	합격	버(burr)	5	39.999	40.000
2742	3116	2025-12-02 04:10:23+00	8	합격	\N	0	8.003	8.000
2743	3117	2025-12-01 06:08:52+00	8	합격	스크래치	16	8.003	8.000
2744	3118	2025-12-02 05:57:41+00	8	합격	표면조도불량	14	16.000	16.000
2745	3119	2025-12-01 04:48:11+00	8	합격	\N	0	3.001	3.000
2746	3121	2025-12-01 02:40:54+00	8	합격	표면조도불량	5	20.002	20.000
2747	3122	2025-12-02 06:36:43+00	8	합격	\N	0	29.999	30.000
2748	3123	2025-12-01 00:45:03+00	8	합격	스크래치	8	9.998	10.000
2749	3124	2025-12-01 06:47:59+00	8	합격	표면조도불량	11	9.999	10.000
2750	3125	2025-12-01 03:30:47+00	8	합격	스크래치	4	12.001	12.000
2751	3126	2025-12-02 02:59:51+00	8	합격	\N	0	12.004	12.000
2752	3127	2025-12-01 05:53:50+00	8	합격	스크래치	3	25.005	25.000
2753	3128	2025-12-03 01:23:43+00	8	합격	표면조도불량	5	8.002	8.000
2754	3129	2025-12-03 04:02:21+00	8	합격	\N	0	8.002	8.000
2755	3130	2025-12-02 04:32:58+00	8	합격	스크래치	19	15.997	16.000
2756	3131	2025-12-02 03:36:43+00	8	합격	\N	0	3.003	3.000
2757	3132	2025-12-02 05:07:23+00	8	합격	스크래치	35	5.002	5.000
2758	3133	2025-12-03 04:32:19+00	8	합격	\N	0	20.003	20.000
2759	3134	2025-12-03 09:05:58+00	8	합격	\N	0	30.003	30.000
2760	3135	2025-12-03 01:29:44+00	8	합격	표면조도불량	11	9.999	10.000
2761	3136	2025-12-03 04:02:38+00	8	합격	\N	0	9.998	10.000
2762	3137	2025-12-02 03:24:59+00	8	합격	\N	0	11.999	12.000
2763	3138	2025-12-03 01:45:46+00	8	합격	\N	0	12.003	12.000
2764	3140	2025-12-02 08:47:55+00	8	합격	표면조도불량	3	40.004	40.000
2765	3142	2025-12-04 00:33:44+00	8	합격	\N	0	7.996	8.000
2766	3143	2025-12-04 09:01:46+00	8	합격	\N	0	16.003	16.000
2767	3144	2025-12-03 03:06:55+00	8	합격	\N	0	3.000	3.000
2768	3145	2025-12-04 02:18:51+00	8	합격	표면조도불량	30	5.001	5.000
2769	3146	2025-12-04 04:13:18+00	8	합격	\N	0	19.996	20.000
2770	3147	2025-12-03 09:49:42+00	8	합격	\N	0	29.998	30.000
2771	3148	2025-12-03 01:46:14+00	8	합격	\N	0	9.998	10.000
2772	3150	2025-12-03 09:05:24+00	8	합격	\N	0	11.997	12.000
2773	3151	2025-12-04 03:47:23+00	8	합격	스크래치	3	25.002	25.000
2774	3152	2025-12-04 09:04:26+00	8	합격	\N	0	40.000	40.000
2775	3153	2025-12-04 01:22:15+00	8	합격	표면조도불량	9	8.002	8.000
2776	3154	2025-12-04 08:29:19+00	8	합격	\N	0	7.999	8.000
2777	3155	2025-12-04 06:31:23+00	8	합격	\N	0	11.994	12.000
2778	3156	2025-12-05 07:55:07+00	8	합격	\N	0	2.996	3.000
2779	3157	2025-12-04 08:54:48+00	8	합격	버(burr)	35	5.003	5.000
2780	3158	2025-12-05 07:11:04+00	8	합격	\N	0	19.997	20.000
2781	3159	2025-12-04 04:46:21+00	8	합격	\N	0	9.999	10.000
2782	3160	2025-12-05 07:38:15+00	8	합격	\N	0	10.000	10.000
2783	3161	2025-12-04 09:05:02+00	8	합격	\N	0	12.001	12.000
2784	3163	2025-12-04 05:30:10+00	8	합격	\N	0	39.999	40.000
2785	3164	2025-12-05 05:15:22+00	8	합격	스크래치	16	8.003	8.000
2786	3165	2025-12-06 05:42:11+00	8	합격	표면조도불량	22	12.007	12.000
2787	3166	2025-12-05 05:39:02+00	8	합격	표면조도불량	25	16.002	16.000
2788	3167	2025-12-06 09:40:59+00	8	합격	표면조도불량	22	2.996	3.000
2789	3168	2025-12-05 07:07:59+00	8	합격	표면조도불량	30	4.998	5.000
2790	3169	2025-12-06 08:48:14+00	8	합격	\N	0	20.003	20.000
2791	3170	2025-12-06 05:54:02+00	8	합격	\N	0	30.004	30.000
2792	3171	2025-12-06 00:22:53+00	8	합격	\N	0	10.001	10.000
2793	3172	2025-12-05 04:15:13+00	8	합격	\N	0	10.002	10.000
2794	3173	2025-12-06 05:26:59+00	8	합격	\N	0	11.996	12.000
2795	3174	2025-12-05 05:32:36+00	8	합격	스크래치	4	40.002	40.000
2796	3175	2025-12-07 05:50:55+00	8	합격	버(burr)	12	8.003	8.000
2797	3176	2025-12-06 07:22:55+00	8	합격	스크래치	16	7.999	8.000
2798	3177	2025-12-07 05:01:50+00	8	합격	스크래치	16	11.999	12.000
2799	3178	2025-12-06 05:15:28+00	8	합격	버(burr)	19	16.005	16.000
2800	3179	2025-12-06 05:03:50+00	8	합격	\N	0	3.001	3.000
2801	3180	2025-12-07 03:43:29+00	8	합격	표면조도불량	31	4.999	5.000
2802	3181	2025-12-06 08:57:22+00	8	합격	\N	0	19.999	20.000
2803	3182	2025-12-07 03:11:27+00	8	합격	버(burr)	3	30.003	30.000
2804	3183	2025-12-06 01:27:23+00	8	합격	표면조도불량	7	9.998	10.000
2805	3184	2025-12-06 01:11:17+00	8	합격	\N	0	9.998	10.000
2806	3185	2025-12-07 00:45:21+00	8	합격	스크래치	5	12.003	12.000
2807	3186	2025-12-07 08:22:01+00	8	합격	표면조도불량	3	24.998	25.000
2808	3187	2025-12-07 04:02:06+00	8	합격	\N	0	40.007	40.000
2809	3188	2025-12-08 06:56:10+00	8	합격	스크래치	13	8.001	8.000
2810	3189	2025-12-09 08:18:45+00	8	합격	스크래치	14	8.004	8.000
2811	3190	2025-12-09 00:31:07+00	8	합격	\N	0	11.996	12.000
2812	3191	2025-12-08 09:07:39+00	8	합격	버(burr)	15	16.000	16.000
2813	3192	2025-12-08 05:31:41+00	8	합격	버(burr)	35	3.004	3.000
2814	3193	2025-12-08 00:40:44+00	8	합격	스크래치	26	4.997	5.000
2815	3194	2025-12-09 08:14:43+00	8	합격	\N	0	29.999	30.000
2816	3195	2025-12-08 07:17:26+00	8	합격	\N	0	9.999	10.000
2817	3196	2025-12-09 04:44:25+00	8	합격	\N	0	9.999	10.000
2818	3197	2025-12-08 01:24:29+00	8	합격	표면조도불량	9	12.003	12.000
2819	3198	2025-12-08 02:44:51+00	8	합격	\N	0	25.003	25.000
2820	3199	2025-12-10 06:46:29+00	8	합격	\N	0	7.998	8.000
2821	3200	2025-12-09 00:44:41+00	8	합격	스크래치	17	8.000	8.000
2822	3202	2025-12-09 04:09:36+00	8	합격	\N	0	15.993	16.000
2823	3203	2025-12-10 06:43:51+00	8	합격	\N	0	4.996	5.000
2824	3204	2025-12-10 01:14:39+00	8	합격	\N	0	20.003	20.000
2825	3205	2025-12-10 04:16:11+00	8	합격	버(burr)	8	29.998	30.000
2826	3206	2025-12-09 02:26:46+00	8	합격	버(burr)	13	10.002	10.000
2827	3207	2025-12-09 06:14:12+00	8	합격	\N	0	9.998	10.000
2828	3208	2025-12-10 09:53:21+00	8	합격	\N	0	12.000	12.000
2829	3209	2025-12-09 02:19:57+00	8	합격	\N	0	12.002	12.000
2830	3210	2025-12-09 05:00:21+00	8	합격	표면조도불량	7	25.007	25.000
2831	3211	2025-12-09 09:26:01+00	8	합격	\N	0	40.000	40.000
2832	3212	2025-12-10 07:10:45+00	8	합격	표면조도불량	17	8.003	8.000
2833	3213	2025-12-10 02:04:32+00	8	합격	\N	0	7.997	8.000
2834	3214	2025-12-10 02:25:35+00	8	합격	버(burr)	26	3.001	3.000
2835	3215	2025-12-10 08:02:44+00	8	합격	\N	0	5.000	5.000
2836	3216	2025-12-11 05:00:50+00	8	합격	버(burr)	11	20.001	20.000
2837	3217	2025-12-11 09:06:35+00	8	합격	\N	0	29.999	30.000
2838	3218	2025-12-11 01:03:21+00	8	합격	\N	0	10.000	10.000
2839	3219	2025-12-10 02:27:20+00	8	합격	\N	0	9.998	10.000
2840	3220	2025-12-10 09:59:46+00	8	합격	버(burr)	5	25.007	25.000
2841	3221	2025-12-10 03:33:26+00	8	합격	표면조도불량	4	40.000	40.000
2842	3222	2025-12-11 04:08:24+00	8	합격	표면조도불량	10	7.999	8.000
2843	3224	2025-12-11 08:54:04+00	8	합격	\N	0	16.004	16.000
2844	3225	2025-12-11 01:53:18+00	8	합격	\N	0	3.004	3.000
2845	3226	2025-12-12 03:39:09+00	8	합격	\N	0	5.002	5.000
2846	3227	2025-12-11 06:27:14+00	8	합격	\N	0	20.002	20.000
2847	3228	2025-12-11 02:02:46+00	8	합격	스크래치	11	10.002	10.000
2848	3229	2025-12-11 06:13:33+00	8	합격	표면조도불량	5	10.001	10.000
2849	3230	2025-12-11 05:50:39+00	8	합격	표면조도불량	10	12.000	12.000
2850	3232	2025-12-12 07:57:38+00	8	합격	\N	0	25.005	25.000
2851	3234	2025-12-12 09:07:49+00	8	합격	버(burr)	19	8.002	8.000
2852	3235	2025-12-13 01:14:09+00	8	합격	\N	0	7.997	8.000
2853	3236	2025-12-13 06:04:54+00	8	합격	\N	0	11.998	12.000
2854	3237	2025-12-13 01:48:03+00	8	합격	표면조도불량	20	16.004	16.000
2855	3238	2025-12-13 08:12:59+00	8	합격	표면조도불량	33	2.997	3.000
2856	3239	2025-12-13 08:07:07+00	8	합격	스크래치	16	5.003	5.000
2857	3240	2025-12-12 00:37:03+00	8	합격	버(burr)	4	29.998	30.000
2858	3241	2025-12-13 09:06:49+00	8	합격	\N	0	10.000	10.000
2859	3242	2025-12-12 06:27:39+00	8	합격	\N	0	9.999	10.000
2860	3243	2025-12-13 07:26:09+00	8	합격	스크래치	7	11.998	12.000
2861	3245	2025-12-13 09:11:29+00	8	합격	\N	0	39.995	40.000
2862	3246	2025-12-14 05:19:00+00	8	합격	\N	0	7.996	8.000
2863	3247	2025-12-13 09:38:47+00	8	합격	\N	0	12.007	12.000
2864	3248	2025-12-13 04:35:57+00	8	합격	\N	0	16.006	16.000
2865	3249	2025-12-13 00:00:40+00	8	합격	스크래치	32	3.001	3.000
2866	3250	2025-12-13 05:25:56+00	8	합격	스크래치	23	5.004	5.000
2867	3251	2025-12-13 05:04:31+00	8	합격	스크래치	13	19.998	20.000
2868	3252	2025-12-13 02:06:23+00	8	합격	버(burr)	4	29.998	30.000
2869	3253	2025-12-14 08:10:51+00	8	합격	표면조도불량	10	9.998	10.000
2870	3254	2025-12-13 04:38:26+00	8	합격	\N	0	11.999	12.000
2871	3255	2025-12-14 09:52:23+00	8	합격	스크래치	10	11.998	12.000
2872	3256	2025-12-14 01:30:59+00	8	합격	버(burr)	2	25.006	25.000
2873	3257	2025-12-15 08:49:39+00	8	합격	스크래치	9	8.000	8.000
2874	3258	2025-12-15 08:23:34+00	8	합격	\N	0	8.004	8.000
2875	3259	2025-12-15 05:34:38+00	8	합격	버(burr)	29	11.995	12.000
2876	3260	2025-12-16 05:59:10+00	8	합격	스크래치	21	15.996	16.000
2877	3261	2025-12-15 06:41:49+00	8	합격	표면조도불량	24	4.998	5.000
2878	3262	2025-12-16 02:11:39+00	8	합격	스크래치	9	20.003	20.000
2879	3263	2025-12-15 05:49:47+00	8	합격	표면조도불량	9	29.997	30.000
2880	3264	2025-12-15 02:21:26+00	8	합격	스크래치	7	9.998	10.000
2881	3266	2025-12-16 00:03:52+00	8	합격	\N	0	12.002	12.000
2882	3267	2025-12-15 00:40:23+00	8	합격	표면조도불량	5	24.994	25.000
2883	3268	2025-12-15 02:24:49+00	8	합격	표면조도불량	4	39.993	40.000
2884	3269	2025-12-17 05:46:42+00	8	합격	스크래치	21	8.003	8.000
2885	3270	2025-12-17 06:57:43+00	8	합격	\N	0	8.002	8.000
2886	3271	2025-12-17 02:47:43+00	8	합격	버(burr)	13	15.999	16.000
2887	3272	2025-12-16 00:59:01+00	8	합격	\N	0	3.001	3.000
2888	3273	2025-12-17 01:07:34+00	8	합격	스크래치	33	5.001	5.000
2889	3275	2025-12-17 06:07:23+00	8	합격	\N	0	30.001	30.000
2890	3276	2025-12-16 05:25:59+00	8	합격	\N	0	9.999	10.000
2891	3277	2025-12-16 02:33:36+00	8	합격	\N	0	25.006	25.000
2892	3278	2025-12-17 01:02:43+00	8	합격	\N	0	7.996	8.000
2893	3279	2025-12-17 08:09:39+00	8	합격	\N	0	3.004	3.000
2894	3280	2025-12-17 06:23:28+00	8	합격	\N	0	4.999	5.000
2895	3281	2025-12-18 03:19:35+00	8	합격	\N	0	20.000	20.000
2896	3282	2025-12-17 03:50:01+00	8	합격	\N	0	30.000	30.000
2897	3283	2025-12-17 00:58:11+00	8	합격	\N	0	10.002	10.000
2898	3284	2025-12-17 08:19:43+00	8	합격	버(burr)	11	10.002	10.000
2899	3285	2025-12-17 09:21:22+00	8	합격	\N	0	12.001	12.000
2900	3287	2025-12-17 01:42:05+00	8	합격	\N	0	25.004	25.000
2901	3289	2025-12-19 09:13:15+00	8	합격	스크래치	12	8.003	8.000
2902	3290	2025-12-19 08:25:54+00	8	합격	버(burr)	22	12.005	12.000
2903	3292	2025-12-18 00:59:17+00	8	합격	스크래치	18	5.001	5.000
2904	3293	2025-12-18 08:45:52+00	8	합격	\N	0	20.001	20.000
2905	3294	2025-12-19 03:35:26+00	8	합격	버(burr)	11	30.002	30.000
2906	3295	2025-12-18 09:59:27+00	8	합격	\N	0	10.002	10.000
2907	3296	2025-12-19 02:45:19+00	8	합격	표면조도불량	4	9.999	10.000
2908	3297	2025-12-18 00:10:45+00	8	합격	표면조도불량	6	12.003	12.000
2909	3298	2025-12-19 04:25:30+00	8	합격	\N	0	12.001	12.000
2910	3300	2025-12-20 03:47:19+00	8	합격	\N	0	15.994	16.000
2911	3301	2025-12-19 01:12:53+00	8	합격	스크래치	30	4.998	5.000
2912	3302	2025-12-19 06:07:07+00	8	합격	버(burr)	11	30.004	30.000
2913	3304	2025-12-20 05:28:54+00	8	합격	버(burr)	11	10.000	10.000
2914	3305	2025-12-19 03:17:05+00	8	합격	버(burr)	8	11.996	12.000
2915	3307	2025-12-19 09:39:15+00	8	합격	스크래치	2	40.004	40.000
2916	3308	2025-12-21 09:41:47+00	8	합격	\N	0	12.006	12.000
2917	3310	2025-12-21 04:56:06+00	8	합격	\N	0	3.000	3.000
2918	3311	2025-12-21 05:22:20+00	8	합격	\N	0	19.996	20.000
2919	3312	2025-12-20 01:40:07+00	8	합격	표면조도불량	9	30.003	30.000
2920	3313	2025-12-21 03:52:09+00	8	합격	스크래치	12	10.000	10.000
2921	3314	2025-12-20 06:09:08+00	8	합격	스크래치	4	12.001	12.000
2922	3315	2025-12-20 07:59:43+00	8	합격	\N	0	40.003	40.000
2923	3317	2025-12-22 08:53:52+00	8	합격	\N	0	7.998	8.000
2924	3318	2025-12-22 09:12:16+00	8	합격	표면조도불량	25	12.003	12.000
2925	3319	2025-12-23 00:52:48+00	8	합격	\N	0	15.995	16.000
2926	3320	2025-12-22 09:03:47+00	8	합격	버(burr)	19	3.001	3.000
2927	3321	2025-12-23 05:15:37+00	8	합격	표면조도불량	15	5.004	5.000
2928	3322	2025-12-22 05:38:40+00	8	합격	버(burr)	5	20.003	20.000
2929	3324	2025-12-22 08:33:44+00	8	합격	표면조도불량	7	9.999	10.000
2930	3325	2025-12-23 00:06:53+00	8	합격	표면조도불량	5	9.999	10.000
2931	3327	2025-12-23 04:48:06+00	8	합격	스크래치	4	11.999	12.000
2932	3328	2025-12-22 02:19:44+00	8	합격	표면조도불량	5	24.998	25.000
2933	3329	2025-12-24 07:43:13+00	8	합격	버(burr)	13	8.002	8.000
2934	3330	2025-12-24 03:09:07+00	8	합격	표면조도불량	8	8.000	8.000
2935	3332	2025-12-23 08:53:23+00	8	합격	\N	0	15.999	16.000
2936	3333	2025-12-23 04:09:49+00	8	합격	표면조도불량	19	2.998	3.000
2937	3334	2025-12-23 06:15:19+00	8	합격	\N	0	5.002	5.000
2938	3335	2025-12-24 01:58:20+00	8	합격	버(burr)	8	9.998	10.000
2939	3336	2025-12-24 00:56:29+00	8	합격	\N	0	11.998	12.000
2940	3337	2025-12-23 07:34:45+00	8	합격	버(burr)	3	25.000	25.000
2941	3338	2025-12-23 01:28:03+00	8	합격	스크래치	2	39.998	40.000
2942	3339	2025-12-25 05:14:16+00	8	합격	버(burr)	12	7.997	8.000
2943	3340	2025-12-24 01:41:27+00	8	합격	스크래치	17	7.999	8.000
2944	3341	2025-12-24 02:02:30+00	8	합격	표면조도불량	24	12.004	12.000
2945	3342	2025-12-24 01:16:37+00	8	합격	표면조도불량	18	2.997	3.000
2946	3343	2025-12-25 06:40:00+00	8	합격	스크래치	14	19.996	20.000
2947	3344	2025-12-25 05:14:30+00	8	합격	스크래치	8	30.004	30.000
2948	3345	2025-12-24 04:35:28+00	8	합격	스크래치	7	10.000	10.000
2949	3346	2025-12-24 00:03:31+00	8	합격	표면조도불량	4	10.000	10.000
2950	3347	2025-12-24 07:08:05+00	8	합격	\N	0	11.999	12.000
2951	3348	2025-12-24 01:43:18+00	8	합격	스크래치	7	12.000	12.000
2952	3349	2025-12-24 04:47:52+00	8	합격	표면조도불량	3	25.006	25.000
2953	3350	2025-12-24 06:25:09+00	8	합격	\N	0	40.002	40.000
2954	3351	2025-12-27 01:24:56+00	8	합격	\N	0	8.001	8.000
2955	3352	2025-12-27 04:20:04+00	8	합격	스크래치	26	11.999	12.000
2956	3353	2025-12-26 04:27:28+00	8	합격	버(burr)	27	15.996	16.000
2957	3354	2025-12-26 07:10:18+00	8	합격	버(burr)	15	2.998	3.000
2958	3356	2025-12-26 09:15:27+00	8	합격	버(burr)	10	10.001	10.000
2959	3357	2025-12-27 01:23:43+00	8	합격	\N	0	10.002	10.000
2960	3358	2025-12-27 04:28:26+00	8	합격	\N	0	11.997	12.000
2961	3359	2025-12-26 09:06:25+00	8	합격	\N	0	11.998	12.000
2962	3361	2025-12-26 01:15:35+00	8	합격	\N	0	39.993	40.000
2963	3362	2025-12-28 06:33:11+00	8	합격	스크래치	14	8.001	8.000
2964	3363	2025-12-28 09:54:34+00	8	합격	버(burr)	6	8.001	8.000
2965	3364	2025-12-28 09:49:03+00	8	합격	\N	0	11.994	12.000
2966	3365	2025-12-27 01:54:11+00	8	합격	스크래치	40	3.003	3.000
2967	3367	2025-12-28 02:29:53+00	8	합격	\N	0	20.004	20.000
2968	3368	2025-12-27 04:21:28+00	8	합격	표면조도불량	6	10.002	10.000
2969	3369	2025-12-27 06:18:38+00	8	합격	\N	0	11.997	12.000
2970	3370	2025-12-27 08:58:30+00	8	합격	표면조도불량	5	11.999	12.000
2971	3371	2025-12-27 03:12:55+00	8	합격	스크래치	6	25.001	25.000
2972	3372	2025-12-28 08:40:16+00	8	합격	버(burr)	3	39.998	40.000
2973	3373	2025-12-29 05:20:47+00	8	합격	표면조도불량	8	8.004	8.000
2974	3374	2025-12-30 08:41:36+00	8	합격	버(burr)	17	12.005	12.000
2975	3375	2025-12-30 05:37:29+00	8	합격	\N	0	15.993	16.000
2976	3376	2025-12-30 00:42:00+00	8	합격	스크래치	37	5.003	5.000
2977	3377	2025-12-29 09:07:35+00	8	합격	버(burr)	14	19.997	20.000
2978	3378	2025-12-30 00:15:10+00	8	합격	\N	0	30.002	30.000
2979	3379	2025-12-30 03:13:17+00	8	합격	스크래치	8	10.002	10.000
2980	3380	2025-12-29 05:03:19+00	8	합격	버(burr)	11	10.001	10.000
2981	3381	2025-12-29 06:21:35+00	8	합격	표면조도불량	9	12.001	12.000
2982	3382	2025-12-29 03:49:39+00	8	합격	표면조도불량	5	12.001	12.000
2983	3384	2025-12-29 05:04:08+00	8	합격	표면조도불량	4	39.998	40.000
2984	3385	2025-12-30 04:25:20+00	8	합격	스크래치	16	8.002	8.000
2985	3386	2025-12-30 04:12:34+00	8	합격	\N	0	8.004	8.000
2986	3387	2025-12-30 04:51:24+00	8	합격	\N	0	16.001	16.000
2987	3388	2025-12-31 07:51:27+00	8	합격	버(burr)	39	3.001	3.000
2988	3390	2025-12-30 03:11:53+00	8	합격	버(burr)	6	20.000	20.000
2989	3391	2025-12-31 05:35:11+00	8	합격	\N	0	29.997	30.000
2990	3393	2025-12-31 07:32:43+00	8	합격	\N	0	10.001	10.000
2991	3394	2025-12-31 05:11:26+00	8	합격	\N	0	12.003	12.000
2992	3395	2025-12-30 08:51:00+00	8	합격	스크래치	7	12.002	12.000
2993	3396	2025-12-30 01:50:00+00	8	합격	\N	0	40.000	40.000
2994	3397	2026-01-01 05:39:59+00	8	합격	\N	0	7.997	8.000
2995	3399	2025-12-31 01:40:33+00	8	합격	\N	0	12.003	12.000
2996	3400	2025-12-31 02:09:12+00	8	합격	표면조도불량	13	16.007	16.000
2997	3401	2026-01-01 07:02:25+00	8	합격	버(burr)	22	3.001	3.000
2998	3402	2026-01-01 09:31:09+00	8	합격	표면조도불량	28	5.000	5.000
2999	3403	2026-01-01 05:38:53+00	8	합격	스크래치	6	19.998	20.000
3000	3405	2025-12-31 06:14:24+00	8	합격	\N	0	10.001	10.000
3001	3408	2026-01-01 05:25:01+00	8	합격	\N	0	40.002	40.000
3002	3409	2026-01-03 05:09:41+00	8	합격	\N	0	8.002	8.000
3003	3410	2026-01-03 00:59:48+00	8	합격	스크래치	12	7.996	8.000
3004	3411	2026-01-03 00:43:51+00	8	합격	스크래치	12	15.995	16.000
3005	3412	2026-01-03 09:27:04+00	8	합격	\N	0	3.003	3.000
3006	3413	2026-01-02 07:05:46+00	8	합격	\N	0	4.999	5.000
3007	3414	2026-01-03 01:30:49+00	8	합격	스크래치	7	30.003	30.000
3008	3415	2026-01-02 09:10:14+00	8	합격	\N	0	9.998	10.000
3009	3416	2026-01-02 04:48:33+00	8	합격	\N	0	11.998	12.000
3010	3417	2026-01-02 03:00:06+00	8	합격	버(burr)	6	25.001	25.000
3011	3418	2026-01-03 02:05:05+00	8	합격	표면조도불량	5	40.000	40.000
3012	3419	2026-01-03 02:08:32+00	8	합격	\N	0	8.004	8.000
3013	3421	2026-01-04 06:09:11+00	8	합격	\N	0	16.006	16.000
3014	3422	2026-01-04 04:55:20+00	8	합격	버(burr)	18	4.999	5.000
3015	3423	2026-01-04 01:33:56+00	8	합격	\N	0	19.997	20.000
3016	3424	2026-01-03 06:13:31+00	8	합격	\N	0	30.003	30.000
3017	3425	2026-01-03 00:38:43+00	8	합격	\N	0	10.001	10.000
3018	3426	2026-01-04 00:16:45+00	8	합격	\N	0	10.001	10.000
3019	3427	2026-01-04 07:25:45+00	8	합격	버(burr)	11	12.001	12.000
3020	3428	2026-01-03 07:26:15+00	8	합격	\N	0	11.999	12.000
3021	3430	2026-01-03 05:08:02+00	8	합격	버(burr)	2	40.005	40.000
3022	3431	2026-01-05 09:24:11+00	8	합격	\N	0	8.003	8.000
3023	3432	2026-01-06 06:58:46+00	8	합격	버(burr)	22	12.007	12.000
3024	3434	2026-01-06 06:46:56+00	8	합격	\N	0	20.000	20.000
3025	3435	2026-01-06 09:12:06+00	8	합격	버(burr)	9	30.002	30.000
3026	3436	2026-01-06 02:17:31+00	8	합격	표면조도불량	5	10.000	10.000
3027	3437	2026-01-05 04:48:06+00	8	합격	표면조도불량	10	12.000	12.000
3028	3438	2026-01-06 05:52:52+00	8	합격	표면조도불량	4	25.003	25.000
3029	3439	2026-01-05 08:56:49+00	8	합격	버(burr)	3	39.994	40.000
3030	3441	2026-01-07 04:08:04+00	8	합격	표면조도불량	30	16.000	16.000
3031	3442	2026-01-06 08:44:36+00	8	합격	\N	0	3.000	3.000
3032	3443	2026-01-06 07:23:48+00	8	합격	\N	0	5.001	5.000
3033	3444	2026-01-07 05:30:39+00	8	합격	스크래치	14	20.001	20.000
3034	3445	2026-01-07 02:32:44+00	8	합격	표면조도불량	6	30.000	30.000
3035	3446	2026-01-06 03:30:55+00	8	합격	\N	0	10.000	10.000
3036	3447	2026-01-07 00:19:54+00	8	합격	표면조도불량	10	11.996	12.000
3037	3450	2026-01-07 03:30:50+00	8	합격	버(burr)	3	39.994	40.000
3038	3451	2026-01-07 02:17:08+00	8	합격	\N	0	8.000	8.000
3039	3452	2026-01-08 05:09:13+00	8	합격	\N	0	8.002	8.000
3040	3453	2026-01-08 07:37:45+00	8	합격	\N	0	12.001	12.000
3041	3454	2026-01-07 04:51:02+00	8	합격	스크래치	11	15.995	16.000
3042	3455	2026-01-07 04:23:10+00	8	합격	\N	0	3.004	3.000
3043	3456	2026-01-08 05:19:37+00	8	합격	스크래치	15	5.004	5.000
3044	3457	2026-01-07 07:01:29+00	8	합격	\N	0	20.000	20.000
3045	3458	2026-01-07 07:19:20+00	8	합격	표면조도불량	9	29.999	30.000
3046	3459	2026-01-07 04:06:13+00	8	합격	버(burr)	11	11.999	12.000
3047	3460	2026-01-07 08:05:53+00	8	합격	\N	0	12.004	12.000
3048	3461	2026-01-08 02:43:22+00	8	합격	\N	0	39.994	40.000
3049	3462	2026-01-08 01:23:52+00	8	합격	\N	0	7.999	8.000
3050	3463	2026-01-09 07:19:54+00	8	합격	\N	0	7.996	8.000
3051	3464	2026-01-09 01:52:43+00	8	합격	스크래치	22	12.007	12.000
3052	3465	2026-01-09 08:54:26+00	8	합격	\N	0	15.995	16.000
3053	3466	2026-01-08 01:56:59+00	8	합격	\N	0	3.001	3.000
3054	3467	2026-01-08 03:13:37+00	8	합격	버(burr)	18	4.997	5.000
3055	3468	2026-01-08 01:22:13+00	8	합격	스크래치	13	29.997	30.000
3056	3469	2026-01-08 01:25:48+00	8	합격	\N	0	10.002	10.000
3057	3470	2026-01-09 05:53:03+00	8	합격	표면조도불량	4	9.999	10.000
3058	3471	2026-01-08 03:38:58+00	8	합격	버(burr)	10	12.003	12.000
3059	3472	2026-01-08 09:32:11+00	8	합격	\N	0	24.996	25.000
3060	3473	2026-01-08 06:34:56+00	8	합격	스크래치	3	39.997	40.000
3061	3474	2026-01-09 08:35:11+00	8	합격	\N	0	7.996	8.000
3062	3475	2026-01-09 06:34:13+00	8	합격	스크래치	15	11.998	12.000
3063	3476	2026-01-09 00:23:34+00	8	합격	\N	0	15.994	16.000
3064	3478	2026-01-09 07:37:04+00	8	합격	버(burr)	37	5.003	5.000
3065	3479	2026-01-10 05:06:12+00	8	합격	\N	0	20.000	20.000
3066	3480	2026-01-10 08:29:51+00	8	합격	\N	0	29.998	30.000
3067	3481	2026-01-09 04:38:47+00	8	합격	스크래치	6	10.000	10.000
3068	3482	2026-01-10 03:59:23+00	8	합격	\N	0	10.000	10.000
3069	3483	2026-01-10 06:37:33+00	8	합격	스크래치	6	11.996	12.000
3070	3484	2026-01-09 09:31:04+00	8	합격	버(burr)	9	12.001	12.000
3071	3485	2026-01-09 07:54:36+00	8	합격	버(burr)	5	25.002	25.000
3072	3486	2026-01-10 05:29:32+00	8	합격	스크래치	3	39.996	40.000
3073	3487	2026-01-11 05:51:01+00	8	합격	표면조도불량	12	8.004	8.000
3074	3488	2026-01-11 06:18:22+00	8	합격	스크래치	17	7.998	8.000
3075	3489	2026-01-11 04:56:01+00	8	합격	\N	0	11.993	12.000
3076	3490	2026-01-11 05:43:20+00	8	합격	스크래치	38	4.999	5.000
3077	3491	2026-01-11 09:04:37+00	8	합격	스크래치	5	30.001	30.000
3078	3492	2026-01-10 09:08:04+00	8	합격	버(burr)	7	12.004	12.000
3079	3493	2026-01-11 03:19:21+00	8	합격	버(burr)	5	11.999	12.000
3080	3494	2026-01-10 08:49:34+00	8	합격	\N	0	24.996	25.000
3081	3497	2026-01-13 00:59:26+00	8	합격	표면조도불량	35	2.996	3.000
3082	3498	2026-01-13 02:16:12+00	8	합격	스크래치	14	20.001	20.000
3083	3499	2026-01-12 09:06:35+00	8	합격	스크래치	5	30.003	30.000
3084	3500	2026-01-12 04:06:01+00	8	합격	\N	0	10.000	10.000
3085	3501	2026-01-12 06:06:19+00	8	합격	표면조도불량	11	10.000	10.000
3086	3503	2026-01-12 08:41:28+00	8	합격	\N	0	12.003	12.000
3087	3504	2026-01-12 05:26:38+00	8	합격	\N	0	24.994	25.000
3088	3505	2026-01-12 01:29:43+00	8	합격	\N	0	40.004	40.000
3089	3506	2026-01-13 08:44:57+00	8	합격	스크래치	15	7.996	8.000
3090	3508	2026-01-14 09:53:40+00	8	합격	\N	0	11.994	12.000
3091	3509	2026-01-14 04:32:00+00	8	합격	\N	0	16.003	16.000
3092	3510	2026-01-13 02:03:41+00	8	합격	\N	0	4.998	5.000
3093	3511	2026-01-14 03:36:55+00	8	합격	\N	0	19.997	20.000
3094	3512	2026-01-14 04:11:25+00	8	합격	스크래치	9	29.998	30.000
3095	3513	2026-01-14 09:17:51+00	8	합격	버(burr)	15	10.001	10.000
3096	3514	2026-01-13 02:41:25+00	8	합격	스크래치	12	11.998	12.000
3097	3515	2026-01-13 06:04:43+00	8	합격	버(burr)	8	12.001	12.000
3098	3516	2026-01-14 06:09:44+00	8	합격	버(burr)	6	25.007	25.000
3099	3517	2026-01-14 08:14:02+00	8	합격	스크래치	3	40.002	40.000
3100	3518	2026-01-15 03:37:56+00	8	합격	\N	0	7.999	8.000
3101	3519	2026-01-15 02:22:38+00	8	합격	버(burr)	15	8.002	8.000
3102	3520	2026-01-15 00:56:30+00	8	합격	표면조도불량	19	12.004	12.000
3103	3521	2026-01-14 04:06:02+00	8	합격	스크래치	11	15.995	16.000
3104	3522	2026-01-14 09:14:15+00	8	합격	스크래치	20	3.004	3.000
3105	3523	2026-01-14 08:10:16+00	8	합격	\N	0	19.996	20.000
3106	3524	2026-01-15 08:09:30+00	8	합격	표면조도불량	7	9.998	10.000
3107	3525	2026-01-14 00:33:03+00	8	합격	\N	0	9.999	10.000
3108	3526	2026-01-15 01:14:24+00	8	합격	\N	0	12.004	12.000
3109	3527	2026-01-14 00:54:58+00	8	합격	스크래치	4	24.998	25.000
3110	3528	2026-01-15 00:47:28+00	8	합격	스크래치	20	8.001	8.000
3111	3529	2026-01-16 01:44:19+00	8	합격	\N	0	8.001	8.000
3112	3530	2026-01-15 02:26:25+00	8	합격	표면조도불량	18	12.001	12.000
3113	3531	2026-01-15 04:55:31+00	8	합격	표면조도불량	22	16.002	16.000
3114	3532	2026-01-16 07:34:14+00	8	합격	스크래치	44	3.002	3.000
3115	3533	2026-01-15 02:31:09+00	8	합격	스크래치	11	20.002	20.000
3116	3534	2026-01-15 08:37:39+00	8	합격	버(burr)	12	30.000	30.000
3117	3535	2026-01-15 01:12:47+00	8	합격	버(burr)	11	10.001	10.000
3118	3536	2026-01-16 08:01:55+00	8	합격	\N	0	9.999	10.000
3119	3537	2026-01-16 04:05:14+00	8	합격	스크래치	10	12.001	12.000
3120	3538	2026-01-15 00:19:42+00	8	합격	스크래치	4	24.993	25.000
3121	3539	2026-01-16 08:24:36+00	8	합격	표면조도불량	5	39.995	40.000
3122	3541	2026-01-16 08:43:05+00	8	합격	버(burr)	16	8.002	8.000
3123	3542	2026-01-17 09:51:30+00	8	합격	\N	0	12.000	12.000
3124	3543	2026-01-17 08:51:21+00	8	합격	\N	0	15.997	16.000
3125	3544	2026-01-17 06:54:17+00	8	합격	표면조도불량	43	3.004	3.000
3126	3545	2026-01-16 02:20:55+00	8	합격	버(burr)	18	4.999	5.000
3127	3546	2026-01-16 02:13:24+00	8	합격	\N	0	20.000	20.000
3128	3547	2026-01-16 01:39:01+00	8	합격	표면조도불량	9	30.003	30.000
3129	3548	2026-01-16 07:42:24+00	8	합격	스크래치	7	9.998	10.000
3130	3549	2026-01-17 09:24:21+00	8	합격	표면조도불량	4	10.000	10.000
3131	3550	2026-01-17 03:00:40+00	8	합격	표면조도불량	13	11.999	12.000
3132	3551	2026-01-17 09:15:29+00	8	합격	\N	0	12.002	12.000
3133	3552	2026-01-17 01:34:03+00	8	합격	스크래치	2	25.002	25.000
3134	3553	2026-01-18 00:41:04+00	8	합격	\N	0	8.003	8.000
3135	3554	2026-01-17 03:19:36+00	8	합격	\N	0	8.001	8.000
3136	3555	2026-01-17 06:31:31+00	8	합격	\N	0	12.007	12.000
3137	3556	2026-01-17 02:45:47+00	8	합격	\N	0	16.003	16.000
3138	3557	2026-01-18 03:46:27+00	8	합격	\N	0	3.003	3.000
3139	3559	2026-01-18 08:25:06+00	8	합격	표면조도불량	7	29.997	30.000
3140	3560	2026-01-18 01:44:50+00	8	합격	\N	0	10.002	10.000
3141	3561	2026-01-17 06:18:26+00	8	합격	버(burr)	11	10.001	10.000
3142	3563	2026-01-17 02:32:26+00	8	합격	표면조도불량	3	12.000	12.000
3143	3564	2026-01-17 04:02:06+00	8	합격	\N	0	24.999	25.000
3144	3565	2026-01-18 01:08:33+00	8	합격	표면조도불량	3	39.998	40.000
3145	3566	2026-01-19 07:36:30+00	8	합격	버(burr)	18	8.004	8.000
3146	3567	2026-01-20 09:55:31+00	8	합격	스크래치	16	8.004	8.000
3147	3568	2026-01-20 08:03:34+00	8	합격	\N	0	12.004	12.000
3148	3569	2026-01-19 09:23:03+00	8	합격	\N	0	16.000	16.000
3149	3570	2026-01-20 05:18:30+00	8	합격	\N	0	3.001	3.000
3150	3571	2026-01-19 07:49:16+00	8	합격	스크래치	31	4.997	5.000
3151	3572	2026-01-19 09:11:18+00	8	합격	\N	0	20.000	20.000
3152	3573	2026-01-20 04:14:44+00	8	합격	스크래치	4	29.996	30.000
3153	3574	2026-01-20 02:11:22+00	8	합격	\N	0	10.001	10.000
3154	3575	2026-01-20 02:26:53+00	8	합격	스크래치	5	12.000	12.000
3155	3576	2026-01-19 07:22:03+00	8	합격	스크래치	10	11.999	12.000
3156	3577	2026-01-20 05:06:37+00	8	합격	표면조도불량	5	25.001	25.000
3157	3578	2026-01-19 07:39:47+00	8	합격	표면조도불량	3	40.001	40.000
3158	3579	2026-01-20 03:43:55+00	8	합격	버(burr)	20	7.998	8.000
3159	3580	2026-01-21 07:38:08+00	8	합격	스크래치	18	7.997	8.000
3160	3581	2026-01-20 02:14:23+00	8	합격	표면조도불량	18	12.000	12.000
3161	3582	2026-01-21 05:33:31+00	8	합격	\N	0	16.005	16.000
3162	3583	2026-01-20 01:11:38+00	8	합격	\N	0	4.996	5.000
3163	3584	2026-01-21 00:09:32+00	8	합격	버(burr)	8	19.997	20.000
3164	3585	2026-01-21 03:19:50+00	8	합격	스크래치	10	30.001	30.000
3165	3586	2026-01-21 06:52:02+00	8	합격	\N	0	9.998	10.000
3166	3587	2026-01-20 03:20:11+00	8	합격	\N	0	12.001	12.000
3167	3588	2026-01-20 09:43:50+00	8	합격	버(burr)	6	11.996	12.000
3168	3589	2026-01-21 06:27:37+00	8	합격	\N	0	24.999	25.000
3169	3590	2026-01-20 07:13:24+00	8	합격	\N	0	40.001	40.000
3170	3591	2026-01-22 06:51:21+00	8	합격	표면조도불량	12	7.998	8.000
3171	3592	2026-01-22 08:33:38+00	8	합격	\N	0	12.001	12.000
3172	3593	2026-01-22 02:38:09+00	8	합격	\N	0	15.999	16.000
3173	3594	2026-01-21 00:33:17+00	8	합격	스크래치	36	2.999	3.000
3174	3595	2026-01-22 07:38:23+00	8	합격	버(burr)	21	5.002	5.000
3175	3596	2026-01-21 02:55:53+00	8	합격	\N	0	20.002	20.000
3176	3597	2026-01-22 09:46:50+00	8	합격	버(burr)	3	10.002	10.000
3177	3598	2026-01-22 07:36:38+00	8	합격	\N	0	11.999	12.000
3178	3599	2026-01-22 05:08:38+00	8	합격	스크래치	3	40.001	40.000
3179	3601	2026-01-23 07:07:19+00	8	합격	스크래치	39	3.004	3.000
3180	3602	2026-01-22 04:29:32+00	8	합격	\N	0	5.001	5.000
3181	3603	2026-01-23 02:15:54+00	8	합격	\N	0	20.003	20.000
3182	3604	2026-01-22 09:59:06+00	8	합격	스크래치	8	30.003	30.000
3183	3605	2026-01-22 00:26:52+00	8	합격	\N	0	9.998	10.000
3184	3606	2026-01-23 06:24:54+00	8	합격	\N	0	9.999	10.000
3185	3607	2026-01-23 00:41:24+00	8	합격	표면조도불량	11	12.002	12.000
3186	3608	2026-01-22 05:12:20+00	8	합격	\N	0	12.002	12.000
3187	3609	2026-01-23 08:46:29+00	8	합격	버(burr)	7	24.994	25.000
3188	3610	2026-01-22 09:38:11+00	8	합격	스크래치	2	39.994	40.000
3189	3611	2026-01-23 06:05:01+00	8	합격	표면조도불량	8	7.996	8.000
3190	3612	2026-01-23 01:27:46+00	8	합격	\N	0	7.998	8.000
3191	3613	2026-01-23 07:32:02+00	8	합격	버(burr)	29	11.997	12.000
3192	3614	2026-01-24 07:48:30+00	8	합격	\N	0	16.003	16.000
3193	3615	2026-01-23 01:51:43+00	8	합격	표면조도불량	13	29.998	30.000
3194	3616	2026-01-24 07:05:55+00	8	합격	\N	0	10.002	10.000
3195	3617	2026-01-23 06:16:31+00	8	합격	\N	0	11.997	12.000
3196	3618	2026-01-23 09:32:11+00	8	합격	표면조도불량	3	11.996	12.000
3197	3619	2026-01-24 09:42:27+00	8	합격	\N	0	24.997	25.000
3198	3621	2026-01-24 01:32:30+00	8	합격	\N	0	7.996	8.000
3199	3623	2026-01-25 03:45:00+00	8	합격	버(burr)	22	16.004	16.000
3200	3624	2026-01-24 00:05:37+00	8	합격	표면조도불량	9	20.001	20.000
3201	3625	2026-01-25 06:52:43+00	8	합격	\N	0	10.002	10.000
3202	3626	2026-01-25 02:39:29+00	8	합격	\N	0	12.004	12.000
3203	3628	2026-01-27 07:16:50+00	8	합격	버(burr)	6	7.996	8.000
3204	3629	2026-01-26 09:30:15+00	8	합격	스크래치	27	12.002	12.000
3205	3630	2026-01-26 07:34:25+00	8	합격	표면조도불량	12	15.999	16.000
3206	3631	2026-01-26 06:40:04+00	8	합격	\N	0	3.003	3.000
3207	3632	2026-01-26 07:03:09+00	8	합격	스크래치	14	19.996	20.000
3208	3633	2026-01-27 08:13:18+00	8	합격	표면조도불량	11	30.003	30.000
3209	3634	2026-01-27 07:28:34+00	8	합격	\N	0	10.002	10.000
3210	3635	2026-01-27 07:46:29+00	8	합격	버(burr)	6	12.002	12.000
3211	3636	2026-01-26 08:15:29+00	8	합격	표면조도불량	8	12.003	12.000
3212	3638	2026-01-28 07:31:27+00	8	합격	표면조도불량	6	8.001	8.000
3213	3639	2026-01-28 07:51:16+00	8	합격	표면조도불량	30	12.000	12.000
3214	3640	2026-01-28 02:42:34+00	8	합격	버(burr)	27	16.000	16.000
3215	3641	2026-01-27 06:41:07+00	8	합격	\N	0	2.999	3.000
3216	3644	2026-01-28 07:57:42+00	8	합격	버(burr)	11	30.003	30.000
3217	3645	2026-01-27 00:08:08+00	8	합격	버(burr)	4	9.998	10.000
3218	3646	2026-01-28 09:33:43+00	8	합격	\N	0	25.005	25.000
3219	3647	2026-01-27 06:47:22+00	8	합격	\N	0	40.001	40.000
3220	3649	2026-01-28 06:13:50+00	8	합격	\N	0	7.996	8.000
3221	3650	2026-01-28 04:01:06+00	8	합격	표면조도불량	21	16.003	16.000
3222	3651	2026-01-28 00:00:01+00	8	합격	스크래치	46	2.996	3.000
3223	3653	2026-01-28 01:09:11+00	8	합격	\N	0	20.002	20.000
3224	3654	2026-01-28 02:16:51+00	8	합격	버(burr)	11	29.998	30.000
3225	3655	2026-01-29 03:57:00+00	8	합격	표면조도불량	7	10.001	10.000
3226	3656	2026-01-29 08:23:53+00	8	합격	\N	0	24.993	25.000
3227	3657	2026-01-28 07:23:53+00	8	합격	\N	0	40.001	40.000
3228	3658	2026-01-29 04:32:29+00	8	합격	버(burr)	15	8.002	8.000
3229	3659	2026-01-30 09:52:50+00	8	합격	스크래치	9	8.003	8.000
3230	3661	2026-01-30 00:30:37+00	8	합격	\N	0	2.998	3.000
3231	3662	2026-01-30 03:35:01+00	8	합격	표면조도불량	12	10.002	10.000
3232	3665	2026-01-30 03:34:50+00	8	합격	\N	0	12.001	12.000
3233	3666	2026-01-30 04:50:59+00	8	합격	스크래치	5	24.997	25.000
3234	3667	2026-01-30 04:04:38+00	8	합격	스크래치	18	7.999	8.000
3235	3668	2026-01-30 01:26:54+00	8	합격	버(burr)	9	8.001	8.000
3236	3669	2026-01-30 07:20:29+00	8	합격	스크래치	20	12.000	12.000
3237	3670	2026-01-30 04:38:50+00	8	합격	스크래치	21	2.997	3.000
3238	3671	2026-01-31 05:02:40+00	8	합격	표면조도불량	44	5.002	5.000
3239	3672	2026-01-30 07:52:22+00	8	합격	버(burr)	9	20.003	20.000
3240	3674	2026-01-31 07:23:17+00	8	합격	스크래치	13	10.000	10.000
3241	3676	2026-01-30 06:22:43+00	8	합격	표면조도불량	7	11.999	12.000
3242	3677	2026-01-31 06:39:46+00	8	합격	\N	0	40.002	40.000
3243	3678	2026-01-31 05:07:56+00	8	합격	\N	0	8.001	8.000
3244	3679	2026-01-31 04:42:53+00	8	합격	버(burr)	7	7.999	8.000
3245	3680	2026-01-31 01:27:36+00	8	합격	\N	0	12.002	12.000
3246	3681	2026-01-31 02:53:05+00	8	합격	표면조도불량	41	2.998	3.000
3247	3682	2026-01-31 01:34:08+00	8	합격	표면조도불량	13	4.997	5.000
3248	3683	2026-02-01 00:32:29+00	8	합격	\N	0	19.998	20.000
3249	3684	2026-01-31 01:02:14+00	8	합격	\N	0	29.998	30.000
3250	3686	2026-01-31 09:13:58+00	8	합격	스크래치	5	12.000	12.000
3251	3687	2026-01-31 07:34:05+00	8	합격	\N	0	12.001	12.000
3252	3688	2026-01-31 08:37:46+00	8	합격	표면조도불량	4	25.004	25.000
3253	3689	2026-02-01 01:05:44+00	8	합격	표면조도불량	4	40.000	40.000
3254	3690	2026-02-03 00:40:50+00	8	합격	버(burr)	15	7.999	8.000
3255	3691	2026-02-02 02:32:07+00	8	합격	\N	0	8.003	8.000
3256	3692	2026-02-02 09:22:59+00	8	합격	\N	0	15.996	16.000
3257	3693	2026-02-02 03:09:19+00	8	합격	\N	0	3.000	3.000
3258	3694	2026-02-02 03:09:33+00	8	합격	버(burr)	35	4.998	5.000
3259	3695	2026-02-03 03:30:11+00	8	합격	\N	0	19.998	20.000
3260	3696	2026-02-02 04:52:03+00	8	합격	\N	0	30.002	30.000
3261	3697	2026-02-02 08:30:48+00	8	합격	버(burr)	10	10.002	10.000
3262	3698	2026-02-03 03:00:43+00	8	합격	버(burr)	6	9.998	10.000
3263	3699	2026-02-03 07:12:19+00	8	합격	스크래치	6	11.997	12.000
3264	3701	2026-02-02 05:16:04+00	8	합격	버(burr)	3	25.005	25.000
3265	3702	2026-02-02 08:38:29+00	8	합격	\N	0	39.999	40.000
3266	3703	2026-02-04 07:50:20+00	8	합격	스크래치	11	12.006	12.000
3267	3704	2026-02-03 07:11:22+00	8	합격	\N	0	16.006	16.000
3268	3705	2026-02-03 08:04:23+00	8	합격	버(burr)	28	2.996	3.000
3269	3706	2026-02-03 04:43:56+00	8	합격	\N	0	5.003	5.000
3270	3707	2026-02-03 05:52:53+00	8	합격	\N	0	20.003	20.000
3271	3709	2026-02-04 00:34:48+00	8	합격	표면조도불량	7	10.002	10.000
3272	3710	2026-02-03 09:59:16+00	8	합격	버(burr)	6	9.999	10.000
3273	3711	2026-02-03 06:43:46+00	8	합격	버(burr)	3	12.001	12.000
3274	3712	2026-02-03 01:10:17+00	8	합격	스크래치	2	24.997	25.000
3275	3713	2026-02-03 06:52:54+00	8	합격	버(burr)	2	39.993	40.000
3276	3714	2026-02-05 00:26:56+00	8	합격	스크래치	16	7.996	8.000
3277	3715	2026-02-05 00:10:11+00	8	합격	표면조도불량	17	11.993	12.000
3278	3716	2026-02-05 07:02:29+00	8	합격	스크래치	19	16.003	16.000
3279	3717	2026-02-04 04:45:46+00	8	합격	버(burr)	35	3.003	3.000
3280	3719	2026-02-05 04:25:15+00	8	합격	\N	0	30.001	30.000
3281	3720	2026-02-04 03:43:25+00	8	합격	버(burr)	11	10.001	10.000
3282	3721	2026-02-05 08:35:06+00	8	합격	버(burr)	10	10.000	10.000
3283	3722	2026-02-05 06:48:27+00	8	합격	표면조도불량	8	11.997	12.000
3284	3723	2026-02-04 00:29:54+00	8	합격	버(burr)	8	11.996	12.000
3285	3724	2026-02-05 09:41:23+00	8	합격	표면조도불량	5	24.993	25.000
3286	3725	2026-02-05 05:24:02+00	8	합격	버(burr)	4	39.997	40.000
3287	3726	2026-02-05 03:43:15+00	8	합격	버(burr)	12	8.002	8.000
3288	3727	2026-02-06 06:39:51+00	8	합격	\N	0	8.000	8.000
3289	3729	2026-02-06 00:44:17+00	8	합격	\N	0	16.000	16.000
3290	3730	2026-02-05 05:54:19+00	8	합격	스크래치	32	3.000	3.000
3291	3732	2026-02-06 07:32:11+00	8	합격	\N	0	20.002	20.000
3292	3734	2026-02-06 08:09:55+00	8	합격	\N	0	9.998	10.000
3293	3735	2026-02-06 03:21:07+00	8	합격	\N	0	12.002	12.000
3294	3736	2026-02-05 06:49:03+00	8	합격	\N	0	11.996	12.000
3295	3737	2026-02-06 00:56:39+00	8	합격	스크래치	2	24.996	25.000
3296	3738	2026-02-05 01:08:03+00	8	합격	\N	0	40.006	40.000
3297	3739	2026-02-06 06:01:04+00	8	합격	버(burr)	16	7.999	8.000
3298	3740	2026-02-07 03:46:00+00	8	합격	버(burr)	15	8.000	8.000
3299	3742	2026-02-06 02:10:51+00	8	합격	표면조도불량	17	15.999	16.000
3300	3743	2026-02-07 07:44:14+00	8	합격	\N	0	3.000	3.000
3301	3744	2026-02-06 06:01:43+00	8	합격	버(burr)	33	5.003	5.000
3302	3745	2026-02-07 06:51:05+00	8	합격	\N	0	19.999	20.000
3303	3746	2026-02-06 08:10:28+00	8	합격	\N	0	30.003	30.000
3304	3747	2026-02-06 09:54:49+00	8	합격	\N	0	10.001	10.000
3305	3748	2026-02-07 00:22:23+00	8	합격	스크래치	9	9.998	10.000
3306	3749	2026-02-06 04:09:09+00	8	합격	스크래치	9	12.001	12.000
3307	3750	2026-02-06 00:43:48+00	8	합격	스크래치	3	11.999	12.000
3308	3752	2026-02-07 05:48:00+00	8	합격	\N	0	39.994	40.000
3309	3753	2026-02-07 07:19:02+00	8	합격	스크래치	5	7.999	8.000
3310	3755	2026-02-08 06:19:27+00	8	합격	버(burr)	9	12.006	12.000
3311	3756	2026-02-08 09:36:44+00	8	합격	버(burr)	15	15.997	16.000
3312	3758	2026-02-08 04:03:09+00	8	합격	버(burr)	19	5.001	5.000
3313	3759	2026-02-08 01:47:14+00	8	합격	\N	0	20.000	20.000
3314	3760	2026-02-08 08:08:45+00	8	합격	버(burr)	5	10.002	10.000
3315	3761	2026-02-08 01:27:56+00	8	합격	버(burr)	8	9.998	10.000
3316	3762	2026-02-07 09:49:59+00	8	합격	스크래치	9	12.003	12.000
3317	3763	2026-02-07 03:39:37+00	8	합격	\N	0	24.993	25.000
3318	3764	2026-02-10 02:49:25+00	8	합격	표면조도불량	8	7.996	8.000
3319	3765	2026-02-09 08:21:22+00	8	합격	\N	0	7.998	8.000
3320	3766	2026-02-09 02:50:49+00	8	합격	스크래치	22	12.004	12.000
3321	3767	2026-02-09 03:56:30+00	8	합격	\N	0	15.993	16.000
3322	3769	2026-02-10 03:34:32+00	8	합격	표면조도불량	15	5.002	5.000
3323	3770	2026-02-09 09:59:55+00	8	합격	스크래치	7	30.002	30.000
3324	3771	2026-02-09 04:02:54+00	8	합격	\N	0	9.999	10.000
3325	3772	2026-02-10 02:27:39+00	8	합격	\N	0	9.998	10.000
3326	3774	2026-02-09 07:56:55+00	8	합격	스크래치	6	25.003	25.000
3327	3775	2026-02-09 01:54:31+00	8	합격	\N	0	39.997	40.000
3328	3776	2026-02-10 08:38:55+00	8	합격	버(burr)	16	7.999	8.000
3329	3777	2026-02-11 09:53:44+00	8	합격	\N	0	7.997	8.000
3330	3778	2026-02-11 01:06:20+00	8	합격	스크래치	18	16.002	16.000
3331	3779	2026-02-10 06:45:19+00	8	합격	스크래치	44	3.001	3.000
3332	3780	2026-02-10 07:36:19+00	8	합격	\N	0	4.999	5.000
3333	3782	2026-02-11 06:35:25+00	8	합격	\N	0	29.998	30.000
3334	3784	2026-02-11 06:58:02+00	8	합격	표면조도불량	4	12.003	12.000
3335	3786	2026-02-11 03:00:06+00	8	합격	\N	0	39.998	40.000
3336	3787	2026-02-12 08:52:58+00	8	합격	\N	0	8.004	8.000
3337	3788	2026-02-12 04:23:50+00	8	합격	버(burr)	16	16.004	16.000
3338	3789	2026-02-11 00:03:47+00	8	합격	\N	0	5.004	5.000
3339	3790	2026-02-11 09:05:45+00	8	합격	\N	0	20.003	20.000
3340	3791	2026-02-11 02:55:56+00	8	합격	표면조도불량	3	30.004	30.000
3341	3792	2026-02-12 08:08:12+00	8	합격	\N	0	9.998	10.000
3342	3793	2026-02-12 03:19:58+00	8	합격	스크래치	4	9.999	10.000
3343	3794	2026-02-12 06:38:08+00	8	합격	\N	0	11.999	12.000
3344	3795	2026-02-12 03:38:45+00	8	합격	표면조도불량	3	24.997	25.000
3345	3796	2026-02-12 02:33:04+00	8	합격	스크래치	4	39.999	40.000
3346	3797	2026-02-13 05:12:53+00	8	합격	표면조도불량	20	15.993	16.000
3347	3798	2026-02-12 09:42:49+00	8	합격	버(burr)	24	4.996	5.000
3348	3800	2026-02-12 06:23:04+00	8	합격	\N	0	30.001	30.000
3349	3801	2026-02-12 01:35:17+00	8	합격	\N	0	10.001	10.000
3350	3802	2026-02-13 03:19:30+00	8	합격	스크래치	4	9.999	10.000
3351	3803	2026-02-12 01:47:51+00	8	합격	\N	0	12.004	12.000
3352	3804	2026-02-13 01:53:13+00	8	합격	스크래치	8	12.002	12.000
3353	3806	2026-02-12 01:58:25+00	8	합격	표면조도불량	2	39.993	40.000
3354	3807	2026-02-14 00:14:06+00	8	합격	스크래치	12	8.003	8.000
3355	3808	2026-02-14 07:49:15+00	8	합격	\N	0	11.996	12.000
3356	3809	2026-02-14 05:39:18+00	8	합격	\N	0	16.001	16.000
3357	3810	2026-02-13 01:47:01+00	8	합격	\N	0	2.998	3.000
3358	3811	2026-02-14 01:34:45+00	8	합격	\N	0	5.000	5.000
3359	3812	2026-02-13 08:54:38+00	8	합격	\N	0	19.997	20.000
3360	3813	2026-02-14 08:56:48+00	8	합격	스크래치	4	29.996	30.000
3361	3814	2026-02-14 07:27:27+00	8	합격	버(burr)	11	10.000	10.000
3362	3815	2026-02-13 00:02:49+00	8	합격	표면조도불량	8	10.002	10.000
3363	3816	2026-02-13 06:06:42+00	8	합격	표면조도불량	9	11.999	12.000
3364	3818	2026-02-13 02:14:51+00	8	합격	표면조도불량	4	40.005	40.000
3365	3819	2026-02-14 08:35:45+00	8	합격	\N	0	8.001	8.000
3366	3822	2026-02-14 09:43:30+00	8	합격	\N	0	5.000	5.000
3367	3823	2026-02-15 08:41:21+00	8	합격	스크래치	12	20.003	20.000
3368	3824	2026-02-15 09:28:03+00	8	합격	\N	0	29.997	30.000
3369	3825	2026-02-14 03:13:30+00	8	합격	\N	0	10.001	10.000
3370	3826	2026-02-15 07:45:09+00	8	합격	\N	0	10.002	10.000
3371	3828	2026-02-14 04:27:24+00	8	합격	스크래치	5	39.997	40.000
3372	3829	2026-02-20 06:04:29+00	8	합격	\N	0	11.999	12.000
3373	3830	2026-02-20 01:47:39+00	8	합격	\N	0	16.001	16.000
3374	3831	2026-02-19 06:32:50+00	8	합격	버(burr)	16	2.997	3.000
3375	3832	2026-02-20 08:23:24+00	8	합격	표면조도불량	18	4.996	5.000
3376	3833	2026-02-20 06:44:26+00	8	합격	스크래치	6	20.001	20.000
3377	3834	2026-02-20 08:41:38+00	8	합격	스크래치	4	29.999	30.000
3378	3835	2026-02-19 03:25:31+00	8	합격	스크래치	11	9.998	10.000
3379	3836	2026-02-19 05:03:28+00	8	합격	\N	0	12.003	12.000
3380	3837	2026-02-20 02:08:57+00	8	합격	\N	0	12.001	12.000
3381	3838	2026-02-20 08:40:42+00	8	합격	버(burr)	2	24.995	25.000
3382	3839	2026-02-20 09:57:27+00	8	합격	\N	0	7.999	8.000
3383	3840	2026-02-20 00:37:38+00	8	합격	\N	0	8.000	8.000
3384	3841	2026-02-20 08:12:33+00	8	합격	버(burr)	15	11.998	12.000
3385	3842	2026-02-21 06:05:01+00	8	합격	버(burr)	24	16.005	16.000
3386	3843	2026-02-20 06:39:04+00	8	합격	스크래치	35	3.004	3.000
3387	3844	2026-02-21 05:12:39+00	8	합격	\N	0	5.002	5.000
3388	3845	2026-02-20 09:21:05+00	8	합격	스크래치	11	19.998	20.000
3389	3846	2026-02-20 03:32:35+00	8	합격	표면조도불량	7	30.003	30.000
3390	3847	2026-02-20 03:23:23+00	8	합격	스크래치	7	9.998	10.000
3391	3848	2026-02-20 01:19:44+00	8	합격	\N	0	10.001	10.000
3392	3849	2026-02-21 02:35:46+00	8	합격	버(burr)	8	11.999	12.000
3393	3850	2026-02-21 01:59:56+00	8	합격	스크래치	7	11.997	12.000
3394	3853	2026-02-21 03:51:34+00	8	합격	스크래치	16	8.002	8.000
3395	3854	2026-02-21 04:13:49+00	8	합격	\N	0	7.999	8.000
3396	3855	2026-02-21 01:41:01+00	8	합격	\N	0	12.002	12.000
3397	3856	2026-02-22 01:47:08+00	8	합격	\N	0	15.995	16.000
3398	3857	2026-02-21 03:31:59+00	8	합격	버(burr)	27	2.999	3.000
3399	3858	2026-02-22 02:25:45+00	8	합격	\N	0	5.001	5.000
3400	3859	2026-02-22 08:51:41+00	8	합격	\N	0	20.004	20.000
3401	3861	2026-02-21 09:17:43+00	8	합격	\N	0	9.999	10.000
3402	3862	2026-02-21 05:32:57+00	8	합격	버(burr)	10	12.002	12.000
3403	3863	2026-02-22 01:07:46+00	8	합격	\N	0	12.000	12.000
3404	3865	2026-02-22 01:56:52+00	8	합격	\N	0	40.003	40.000
3405	3866	2026-02-24 03:26:38+00	8	합격	표면조도불량	15	7.997	8.000
3406	3867	2026-02-23 03:55:49+00	8	합격	표면조도불량	15	8.002	8.000
3407	3868	2026-02-24 08:59:58+00	8	합격	\N	0	11.996	12.000
3408	3869	2026-02-23 04:17:40+00	8	합격	표면조도불량	23	3.004	3.000
3409	3870	2026-02-24 01:06:39+00	8	합격	버(burr)	38	4.999	5.000
3410	3871	2026-02-23 03:56:34+00	8	합격	\N	0	19.999	20.000
3411	3872	2026-02-23 09:15:06+00	8	합격	버(burr)	8	29.998	30.000
3412	3873	2026-02-24 01:23:27+00	8	합격	\N	0	10.000	10.000
3413	3874	2026-02-24 05:48:12+00	8	합격	\N	0	10.001	10.000
3414	3875	2026-02-24 04:32:18+00	8	합격	\N	0	12.003	12.000
3415	3876	2026-02-23 00:47:12+00	8	합격	\N	0	39.997	40.000
3416	3877	2026-02-24 06:23:05+00	8	합격	\N	0	8.001	8.000
3417	3878	2026-02-25 00:55:57+00	8	합격	\N	0	7.998	8.000
3418	3879	2026-02-24 04:28:03+00	8	합격	\N	0	11.993	12.000
3419	3880	2026-02-25 01:34:14+00	8	합격	표면조도불량	15	16.002	16.000
3420	3881	2026-02-24 01:14:35+00	8	합격	\N	0	2.997	3.000
3421	3883	2026-02-24 06:08:07+00	8	합격	\N	0	9.998	10.000
3422	3884	2026-02-25 06:47:05+00	8	합격	스크래치	4	10.001	10.000
3423	3885	2026-02-24 08:34:12+00	8	합격	\N	0	12.000	12.000
3424	3886	2026-02-25 03:38:51+00	8	합격	버(burr)	3	39.993	40.000
3425	3887	2026-02-26 07:35:24+00	8	합격	표면조도불량	10	7.998	8.000
3426	3888	2026-02-26 04:53:32+00	8	합격	표면조도불량	8	12.006	12.000
3427	3889	2026-02-25 08:31:22+00	8	합격	버(burr)	19	15.994	16.000
3428	3890	2026-02-26 06:41:05+00	8	합격	\N	0	2.998	3.000
3429	3891	2026-02-25 02:39:55+00	8	합격	\N	0	4.999	5.000
3430	3892	2026-02-26 08:17:24+00	8	합격	\N	0	20.004	20.000
3431	3893	2026-02-25 08:43:25+00	8	합격	스크래치	7	30.001	30.000
3432	3894	2026-02-26 09:38:26+00	8	합격	\N	0	9.999	10.000
3433	3895	2026-02-26 08:38:25+00	8	합격	스크래치	5	10.000	10.000
3434	3896	2026-02-26 02:07:28+00	8	합격	표면조도불량	5	11.998	12.000
3435	3897	2026-02-26 06:02:09+00	8	합격	버(burr)	7	11.996	12.000
3436	3899	2026-02-26 08:12:14+00	8	합격	\N	0	40.004	40.000
3437	3900	2026-02-27 04:11:14+00	8	합격	스크래치	8	8.003	8.000
3438	3901	2026-02-27 05:33:56+00	8	합격	스크래치	7	8.001	8.000
3439	3902	2026-02-26 06:08:09+00	8	합격	\N	0	12.004	12.000
3440	3903	2026-02-26 01:36:57+00	8	합격	\N	0	15.998	16.000
3441	3904	2026-02-26 06:30:44+00	8	합격	\N	0	2.998	3.000
3442	3905	2026-02-26 03:50:52+00	8	합격	\N	0	4.997	5.000
3443	3907	2026-02-27 04:01:29+00	8	합격	\N	0	29.999	30.000
3444	3908	2026-02-26 01:36:43+00	8	합격	\N	0	9.998	10.000
3445	3909	2026-02-26 05:45:38+00	8	합격	\N	0	12.001	12.000
3446	3911	2026-02-27 05:49:28+00	8	합격	표면조도불량	2	25.004	25.000
3447	3912	2026-02-27 00:37:09+00	8	합격	\N	0	39.993	40.000
3448	3913	2026-02-28 04:51:34+00	8	합격	버(burr)	9	8.002	8.000
3449	3914	2026-02-28 01:36:46+00	8	합격	표면조도불량	18	8.001	8.000
3450	3915	2026-02-27 04:35:37+00	8	합격	버(burr)	22	12.002	12.000
3451	3916	2026-02-27 09:30:19+00	8	합격	표면조도불량	16	3.002	3.000
3452	3917	2026-02-27 05:55:43+00	8	합격	\N	0	5.000	5.000
3453	3919	2026-02-27 04:58:14+00	8	합격	\N	0	30.003	30.000
3454	3920	2026-02-28 01:37:23+00	8	합격	\N	0	10.002	10.000
3455	3922	2026-02-27 02:48:16+00	8	합격	표면조도불량	8	11.996	12.000
3456	3923	2026-02-27 03:13:06+00	8	합격	스크래치	3	24.998	25.000
3457	3925	2026-02-28 02:26:14+00	8	합격	버(burr)	5	7.999	8.000
3458	3926	2026-02-28 03:59:31+00	8	합격	\N	0	7.998	8.000
3459	3927	2026-03-01 03:57:44+00	8	합격	스크래치	24	16.005	16.000
3460	3928	2026-02-28 02:31:44+00	8	합격	\N	0	3.002	3.000
3461	3929	2026-02-28 02:50:45+00	8	합격	버(burr)	27	5.004	5.000
3462	3930	2026-03-01 00:52:23+00	8	합격	\N	0	20.003	20.000
3463	3931	2026-03-01 05:30:43+00	8	합격	버(burr)	11	9.998	10.000
3464	3932	2026-02-28 08:17:21+00	8	합격	표면조도불량	7	9.998	10.000
3465	3933	2026-02-28 03:44:29+00	8	합격	표면조도불량	4	39.995	40.000
3466	3934	2026-03-03 05:56:05+00	8	합격	스크래치	15	7.998	8.000
3467	3935	2026-03-02 06:44:50+00	8	합격	\N	0	8.002	8.000
3468	3936	2026-03-03 00:55:45+00	8	합격	\N	0	11.994	12.000
3469	3937	2026-03-03 02:01:00+00	8	합격	버(burr)	28	15.999	16.000
3470	3939	2026-03-03 07:34:41+00	8	합격	표면조도불량	11	20.003	20.000
3471	3940	2026-03-03 00:44:55+00	8	합격	\N	0	10.001	10.000
3472	3941	2026-03-02 02:28:27+00	8	합격	버(burr)	7	10.002	10.000
3473	3942	2026-03-02 04:39:01+00	8	합격	\N	0	12.004	12.000
3474	3943	2026-03-02 06:14:38+00	8	합격	표면조도불량	7	11.997	12.000
3475	3944	2026-03-03 04:08:22+00	8	합격	\N	0	25.001	25.000
3476	3945	2026-03-02 07:37:03+00	8	합격	표면조도불량	2	40.004	40.000
3477	3946	2026-03-03 04:54:34+00	8	합격	버(burr)	15	7.997	8.000
3478	3947	2026-03-04 09:51:34+00	8	합격	스크래치	40	3.000	3.000
3479	3948	2026-03-04 08:28:41+00	8	합격	\N	0	20.002	20.000
3480	3949	2026-03-04 00:21:12+00	8	합격	표면조도불량	10	29.998	30.000
3481	3950	2026-03-04 06:54:39+00	8	합격	\N	0	10.001	10.000
3482	3951	2026-03-04 05:22:28+00	8	합격	\N	0	11.998	12.000
3483	3952	2026-03-03 06:54:17+00	8	합격	버(burr)	11	11.997	12.000
3484	3953	2026-03-04 05:10:22+00	8	합격	\N	0	39.995	40.000
3485	3954	2026-03-05 04:13:01+00	8	합격	표면조도불량	17	8.000	8.000
3486	3955	2026-03-04 07:06:21+00	8	합격	표면조도불량	28	2.999	3.000
3487	3956	2026-03-04 02:31:09+00	8	합격	\N	0	4.996	5.000
3488	3957	2026-03-05 05:55:57+00	8	합격	스크래치	13	19.999	20.000
3489	3958	2026-03-05 02:18:14+00	8	합격	표면조도불량	13	29.998	30.000
3490	3959	2026-03-05 01:20:50+00	8	합격	\N	0	9.998	10.000
3491	3960	2026-03-05 04:34:09+00	8	합격	버(burr)	6	12.002	12.000
3492	3961	2026-03-05 03:14:46+00	8	합격	스크래치	10	12.001	12.000
3493	3962	2026-03-05 03:55:07+00	8	합격	\N	0	7.998	8.000
3494	3963	2026-03-06 03:11:52+00	8	합격	표면조도불량	13	8.001	8.000
3495	3964	2026-03-06 02:29:11+00	8	합격	표면조도불량	16	11.997	12.000
3496	3965	2026-03-06 05:21:08+00	8	합격	\N	0	4.998	5.000
3497	3966	2026-03-05 06:44:29+00	8	합격	스크래치	12	20.000	20.000
3498	3968	2026-03-06 04:09:01+00	8	합격	버(burr)	11	10.002	10.000
3499	3969	2026-03-06 08:40:59+00	8	합격	스크래치	10	10.001	10.000
3500	3970	2026-03-06 07:34:48+00	8	합격	표면조도불량	10	12.002	12.000
3501	3971	2026-03-05 04:39:53+00	8	합격	\N	0	11.996	12.000
3502	3972	2026-03-05 04:46:44+00	8	합격	\N	0	24.995	25.000
3503	3973	2026-03-06 09:58:51+00	8	합격	표면조도불량	6	39.995	40.000
3504	3975	2026-03-06 00:43:09+00	8	합격	\N	0	11.998	12.000
3505	3976	2026-03-06 03:02:46+00	8	합격	\N	0	16.002	16.000
3506	3977	2026-03-06 06:49:03+00	8	합격	\N	0	2.996	3.000
3507	3978	2026-03-07 02:27:35+00	8	합격	스크래치	31	4.996	5.000
3508	3979	2026-03-07 00:34:46+00	8	합격	버(burr)	7	20.000	20.000
3509	3980	2026-03-07 01:00:00+00	8	합격	\N	0	30.004	30.000
3510	3981	2026-03-06 05:19:25+00	8	합격	\N	0	9.999	10.000
3511	3982	2026-03-06 05:15:15+00	8	합격	스크래치	5	11.999	12.000
3512	3983	2026-03-06 08:23:36+00	8	합격	\N	0	12.003	12.000
3513	3984	2026-03-07 09:40:07+00	8	합격	버(burr)	4	25.005	25.000
3514	3985	2026-03-07 08:32:24+00	8	합격	\N	0	40.007	40.000
3515	3987	2026-03-08 04:51:11+00	8	합격	\N	0	5.000	5.000
3516	3988	2026-03-07 04:55:48+00	8	합격	표면조도불량	16	19.999	20.000
3517	3989	2026-03-08 00:06:12+00	8	합격	표면조도불량	5	29.996	30.000
3518	3990	2026-03-08 07:58:59+00	8	합격	표면조도불량	8	9.999	10.000
3519	3991	2026-03-07 04:18:21+00	8	합격	스크래치	7	10.000	10.000
3520	3992	2026-03-08 08:53:33+00	8	합격	\N	0	12.003	12.000
3521	3993	2026-03-08 09:17:06+00	8	합격	스크래치	10	11.997	12.000
3522	3994	2026-03-07 00:01:28+00	8	합격	스크래치	7	24.999	25.000
3523	3995	2026-03-07 03:08:25+00	8	합격	표면조도불량	2	40.002	40.000
3524	3996	2026-03-09 04:52:37+00	8	합격	\N	0	8.004	8.000
3525	3997	2026-03-09 09:12:01+00	8	합격	표면조도불량	10	8.004	8.000
3526	3998	2026-03-09 04:32:46+00	8	합격	버(burr)	17	12.006	12.000
3527	3999	2026-03-09 04:18:33+00	8	합격	스크래치	32	15.993	16.000
3528	4000	2026-03-09 06:48:17+00	8	합격	스크래치	54	3.002	3.000
3529	4001	2026-03-09 01:01:20+00	8	합격	표면조도불량	12	29.999	30.000
3530	4002	2026-03-10 01:02:42+00	8	합격	스크래치	16	10.001	10.000
3531	4003	2026-03-09 01:28:44+00	8	합격	스크래치	7	12.003	12.000
3532	4004	2026-03-09 08:22:35+00	8	합격	\N	0	11.997	12.000
3533	4005	2026-03-09 01:16:56+00	8	합격	\N	0	25.003	25.000
3534	4006	2026-03-09 06:51:35+00	8	합격	표면조도불량	2	39.996	40.000
3535	4007	2026-03-10 05:59:56+00	8	합격	표면조도불량	9	7.999	8.000
3536	4008	2026-03-11 08:58:29+00	8	합격	\N	0	8.002	8.000
3537	4009	2026-03-11 07:17:08+00	8	합격	버(burr)	21	11.995	12.000
3538	4010	2026-03-10 08:19:19+00	8	합격	\N	0	16.002	16.000
3539	4011	2026-03-11 05:32:37+00	8	합격	표면조도불량	45	2.997	3.000
3540	4012	2026-03-11 00:11:55+00	8	합격	표면조도불량	25	5.001	5.000
3541	4013	2026-03-10 06:42:23+00	8	합격	\N	0	20.002	20.000
3542	4014	2026-03-10 07:16:15+00	8	합격	스크래치	11	29.996	30.000
3543	4015	2026-03-10 02:30:16+00	8	합격	스크래치	7	9.999	10.000
3544	4016	2026-03-10 05:35:40+00	8	합격	표면조도불량	5	10.001	10.000
3545	4017	2026-03-11 04:13:44+00	8	합격	\N	0	12.003	12.000
3546	4018	2026-03-11 05:11:45+00	8	합격	\N	0	12.003	12.000
3547	4019	2026-03-10 09:31:53+00	8	합격	버(burr)	6	24.994	25.000
3548	4020	2026-03-11 04:36:01+00	8	합격	버(burr)	4	39.997	40.000
3549	4021	2026-03-12 08:43:50+00	8	합격	표면조도불량	12	7.998	8.000
3550	4022	2026-03-11 09:11:03+00	8	합격	스크래치	27	12.003	12.000
3551	4024	2026-03-11 03:24:09+00	8	합격	\N	0	4.997	5.000
3552	4025	2026-03-11 07:43:33+00	8	합격	버(burr)	14	20.002	20.000
3553	4026	2026-03-11 09:13:50+00	8	합격	표면조도불량	9	30.004	30.000
3554	4027	2026-03-12 07:59:02+00	8	합격	표면조도불량	13	10.000	10.000
3555	4028	2026-03-12 02:09:18+00	8	합격	\N	0	10.000	10.000
3556	4029	2026-03-11 09:28:27+00	8	합격	표면조도불량	12	12.000	12.000
3557	4030	2026-03-12 07:48:10+00	8	합격	버(burr)	11	12.000	12.000
3558	4032	2026-03-13 02:22:38+00	8	합격	표면조도불량	15	7.999	8.000
3559	4033	2026-03-12 00:01:42+00	8	합격	표면조도불량	23	11.998	12.000
3560	4034	2026-03-12 08:00:43+00	8	합격	\N	0	16.002	16.000
3561	4035	2026-03-13 01:48:31+00	8	합격	스크래치	40	2.997	3.000
3562	4036	2026-03-12 02:06:53+00	8	합격	\N	0	5.004	5.000
3563	4037	2026-03-13 08:03:31+00	8	합격	\N	0	20.000	20.000
3564	4038	2026-03-12 07:41:28+00	8	합격	버(burr)	7	30.002	30.000
3565	4039	2026-03-13 02:04:37+00	8	합격	\N	0	9.999	10.000
3566	4040	2026-03-13 00:21:59+00	8	합격	버(burr)	9	10.002	10.000
3567	4042	2026-03-13 01:21:27+00	8	합격	\N	0	12.001	12.000
3568	4043	2026-03-13 04:44:49+00	8	합격	\N	0	25.006	25.000
3569	4044	2026-03-13 00:32:57+00	8	합격	버(burr)	2	39.995	40.000
3570	4045	2026-03-13 05:05:49+00	8	합격	표면조도불량	6	8.000	8.000
3571	4048	2026-03-13 08:13:56+00	8	합격	버(burr)	22	3.004	3.000
3572	4049	2026-03-13 03:40:48+00	8	합격	\N	0	4.998	5.000
3573	4051	2026-03-13 00:45:59+00	8	합격	스크래치	6	30.004	30.000
3574	4052	2026-03-14 05:02:57+00	8	합격	표면조도불량	10	10.001	10.000
3575	4053	2026-03-14 02:07:48+00	8	합격	\N	0	10.001	10.000
3576	4054	2026-03-14 01:29:58+00	8	합격	표면조도불량	8	12.001	12.000
3577	4055	2026-03-14 00:45:53+00	8	합격	버(burr)	7	11.998	12.000
3578	4056	2026-03-13 09:03:45+00	8	합격	\N	0	39.999	40.000
3579	4057	2026-03-14 06:06:59+00	8	합격	\N	0	8.003	8.000
3580	4059	2026-03-15 02:44:50+00	8	합격	스크래치	18	11.993	12.000
3581	4060	2026-03-14 00:33:00+00	8	합격	\N	0	2.997	3.000
3582	4062	2026-03-15 09:37:34+00	8	합격	\N	0	30.001	30.000
3583	4065	2026-03-15 03:38:13+00	8	합격	표면조도불량	10	11.998	12.000
3584	4066	2026-03-14 06:59:52+00	8	합격	스크래치	3	24.997	25.000
3585	4067	2026-03-14 07:49:00+00	8	합격	스크래치	3	40.005	40.000
3586	4068	2026-03-17 01:23:54+00	8	합격	\N	0	7.996	8.000
3587	4070	2026-03-17 00:07:06+00	8	합격	\N	0	15.995	16.000
3588	4071	2026-03-16 08:35:37+00	8	합격	\N	0	20.000	20.000
3589	4072	2026-03-17 02:10:30+00	8	합격	버(burr)	7	30.004	30.000
3590	4073	2026-03-16 07:09:54+00	8	합격	버(burr)	6	9.999	10.000
3591	4074	2026-03-16 05:26:13+00	8	합격	버(burr)	9	9.998	10.000
3592	4075	2026-03-17 03:13:10+00	8	합격	버(burr)	4	11.996	12.000
3593	4076	2026-03-17 06:18:18+00	8	합격	\N	0	12.001	12.000
3594	4077	2026-03-17 04:22:22+00	8	합격	버(burr)	5	39.998	40.000
3595	4078	2026-03-18 06:27:06+00	8	합격	\N	0	7.996	8.000
3596	4079	2026-03-17 03:57:23+00	8	합격	스크래치	16	7.997	8.000
3597	4080	2026-03-17 08:43:15+00	8	합격	버(burr)	16	16.005	16.000
3598	4082	2026-03-17 09:04:56+00	8	합격	버(burr)	40	5.000	5.000
3599	4083	2026-03-17 06:17:58+00	8	합격	스크래치	4	20.002	20.000
3600	4085	2026-03-18 07:32:31+00	8	합격	\N	0	10.001	10.000
3601	4086	2026-03-18 07:12:50+00	8	합격	버(burr)	4	12.004	12.000
3602	4087	2026-03-17 04:20:49+00	8	합격	스크래치	7	12.001	12.000
3603	4088	2026-03-18 06:46:01+00	8	합격	\N	0	39.993	40.000
3604	4089	2026-03-19 09:49:51+00	8	합격	스크래치	14	7.999	8.000
3605	4090	2026-03-19 07:42:42+00	8	합격	표면조도불량	13	8.003	8.000
3606	4091	2026-03-18 01:19:59+00	8	합격	\N	0	12.007	12.000
3607	4092	2026-03-19 03:43:54+00	8	합격	\N	0	15.998	16.000
3608	4094	2026-03-18 09:11:01+00	8	합격	\N	0	4.996	5.000
3609	4095	2026-03-19 07:39:17+00	8	합격	표면조도불량	13	30.004	30.000
3610	4096	2026-03-18 01:18:43+00	8	합격	스크래치	6	10.000	10.000
3611	4097	2026-03-18 07:50:42+00	8	합격	버(burr)	8	10.001	10.000
3612	4098	2026-03-18 09:53:33+00	8	합격	버(burr)	6	11.997	12.000
3613	4099	2026-03-18 05:10:22+00	8	합격	표면조도불량	6	12.001	12.000
3614	4100	2026-03-18 02:32:41+00	8	합격	표면조도불량	6	25.000	25.000
3615	4101	2026-03-19 01:12:08+00	8	합격	표면조도불량	20	8.004	8.000
3616	4102	2026-03-19 00:31:59+00	8	합격	버(burr)	13	11.998	12.000
3617	4103	2026-03-19 01:57:13+00	8	합격	버(burr)	24	16.003	16.000
3618	4104	2026-03-20 09:17:44+00	8	합격	\N	0	4.996	5.000
3619	4105	2026-03-20 06:38:34+00	8	합격	스크래치	12	20.004	20.000
3620	4106	2026-03-19 01:15:21+00	8	합격	스크래치	6	30.004	30.000
3621	4107	2026-03-19 09:50:44+00	8	합격	버(burr)	9	10.000	10.000
3622	4108	2026-03-20 07:43:10+00	8	합격	버(burr)	5	10.002	10.000
3623	4109	2026-03-19 09:44:59+00	8	합격	\N	0	12.000	12.000
3624	4110	2026-03-19 01:25:59+00	8	합격	\N	0	11.997	12.000
3625	4111	2026-03-20 08:08:40+00	8	합격	버(burr)	5	25.003	25.000
3626	4112	2026-03-19 03:19:58+00	8	합격	스크래치	4	40.001	40.000
3627	4113	2026-03-21 02:57:42+00	8	합격	표면조도불량	11	7.996	8.000
3628	4115	2026-03-21 01:40:07+00	8	합격	표면조도불량	21	12.007	12.000
3629	4116	2026-03-20 05:43:21+00	8	합격	\N	0	16.002	16.000
3630	4117	2026-03-20 05:45:46+00	8	합격	표면조도불량	12	20.001	20.000
3631	4118	2026-03-20 01:56:49+00	8	합격	\N	0	29.998	30.000
3632	4120	2026-03-21 08:40:55+00	8	합격	표면조도불량	2	24.999	25.000
3633	4121	2026-03-20 07:22:17+00	8	합격	\N	0	40.004	40.000
3634	4122	2026-03-21 03:06:58+00	8	합격	스크래치	18	8.003	8.000
3635	4123	2026-03-22 07:26:54+00	8	합격	\N	0	7.999	8.000
3636	4124	2026-03-22 09:43:31+00	8	합격	표면조도불량	16	11.993	12.000
3637	4125	2026-03-22 07:54:08+00	8	합격	\N	0	15.998	16.000
3638	4126	2026-03-21 01:55:36+00	8	합격	스크래치	16	2.997	3.000
3639	4127	2026-03-22 07:07:33+00	8	합격	\N	0	4.996	5.000
3640	4128	2026-03-22 08:34:59+00	8	합격	\N	0	19.997	20.000
3641	4129	2026-03-21 06:28:54+00	8	합격	버(burr)	10	10.002	10.000
3642	4130	2026-03-21 05:09:20+00	8	합격	\N	0	10.001	10.000
3643	4131	2026-03-21 06:43:51+00	8	합격	\N	0	12.000	12.000
3644	4132	2026-03-21 00:33:32+00	8	합격	표면조도불량	3	24.997	25.000
3645	4133	2026-03-22 08:20:27+00	8	합격	스크래치	4	40.003	40.000
3646	4134	2026-03-23 01:58:51+00	8	합격	\N	0	7.998	8.000
3647	4135	2026-03-24 09:27:49+00	8	합격	\N	0	7.999	8.000
3648	4137	2026-03-23 02:34:31+00	8	합격	스크래치	12	15.997	16.000
3649	4139	2026-03-23 00:48:51+00	8	합격	\N	0	5.003	5.000
3650	4140	2026-03-23 00:18:30+00	8	합격	버(burr)	6	20.000	20.000
3651	4141	2026-03-24 05:42:21+00	8	합격	\N	0	30.003	30.000
3652	4142	2026-03-23 00:30:38+00	8	합격	\N	0	10.000	10.000
3653	4143	2026-03-24 03:15:09+00	8	합격	스크래치	9	11.998	12.000
3654	4144	2026-03-23 09:27:00+00	8	합격	표면조도불량	7	11.999	12.000
3655	4145	2026-03-23 09:20:19+00	8	합격	표면조도불량	3	25.004	25.000
3656	4146	2026-03-23 05:51:17+00	8	합격	표면조도불량	4	40.000	40.000
3657	4147	2026-03-25 03:23:59+00	8	합격	\N	0	7.996	8.000
3658	4148	2026-03-24 01:26:25+00	8	합격	\N	0	7.998	8.000
3659	4149	2026-03-24 09:06:39+00	8	합격	\N	0	12.000	12.000
3660	4150	2026-03-24 02:30:13+00	8	합격	\N	0	16.007	16.000
3661	4152	2026-03-25 03:55:08+00	8	합격	버(burr)	41	5.002	5.000
3662	4153	2026-03-24 06:02:21+00	8	합격	\N	0	20.003	20.000
3663	4154	2026-03-25 05:51:33+00	8	합격	표면조도불량	8	29.999	30.000
3664	4155	2026-03-24 02:26:44+00	8	합격	버(burr)	7	10.001	10.000
3665	4157	2026-03-25 06:21:18+00	8	합격	\N	0	25.001	25.000
3666	4158	2026-03-24 05:26:11+00	8	합격	표면조도불량	5	39.999	40.000
3667	4159	2026-03-25 00:07:17+00	8	합격	버(burr)	9	8.000	8.000
3668	4160	2026-03-25 07:59:33+00	8	합격	\N	0	12.007	12.000
3669	4161	2026-03-26 06:25:09+00	8	합격	버(burr)	22	3.002	3.000
3670	4162	2026-03-25 08:02:47+00	8	합격	\N	0	5.001	5.000
3671	4164	2026-03-25 03:39:18+00	8	합격	버(burr)	11	30.001	30.000
3672	4165	2026-03-25 07:30:15+00	8	합격	표면조도불량	8	10.000	10.000
3673	4166	2026-03-26 06:44:35+00	8	합격	\N	0	9.999	10.000
3674	4167	2026-03-26 02:01:21+00	8	합격	표면조도불량	7	11.998	12.000
3675	4168	2026-03-25 05:06:40+00	8	합격	버(burr)	12	12.003	12.000
3676	4170	2026-03-25 05:44:43+00	8	합격	표면조도불량	4	40.002	40.000
3677	4171	2026-03-27 02:37:29+00	8	합격	\N	0	8.003	8.000
3678	4172	2026-03-27 09:59:45+00	8	합격	표면조도불량	9	7.996	8.000
3679	4173	2026-03-27 07:11:25+00	8	합격	스크래치	33	12.000	12.000
3680	4174	2026-03-26 07:07:33+00	8	합격	버(burr)	23	2.996	3.000
3681	4175	2026-03-27 02:19:18+00	8	합격	\N	0	5.000	5.000
3682	4177	2026-03-27 09:39:03+00	8	합격	\N	0	10.000	10.000
3683	4178	2026-03-27 06:43:08+00	8	합격	표면조도불량	6	12.004	12.000
3684	4179	2026-03-27 00:49:35+00	8	합격	스크래치	9	11.999	12.000
3685	4180	2026-03-26 06:46:57+00	8	합격	\N	0	25.004	25.000
3686	4181	2026-03-27 09:38:57+00	8	합격	\N	0	40.003	40.000
3687	4182	2026-03-27 03:33:08+00	8	합격	스크래치	14	8.003	8.000
3688	4183	2026-03-28 04:04:57+00	8	합격	\N	0	8.001	8.000
3689	4185	2026-03-27 07:57:30+00	8	합격	표면조도불량	16	3.003	3.000
3690	4186	2026-03-27 03:23:24+00	8	합격	\N	0	20.001	20.000
3691	4187	2026-03-28 03:14:52+00	8	합격	\N	0	30.003	30.000
3692	4188	2026-03-28 01:33:39+00	8	합격	\N	0	10.000	10.000
3693	4189	2026-03-28 06:17:17+00	8	합격	표면조도불량	5	9.998	10.000
3694	4190	2026-03-27 09:08:09+00	8	합격	스크래치	6	11.999	12.000
3695	4191	2026-03-28 08:53:24+00	8	합격	버(burr)	5	25.000	25.000
3696	4192	2026-03-28 01:45:20+00	8	합격	\N	0	40.004	40.000
3697	4193	2026-03-28 04:14:17+00	8	합격	스크래치	19	7.997	8.000
3698	4194	2026-03-29 07:08:58+00	8	합격	\N	0	12.001	12.000
3699	4196	2026-03-28 07:42:20+00	8	합격	\N	0	2.999	3.000
3700	4197	2026-03-28 02:20:07+00	8	합격	스크래치	37	4.997	5.000
3701	4198	2026-03-29 05:58:47+00	8	합격	\N	0	20.001	20.000
3702	4199	2026-03-28 08:24:34+00	8	합격	표면조도불량	7	29.999	30.000
3703	4201	2026-03-29 02:27:47+00	8	합격	버(burr)	11	12.003	12.000
3704	4202	2026-03-29 00:26:16+00	8	합격	스크래치	2	25.000	25.000
3705	4203	2026-03-30 04:42:53+00	8	합격	\N	0	7.998	8.000
3706	4204	2026-03-31 08:23:34+00	8	합격	\N	0	11.998	12.000
3707	4205	2026-03-31 02:35:55+00	8	합격	버(burr)	19	16.000	16.000
3708	4206	2026-03-31 07:23:40+00	8	합격	\N	0	3.001	3.000
3709	4207	2026-03-31 04:02:19+00	8	합격	\N	0	5.000	5.000
3710	4208	2026-03-31 06:17:21+00	8	합격	표면조도불량	12	19.998	20.000
3711	4209	2026-03-30 07:30:34+00	8	합격	\N	0	10.002	10.000
3712	4210	2026-03-31 08:19:37+00	8	합격	스크래치	11	9.998	10.000
3713	4211	2026-03-30 05:21:21+00	8	합격	\N	0	12.000	12.000
3714	4212	2026-03-30 01:22:48+00	8	합격	버(burr)	6	12.001	12.000
3715	4213	2026-03-30 04:51:20+00	8	합격	\N	0	25.005	25.000
3716	4214	2026-03-30 00:06:04+00	8	합격	\N	0	39.996	40.000
3717	4215	2026-04-01 05:13:50+00	8	합격	\N	0	7.996	8.000
3718	4217	2026-03-31 04:22:26+00	8	합격	스크래치	24	12.003	12.000
3719	4218	2026-04-01 01:20:01+00	8	합격	\N	0	16.006	16.000
3720	4219	2026-04-01 03:51:05+00	8	합격	버(burr)	46	3.002	3.000
3721	4220	2026-03-31 05:43:38+00	8	합격	\N	0	4.999	5.000
3722	4221	2026-04-01 07:50:30+00	8	합격	버(burr)	11	20.002	20.000
3723	4222	2026-04-01 06:18:08+00	8	합격	\N	0	29.996	30.000
3724	4223	2026-04-01 01:52:42+00	8	합격	\N	0	10.002	10.000
3725	4225	2026-03-31 00:52:36+00	8	합격	표면조도불량	12	11.998	12.000
3726	4226	2026-03-31 09:56:34+00	8	합격	버(burr)	12	11.996	12.000
3727	4227	2026-03-31 08:18:12+00	8	합격	스크래치	2	40.006	40.000
3728	4228	2026-04-01 02:13:50+00	8	합격	\N	0	8.004	8.000
3729	4229	2026-04-02 08:08:26+00	8	합격	표면조도불량	23	12.005	12.000
3730	4230	2026-04-02 06:43:36+00	8	합격	스크래치	34	3.003	3.000
3731	4231	2026-04-02 01:25:27+00	8	합격	스크래치	17	5.004	5.000
3732	4232	2026-04-02 03:17:52+00	8	합격	\N	0	19.998	20.000
3733	4233	2026-04-02 06:42:58+00	8	합격	스크래치	11	30.001	30.000
3734	4235	2026-04-02 05:18:24+00	8	합격	\N	0	10.001	10.000
3735	4236	2026-04-02 00:42:14+00	8	합격	\N	0	11.998	12.000
3736	4237	2026-04-01 08:20:37+00	8	합격	스크래치	10	11.998	12.000
3737	4239	2026-04-02 00:40:31+00	8	합격	\N	0	40.000	40.000
3738	4241	2026-04-02 01:13:10+00	8	합격	표면조도불량	36	12.007	12.000
3739	4242	2026-04-02 00:56:21+00	8	합격	\N	0	15.993	16.000
3740	4243	2026-04-02 08:57:47+00	8	합격	\N	0	2.998	3.000
3741	4244	2026-04-02 01:05:22+00	8	합격	\N	0	5.000	5.000
3742	4245	2026-04-03 00:18:46+00	8	합격	표면조도불량	14	19.996	20.000
3743	4246	2026-04-03 00:42:26+00	8	합격	표면조도불량	14	29.999	30.000
3744	4247	2026-04-02 07:19:31+00	8	합격	표면조도불량	7	9.998	10.000
3745	4248	2026-04-02 06:34:46+00	8	합격	버(burr)	5	9.998	10.000
3746	4249	2026-04-03 06:58:35+00	8	합격	버(burr)	4	12.001	12.000
3747	4250	2026-04-02 06:44:47+00	8	합격	\N	0	11.997	12.000
3748	4251	2026-04-02 06:10:43+00	8	합격	\N	0	39.998	40.000
3749	4252	2026-04-04 07:55:16+00	8	합격	\N	0	8.001	8.000
3750	4253	2026-04-04 01:20:48+00	8	합격	\N	0	7.996	8.000
3751	4254	2026-04-03 08:58:13+00	8	합격	표면조도불량	31	11.998	12.000
3752	4255	2026-04-03 05:18:34+00	8	합격	표면조도불량	19	16.006	16.000
3753	4256	2026-04-03 01:23:40+00	8	합격	표면조도불량	20	2.998	3.000
3754	4257	2026-04-03 09:48:09+00	8	합격	표면조도불량	27	4.997	5.000
3755	4258	2026-04-04 06:03:55+00	8	합격	\N	0	19.998	20.000
3756	4259	2026-04-03 08:02:36+00	8	합격	\N	0	30.002	30.000
3757	4260	2026-04-04 07:59:44+00	8	합격	\N	0	10.000	10.000
3758	4261	2026-04-03 09:25:44+00	8	합격	버(burr)	11	10.000	10.000
3759	4262	2026-04-04 09:54:01+00	8	합격	스크래치	12	11.998	12.000
3760	4263	2026-04-03 03:45:13+00	8	합격	\N	0	25.005	25.000
3761	4264	2026-04-04 07:14:42+00	8	합격	스크래치	5	40.000	40.000
3762	4266	2026-04-04 06:18:48+00	8	합격	버(burr)	32	12.003	12.000
3763	4268	2026-04-05 01:45:16+00	8	합격	\N	0	2.999	3.000
3764	4269	2026-04-05 00:37:40+00	8	합격	스크래치	41	4.996	5.000
3765	4270	2026-04-04 02:49:34+00	8	합격	스크래치	7	30.004	30.000
3766	4271	2026-04-04 03:15:18+00	8	합격	\N	0	9.999	10.000
3767	4272	2026-04-04 09:48:24+00	8	합격	버(burr)	6	10.002	10.000
3768	4273	2026-04-05 00:21:38+00	8	합격	스크래치	5	12.004	12.000
3769	4274	2026-04-04 04:28:13+00	8	합격	표면조도불량	5	12.001	12.000
3770	4275	2026-04-04 00:32:16+00	8	합격	\N	0	25.005	25.000
3771	4276	2026-04-05 03:02:48+00	8	합격	\N	0	40.004	40.000
3772	4277	2026-04-06 06:34:37+00	8	합격	표면조도불량	21	8.003	8.000
3773	4279	2026-04-07 05:06:18+00	8	합격	\N	0	11.993	12.000
3774	4280	2026-04-07 02:43:47+00	8	합격	표면조도불량	15	16.003	16.000
3775	4281	2026-04-07 02:58:06+00	8	합격	\N	0	3.004	3.000
3776	4282	2026-04-07 07:25:14+00	8	합격	표면조도불량	44	5.004	5.000
3777	4284	2026-04-07 08:46:58+00	8	합격	\N	0	9.998	10.000
3778	4285	2026-04-07 05:49:08+00	8	합격	버(burr)	11	9.999	10.000
3779	4286	2026-04-07 00:28:08+00	8	합격	버(burr)	6	11.999	12.000
3780	4287	2026-04-07 07:18:37+00	8	합격	스크래치	7	24.995	25.000
3781	4288	2026-04-07 06:22:24+00	8	합격	\N	0	40.004	40.000
3782	4289	2026-04-07 08:41:47+00	8	합격	버(burr)	12	8.002	8.000
3783	4290	2026-04-07 09:19:27+00	8	합격	\N	0	7.999	8.000
3784	4291	2026-04-07 04:41:15+00	8	합격	\N	0	12.002	12.000
3785	4292	2026-04-08 05:37:59+00	8	합격	\N	0	16.002	16.000
3786	4293	2026-04-08 03:07:11+00	8	합격	표면조도불량	45	2.996	3.000
3787	4295	2026-04-07 07:23:29+00	8	합격	스크래치	17	19.999	20.000
3788	4296	2026-04-07 02:43:40+00	8	합격	\N	0	29.998	30.000
3789	4298	2026-04-08 08:43:42+00	8	합격	\N	0	10.001	10.000
3790	4299	2026-04-08 01:07:11+00	8	합격	스크래치	9	11.999	12.000
3791	4300	2026-04-07 06:08:57+00	8	합격	\N	0	12.002	12.000
3792	4301	2026-04-07 06:52:26+00	8	합격	표면조도불량	4	24.999	25.000
3793	4302	2026-04-08 09:50:33+00	8	합격	\N	0	8.000	8.000
3794	4303	2026-04-09 01:56:21+00	8	합격	표면조도불량	10	8.002	8.000
3795	4304	2026-04-08 09:04:42+00	8	합격	표면조도불량	26	11.998	12.000
3796	4305	2026-04-08 03:48:33+00	8	합격	\N	0	15.993	16.000
3797	4306	2026-04-09 02:00:37+00	8	합격	\N	0	3.000	3.000
3798	4307	2026-04-09 04:33:07+00	8	합격	\N	0	4.996	5.000
3799	4308	2026-04-09 07:04:00+00	8	합격	버(burr)	12	20.003	20.000
3800	4309	2026-04-09 04:21:08+00	8	합격	스크래치	5	29.996	30.000
3801	4310	2026-04-09 01:45:24+00	8	합격	\N	0	10.001	10.000
3802	4311	2026-04-09 09:52:46+00	8	합격	\N	0	12.000	12.000
3803	4312	2026-04-09 08:33:30+00	8	합격	\N	0	25.005	25.000
3804	4313	2026-04-08 01:42:36+00	8	합격	\N	0	40.005	40.000
3805	4314	2026-04-10 01:13:05+00	8	합격	\N	0	8.001	8.000
3806	4315	2026-04-10 02:11:23+00	8	합격	\N	0	7.997	8.000
3807	4316	2026-04-09 06:13:27+00	8	합격	\N	0	11.997	12.000
3808	4317	2026-04-10 09:25:34+00	8	합격	표면조도불량	29	16.000	16.000
3809	4318	2026-04-09 05:46:43+00	8	합격	\N	0	3.003	3.000
3810	4319	2026-04-10 03:20:34+00	8	합격	\N	0	20.001	20.000
3811	4320	2026-04-09 08:23:42+00	8	합격	\N	0	30.000	30.000
3812	4321	2026-04-09 01:52:29+00	8	합격	버(burr)	10	9.999	10.000
3813	4322	2026-04-09 01:42:57+00	8	합격	\N	0	9.998	10.000
3814	4323	2026-04-10 01:13:55+00	8	합격	\N	0	12.002	12.000
3815	4324	2026-04-10 01:34:35+00	8	합격	\N	0	12.004	12.000
3816	4325	2026-04-10 00:53:45+00	8	합격	스크래치	6	24.998	25.000
3817	4326	2026-04-10 03:23:21+00	8	합격	\N	0	8.001	8.000
3818	4327	2026-04-11 00:56:02+00	8	합격	버(burr)	15	8.003	8.000
3819	4328	2026-04-11 09:50:57+00	8	합격	\N	0	15.994	16.000
3820	4329	2026-04-10 01:58:43+00	8	합격	\N	0	4.999	5.000
3821	4330	2026-04-10 01:47:37+00	8	합격	\N	0	19.999	20.000
3822	4331	2026-04-10 09:32:51+00	8	합격	\N	0	30.000	30.000
3823	4332	2026-04-11 00:38:13+00	8	합격	\N	0	10.001	10.000
3824	4333	2026-04-11 07:16:29+00	8	합격	\N	0	9.999	10.000
3825	4334	2026-04-10 04:48:29+00	8	합격	\N	0	12.001	12.000
3826	4336	2026-04-11 01:16:38+00	8	합격	표면조도불량	10	8.000	8.000
3827	4337	2026-04-11 07:30:43+00	8	합격	\N	0	7.996	8.000
3828	4338	2026-04-12 05:40:05+00	8	합격	\N	0	12.003	12.000
3829	4339	2026-04-11 08:28:28+00	8	합격	스크래치	41	2.997	3.000
3830	4340	2026-04-11 08:31:25+00	8	합격	\N	0	4.999	5.000
3831	4341	2026-04-12 07:41:26+00	8	합격	\N	0	19.997	20.000
3832	4342	2026-04-11 00:17:00+00	8	합격	\N	0	10.000	10.000
3833	4343	2026-04-12 02:55:23+00	8	합격	스크래치	12	9.998	10.000
3834	4344	2026-04-11 09:57:07+00	8	합격	\N	0	12.002	12.000
3835	4345	2026-04-12 05:46:58+00	8	합격	\N	0	24.993	25.000
3836	4346	2026-04-12 08:12:17+00	8	합격	\N	0	39.995	40.000
3837	4347	2026-04-14 05:40:11+00	8	합격	버(burr)	9	7.999	8.000
3838	4348	2026-04-14 08:04:57+00	8	합격	표면조도불량	25	15.994	16.000
3839	4349	2026-04-13 06:55:48+00	8	합격	\N	0	3.001	3.000
3840	4350	2026-04-13 06:57:41+00	8	합격	스크래치	20	4.998	5.000
3841	4351	2026-04-13 09:55:21+00	8	합격	\N	0	19.998	20.000
3842	4352	2026-04-14 02:53:10+00	8	합격	스크래치	12	29.998	30.000
3843	4353	2026-04-14 03:08:12+00	8	합격	스크래치	7	10.000	10.000
3844	4354	2026-04-13 06:24:20+00	8	합격	버(burr)	10	10.002	10.000
3845	4355	2026-04-13 02:52:38+00	8	합격	스크래치	7	11.998	12.000
3846	4357	2026-04-14 00:07:07+00	8	합격	버(burr)	3	39.994	40.000
3847	4358	2026-04-14 08:17:42+00	8	합격	표면조도불량	15	7.997	8.000
3848	4359	2026-04-14 00:11:21+00	8	합격	\N	0	7.997	8.000
3849	4360	2026-04-15 06:53:53+00	8	합격	버(burr)	38	11.997	12.000
3850	4361	2026-04-15 01:02:57+00	8	합격	표면조도불량	30	15.997	16.000
3851	4362	2026-04-14 08:11:12+00	8	합격	\N	0	2.999	3.000
3852	4363	2026-04-14 09:20:50+00	8	합격	표면조도불량	46	4.998	5.000
3853	4364	2026-04-15 06:41:40+00	8	합격	버(burr)	17	19.997	20.000
3854	4365	2026-04-14 05:50:53+00	8	합격	버(burr)	10	10.000	10.000
3855	4366	2026-04-15 06:25:31+00	8	합격	\N	0	12.000	12.000
3856	4367	2026-04-15 09:14:15+00	8	합격	스크래치	6	24.996	25.000
3857	4368	2026-04-14 06:12:29+00	8	합격	\N	0	40.004	40.000
3858	4369	2026-04-15 03:56:02+00	8	합격	\N	0	8.000	8.000
3859	4370	2026-04-16 00:56:01+00	8	합격	\N	0	15.999	16.000
3860	4371	2026-04-16 08:35:15+00	8	합격	버(burr)	23	5.004	5.000
3861	4372	2026-04-16 03:57:48+00	8	합격	버(burr)	14	19.999	20.000
3862	4373	2026-04-15 03:25:19+00	8	불합격	치수공차이탈	13	12.023	12.000
3863	4374	2026-04-15 07:48:28+00	8	합격	\N	0	39.993	40.000
3864	4375	2026-04-17 06:02:02+00	8	합격	\N	0	8.004	8.000
3865	4376	2026-04-16 02:22:26+00	8	합격	스크래치	25	11.999	12.000
3866	4377	2026-04-16 03:13:53+00	8	합격	\N	0	15.994	16.000
3867	4378	2026-04-16 09:55:03+00	8	합격	\N	0	2.996	3.000
3868	4379	2026-04-16 00:07:54+00	8	합격	표면조도불량	45	5.002	5.000
3869	4380	2026-04-16 01:46:28+00	8	합격	\N	0	19.999	20.000
3870	4381	2026-04-17 00:07:39+00	8	합격	\N	0	29.997	30.000
3871	4382	2026-04-16 07:46:10+00	8	불합격	치수공차이탈	24	10.019	10.000
3872	4383	2026-04-17 03:10:02+00	8	불합격	치수공차이탈	19	12.022	12.000
3873	4384	2026-04-16 02:23:49+00	8	불합격	치수공차이탈	12	12.022	12.000
3874	4385	2026-04-16 09:59:44+00	8	합격	표면조도불량	6	40.004	40.000
3875	4386	2026-04-18 04:49:50+00	8	합격	\N	0	8.003	8.000
3876	4388	2026-04-17 07:56:36+00	8	합격	\N	0	11.997	12.000
3877	4389	2026-04-18 09:09:50+00	8	합격	스크래치	17	16.003	16.000
3878	4390	2026-04-18 07:20:42+00	8	합격	\N	0	3.001	3.000
3879	4391	2026-04-18 06:57:33+00	8	합격	스크래치	14	5.003	5.000
3880	4393	2026-04-17 00:34:52+00	8	불합격	치수공차이탈	28	10.018	10.000
3881	4394	2026-04-18 04:38:44+00	8	불합격	치수공차이탈	15	12.019	12.000
3882	4396	2026-04-18 09:23:42+00	8	합격	표면조도불량	5	39.997	40.000
3883	4397	2026-04-19 09:53:36+00	8	합격	\N	0	7.997	8.000
3884	4399	2026-04-18 02:18:48+00	8	합격	표면조도불량	11	12.007	12.000
3885	4400	2026-04-18 06:49:37+00	8	합격	표면조도불량	22	16.000	16.000
3886	4401	2026-04-19 02:58:49+00	8	합격	\N	0	2.999	3.000
3887	4402	2026-04-18 09:34:37+00	8	합격	표면조도불량	47	5.001	5.000
3888	4404	2026-04-18 05:16:04+00	8	합격	\N	0	30.002	30.000
3889	4405	2026-04-19 03:42:37+00	8	불합격	치수공차이탈	24	10.021	10.000
3890	4406	2026-04-18 03:32:44+00	8	불합격	치수공차이탈	12	12.026	12.000
3891	4407	2026-04-18 03:40:58+00	8	합격	\N	0	24.993	25.000
3892	4408	2026-04-18 02:53:37+00	8	합격	버(burr)	2	39.998	40.000
3893	4409	2026-04-20 04:44:37+00	8	합격	\N	0	8.000	8.000
3894	4410	2026-04-20 06:48:45+00	8	합격	버(burr)	14	15.995	16.000
3895	4411	2026-04-20 07:39:11+00	8	합격	\N	0	3.004	3.000
3896	4412	2026-04-20 07:14:45+00	8	합격	\N	0	4.999	5.000
3897	4413	2026-04-20 01:39:45+00	8	합격	버(burr)	11	20.003	20.000
3898	4414	2026-04-20 08:51:36+00	8	불합격	치수공차이탈	15	10.014	10.000
3899	4415	2026-04-20 07:50:24+00	8	불합격	치수공차이탈	14	12.020	12.000
3900	4416	2026-04-21 09:57:38+00	8	불합격	치수공차이탈	14	12.020	12.000
3901	4417	2026-04-21 04:49:26+00	8	합격	버(burr)	4	25.005	25.000
3902	4418	2026-04-21 08:52:29+00	8	합격	\N	0	40.002	40.000
3903	4419	2026-04-22 01:08:55+00	8	합격	\N	0	7.999	8.000
3904	4420	2026-04-22 04:00:25+00	8	합격	표면조도불량	34	12.005	12.000
3905	4421	2026-04-21 02:22:50+00	8	합격	스크래치	8	15.999	16.000
3906	4422	2026-04-21 02:01:40+00	8	합격	스크래치	34	3.002	3.000
3907	4423	2026-04-22 00:31:25+00	8	합격	스크래치	34	4.999	5.000
3908	4424	2026-04-22 00:47:24+00	8	합격	\N	0	20.000	20.000
3909	4425	2026-04-21 03:15:28+00	8	합격	\N	0	30.004	30.000
3910	4426	2026-04-22 04:20:44+00	8	불합격	치수공차이탈	23	10.020	10.000
3911	4427	2026-04-21 09:58:00+00	8	불합격	치수공차이탈	17	12.027	12.000
3912	4428	2026-04-21 02:30:07+00	8	합격	스크래치	5	24.995	25.000
3913	4429	2026-04-21 09:45:31+00	8	합격	\N	0	40.005	40.000
3914	4430	2026-04-23 04:22:07+00	8	합격	\N	0	8.001	8.000
3915	4431	2026-04-22 01:47:10+00	8	합격	\N	0	8.002	8.000
3916	4432	2026-04-23 08:14:28+00	8	합격	\N	0	11.996	12.000
3917	4433	2026-04-22 04:18:28+00	8	합격	스크래치	21	15.995	16.000
3918	4435	2026-04-23 03:53:26+00	8	합격	스크래치	51	5.004	5.000
3919	4436	2026-04-22 07:18:09+00	8	합격	\N	0	20.001	20.000
3920	4437	2026-04-22 01:59:21+00	8	합격	버(burr)	8	30.004	30.000
3921	4438	2026-04-22 08:19:44+00	8	합격	\N	0	25.002	25.000
3922	4439	2026-04-23 02:21:28+00	8	합격	\N	0	40.002	40.000
3923	4440	2026-04-24 05:17:08+00	8	합격	표면조도불량	21	8.003	8.000
3924	4441	2026-04-23 00:30:01+00	8	합격	표면조도불량	20	7.998	8.000
3925	4442	2026-04-24 01:01:50+00	8	합격	\N	0	11.997	12.000
3926	4444	2026-04-23 05:24:17+00	8	합격	\N	0	2.998	3.000
3927	4445	2026-04-24 07:44:54+00	8	합격	\N	0	4.997	5.000
3928	4446	2026-04-23 05:47:44+00	8	합격	스크래치	16	20.000	20.000
3929	4447	2026-04-24 02:10:25+00	8	합격	\N	0	30.004	30.000
3930	4448	2026-04-23 04:36:36+00	8	불합격	치수공차이탈	28	10.025	10.000
3931	4449	2026-04-23 04:36:15+00	8	불합격	치수공차이탈	19	12.023	12.000
3932	4450	2026-04-23 06:31:20+00	8	불합격	치수공차이탈	19	12.028	12.000
3933	4451	2026-04-24 07:21:00+00	8	합격	\N	0	25.006	25.000
3934	4453	2026-04-25 01:42:57+00	8	합격	스크래치	10	8.003	8.000
3935	4454	2026-04-24 00:31:58+00	8	합격	\N	0	11.996	12.000
3936	4455	2026-04-25 03:52:52+00	8	합격	\N	0	15.993	16.000
3937	4456	2026-04-25 00:57:44+00	8	합격	\N	0	3.003	3.000
3938	4457	2026-04-25 07:12:22+00	8	합격	버(burr)	40	5.003	5.000
3939	4458	2026-04-25 06:53:46+00	8	합격	\N	0	19.999	20.000
3940	4459	2026-04-24 05:40:41+00	8	합격	표면조도불량	11	30.003	30.000
3941	4460	2026-04-25 08:28:29+00	8	불합격	치수공차이탈	21	10.017	10.000
3942	4461	2026-04-24 05:51:14+00	8	불합격	치수공차이탈	19	10.020	10.000
3943	4462	2026-04-24 04:00:55+00	8	불합격	치수공차이탈	26	12.024	12.000
3944	4463	2026-04-24 01:22:51+00	8	합격	\N	0	25.005	25.000
3945	4464	2026-04-25 01:56:49+00	8	합격	스크래치	3	39.993	40.000
3946	4466	2026-04-26 02:46:51+00	8	합격	스크래치	20	8.002	8.000
3947	4467	2026-04-26 04:06:44+00	8	합격	스크래치	11	12.006	12.000
3948	4468	2026-04-26 03:56:36+00	8	합격	스크래치	27	16.003	16.000
3949	4469	2026-04-25 02:40:49+00	8	합격	스크래치	19	5.003	5.000
3950	4470	2026-04-25 07:05:37+00	8	합격	\N	0	20.001	20.000
3951	4471	2026-04-26 02:50:15+00	8	합격	\N	0	29.996	30.000
3952	4472	2026-04-26 04:49:27+00	8	불합격	치수공차이탈	20	10.019	10.000
3953	4473	2026-04-25 05:32:26+00	8	불합격	치수공차이탈	16	12.027	12.000
3954	4474	2026-04-26 09:14:39+00	8	합격	버(burr)	5	25.006	25.000
3955	4476	2026-04-28 00:00:40+00	8	합격	버(burr)	18	8.002	8.000
3956	4477	2026-04-28 05:07:17+00	8	합격	스크래치	18	8.001	8.000
3957	4478	2026-04-27 08:57:48+00	8	합격	\N	0	11.996	12.000
3958	4479	2026-04-28 03:10:15+00	8	합격	\N	0	16.000	16.000
3959	4481	2026-04-27 03:35:03+00	8	합격	버(burr)	11	20.003	20.000
3960	4482	2026-04-28 06:47:10+00	8	합격	\N	0	30.004	30.000
3961	4483	2026-04-27 04:26:58+00	8	불합격	치수공차이탈	24	10.022	10.000
3962	4484	2026-04-28 09:06:33+00	8	불합격	치수공차이탈	23	12.024	12.000
3963	4485	2026-04-27 05:31:58+00	8	불합격	치수공차이탈	23	12.032	12.000
3964	4486	2026-04-28 02:48:56+00	8	합격	\N	0	40.004	40.000
3965	4487	2026-04-28 00:17:35+00	8	합격	\N	0	8.003	8.000
3966	4488	2026-04-28 04:58:16+00	8	합격	표면조도불량	13	7.997	8.000
3967	4489	2026-04-29 03:38:21+00	8	합격	버(burr)	14	11.998	12.000
3968	4490	2026-04-28 01:33:05+00	8	합격	스크래치	23	15.999	16.000
3969	4491	2026-04-28 06:24:02+00	8	합격	\N	0	19.998	20.000
3970	4492	2026-04-28 04:32:39+00	8	불합격	치수공차이탈	36	10.026	10.000
3971	4493	2026-04-28 01:51:38+00	8	불합격	치수공차이탈	27	10.027	10.000
3972	4494	2026-04-29 09:38:22+00	8	합격	표면조도불량	5	25.002	25.000
3973	4495	2026-04-29 08:33:55+00	8	합격	\N	0	40.003	40.000
3974	4496	2026-04-30 02:14:02+00	8	합격	스크래치	14	7.997	8.000
3975	4497	2026-04-30 04:32:14+00	8	합격	스크래치	20	7.998	8.000
3976	4498	2026-04-30 04:40:25+00	8	합격	\N	0	12.005	12.000
3977	4499	2026-04-29 06:26:43+00	8	합격	\N	0	16.006	16.000
3978	4501	2026-04-29 03:45:19+00	8	합격	\N	0	5.004	5.000
3979	4502	2026-04-29 03:38:50+00	8	합격	스크래치	12	20.002	20.000
3980	4503	2026-04-30 02:20:27+00	8	합격	\N	0	29.999	30.000
3981	4504	2026-04-30 07:09:38+00	8	불합격	치수공차이탈	24	10.019	10.000
3982	4505	2026-04-30 05:43:15+00	8	불합격	치수공차이탈	28	10.028	10.000
3983	4506	2026-04-29 01:09:00+00	8	불합격	치수공차이탈	27	12.030	12.000
3984	4507	2026-04-29 04:18:54+00	8	합격	\N	0	25.006	25.000
3985	4508	2026-04-30 06:53:29+00	8	합격	버(burr)	5	39.993	40.000
3986	4509	2026-05-01 05:09:13+00	8	합격	표면조도불량	17	8.000	8.000
3987	4510	2026-05-01 04:15:40+00	8	합격	표면조도불량	15	12.002	12.000
3988	4511	2026-04-30 00:28:14+00	8	합격	버(burr)	20	16.001	16.000
3989	4512	2026-05-01 01:55:30+00	8	합격	스크래치	46	2.996	3.000
3990	4513	2026-05-01 09:00:48+00	8	합격	표면조도불량	34	4.997	5.000
3991	4515	2026-05-01 03:56:55+00	8	합격	버(burr)	11	30.004	30.000
3992	4516	2026-04-30 03:51:34+00	8	불합격	치수공차이탈	36	10.026	10.000
3993	4517	2026-04-30 04:21:30+00	8	불합격	치수공차이탈	35	10.020	10.000
3994	4518	2026-05-01 07:12:49+00	8	불합격	치수공차이탈	24	12.026	12.000
3995	4519	2026-04-30 08:29:11+00	8	합격	표면조도불량	2	25.001	25.000
3996	4520	2026-04-30 07:33:01+00	8	합격	\N	0	40.005	40.000
3997	4521	2026-05-02 07:49:47+00	8	합격	버(burr)	17	7.997	8.000
3998	4522	2026-05-01 04:05:00+00	8	합격	스크래치	15	7.997	8.000
3999	4523	2026-05-02 08:42:23+00	8	합격	스크래치	15	15.999	16.000
4000	4524	2026-05-02 05:59:00+00	8	합격	버(burr)	25	3.003	3.000
4001	4525	2026-05-01 05:03:16+00	8	합격	\N	0	4.996	5.000
4002	4526	2026-05-01 02:21:31+00	8	합격	표면조도불량	16	19.999	20.000
4003	4527	2026-05-01 03:59:04+00	8	합격	\N	0	30.002	30.000
4004	4528	2026-05-02 04:24:13+00	8	불합격	치수공차이탈	27	12.025	12.000
4005	4529	2026-05-02 07:50:02+00	8	불합격	치수공차이탈	27	12.033	12.000
4006	4530	2026-05-02 00:47:16+00	8	합격	\N	0	24.997	25.000
4007	4531	2026-05-01 02:15:06+00	8	합격	표면조도불량	2	39.999	40.000
4008	4532	2026-05-03 04:31:22+00	8	합격	버(burr)	17	8.000	8.000
4009	4533	2026-05-02 01:44:07+00	8	합격	버(burr)	12	8.000	8.000
4010	4534	2026-05-02 04:47:24+00	8	합격	버(burr)	35	11.998	12.000
4011	4535	2026-05-03 08:40:05+00	8	합격	\N	0	16.006	16.000
4012	4536	2026-05-02 08:23:11+00	8	합격	\N	0	5.002	5.000
4013	4537	2026-05-03 06:43:13+00	8	합격	표면조도불량	7	19.997	20.000
4014	4538	2026-05-03 06:42:03+00	8	합격	버(burr)	4	29.997	30.000
4015	4539	2026-05-03 04:45:51+00	8	불합격	치수공차이탈	30	10.030	10.000
4016	4540	2026-05-03 05:52:35+00	8	불합격	치수공차이탈	29	10.025	10.000
4017	4541	2026-05-03 00:57:58+00	8	합격	\N	0	24.994	25.000
4018	4542	2026-05-02 05:30:25+00	8	합격	\N	0	39.994	40.000
4019	4543	2026-05-05 06:04:47+00	8	합격	버(burr)	17	8.002	8.000
4020	4544	2026-05-04 04:03:41+00	8	합격	스크래치	27	11.999	12.000
4021	4545	2026-05-04 00:57:10+00	8	합격	버(burr)	32	16.004	16.000
4022	4546	2026-05-05 09:22:00+00	8	합격	\N	0	3.002	3.000
4023	4547	2026-05-04 04:35:56+00	8	합격	스크래치	29	5.001	5.000
4024	4548	2026-05-05 02:55:54+00	8	불합격	치수공차이탈	36	10.028	10.000
4025	4549	2026-05-04 04:39:35+00	8	불합격	치수공차이탈	23	12.036	12.000
4026	4550	2026-05-05 01:12:15+00	8	불합격	치수공차이탈	23	12.032	12.000
4027	4551	2026-05-04 09:54:32+00	8	합격	표면조도불량	7	25.004	25.000
4028	4552	2026-05-04 05:06:31+00	8	합격	\N	0	40.001	40.000
4029	4553	2026-05-07 01:09:47+00	8	합격	\N	0	7.996	8.000
4030	4556	2026-05-07 01:11:01+00	8	합격	\N	0	19.997	20.000
4031	4557	2026-05-07 07:10:15+00	8	합격	\N	0	29.996	30.000
4032	4558	2026-05-07 08:36:59+00	8	불합격	치수공차이탈	26	10.025	10.000
4033	4559	2026-05-06 08:16:14+00	8	불합격	치수공차이탈	31	10.023	10.000
4034	4560	2026-05-06 06:45:28+00	8	불합격	치수공차이탈	30	12.030	12.000
4035	4561	2026-05-07 07:44:49+00	8	합격	스크래치	7	24.998	25.000
4036	4562	2026-05-07 08:57:00+00	8	합격	\N	0	39.998	40.000
4037	4563	2026-05-07 01:11:44+00	8	합격	스크래치	20	7.999	8.000
4038	4564	2026-05-08 09:10:56+00	8	합격	스크래치	17	8.001	8.000
4039	4565	2026-05-07 07:26:09+00	8	합격	\N	0	12.001	12.000
4040	4566	2026-05-08 04:02:05+00	8	합격	버(burr)	23	15.997	16.000
4041	4567	2026-05-07 02:20:54+00	8	합격	스크래치	46	3.000	3.000
4042	4568	2026-05-08 01:47:28+00	8	합격	\N	0	4.996	5.000
4043	4569	2026-05-08 00:03:14+00	8	합격	스크래치	8	19.998	20.000
4044	4570	2026-05-07 04:28:37+00	8	합격	스크래치	7	29.996	30.000
4045	4571	2026-05-07 01:57:15+00	8	불합격	치수공차이탈	40	10.028	10.000
4046	4572	2026-05-07 02:27:23+00	8	합격	버(burr)	4	24.994	25.000
4047	4573	2026-05-07 09:40:19+00	8	합격	\N	0	39.999	40.000
4048	4574	2026-05-09 01:14:14+00	8	합격	\N	0	11.996	12.000
4049	4575	2026-05-08 03:27:22+00	8	합격	\N	0	15.997	16.000
4050	4576	2026-05-08 00:56:47+00	8	합격	표면조도불량	26	2.999	3.000
4051	4577	2026-05-09 04:57:35+00	8	합격	스크래치	23	4.998	5.000
4052	4578	2026-05-09 06:14:15+00	8	합격	버(burr)	13	29.998	30.000
4053	4579	2026-05-08 09:01:03+00	8	불합격	치수공차이탈	40	10.031	10.000
4054	4580	2026-05-08 01:12:24+00	8	불합격	치수공차이탈	38	12.035	12.000
4055	4581	2026-05-08 08:48:43+00	8	합격	표면조도불량	5	24.995	25.000
4056	4582	2026-05-09 09:36:19+00	8	합격	\N	0	8.001	8.000
4057	4583	2026-05-09 07:34:23+00	8	합격	\N	0	8.003	8.000
4058	4584	2026-05-09 09:17:55+00	8	합격	\N	0	11.994	12.000
4059	4585	2026-05-09 00:14:07+00	8	합격	\N	0	16.003	16.000
4060	4587	2026-05-10 02:22:44+00	8	합격	\N	0	5.004	5.000
4061	4588	2026-05-10 02:44:30+00	8	합격	스크래치	6	19.999	20.000
4062	4589	2026-05-09 03:59:47+00	8	합격	\N	0	30.001	30.000
4063	4590	2026-05-09 02:10:34+00	8	불합격	치수공차이탈	41	10.025	10.000
4064	4591	2026-05-09 01:32:38+00	8	합격	\N	0	24.995	25.000
4065	4592	2026-05-10 06:31:45+00	8	합격	\N	0	40.004	40.000
4066	4593	2026-05-11 04:06:34+00	8	합격	스크래치	9	7.999	8.000
4067	4594	2026-05-12 03:14:03+00	8	합격	스크래치	11	7.996	8.000
4068	4595	2026-05-11 05:58:19+00	8	합격	\N	0	11.995	12.000
4069	4596	2026-05-12 03:02:11+00	8	합격	\N	0	16.001	16.000
4070	4597	2026-05-11 08:27:26+00	8	합격	스크래치	32	3.002	3.000
4071	4598	2026-05-11 01:49:43+00	8	합격	\N	0	4.997	5.000
4072	4599	2026-05-11 04:12:17+00	8	합격	\N	0	20.001	20.000
4073	4600	2026-05-12 06:17:20+00	8	합격	\N	0	30.002	30.000
4074	4601	2026-05-12 03:13:30+00	8	불합격	치수공차이탈	31	12.030	12.000
4075	4602	2026-05-11 02:12:16+00	8	불합격	치수공차이탈	26	12.039	12.000
4076	4603	2026-05-12 05:05:59+00	8	합격	표면조도불량	4	24.997	25.000
4077	4604	2026-05-12 00:03:44+00	8	합격	스크래치	4	40.001	40.000
4078	4605	2026-05-12 05:45:33+00	8	합격	버(burr)	16	7.997	8.000
4079	4606	2026-05-13 02:35:36+00	8	합격	표면조도불량	6	8.000	8.000
4080	4607	2026-05-13 05:07:13+00	8	합격	스크래치	28	11.994	12.000
4081	4608	2026-05-13 08:39:49+00	8	합격	\N	0	16.003	16.000
4082	4609	2026-05-13 06:15:31+00	8	합격	스크래치	29	3.003	3.000
4083	4610	2026-05-13 07:32:22+00	8	합격	\N	0	4.996	5.000
4084	4611	2026-05-12 02:12:57+00	8	합격	\N	0	19.996	20.000
4085	4612	2026-05-13 08:01:04+00	8	합격	\N	0	30.002	30.000
4086	4613	2026-05-13 00:02:37+00	8	불합격	치수공차이탈	36	10.031	10.000
4087	4614	2026-05-12 08:20:35+00	8	불합격	치수공차이탈	38	10.033	10.000
4088	4615	2026-05-13 00:49:03+00	8	불합격	치수공차이탈	45	12.036	12.000
4089	4616	2026-05-13 04:31:04+00	8	불합격	치수공차이탈	25	12.031	12.000
4090	4617	2026-05-13 05:55:41+00	8	합격	스크래치	4	24.998	25.000
4091	4618	2026-05-12 01:21:21+00	8	합격	스크래치	5	39.994	40.000
4092	4619	2026-05-14 06:32:58+00	8	합격	\N	0	7.998	8.000
4093	4620	2026-05-14 02:10:39+00	8	합격	\N	0	12.004	12.000
4094	4621	2026-05-14 00:32:19+00	8	합격	\N	0	16.004	16.000
4095	4622	2026-05-13 01:13:18+00	8	합격	스크래치	42	2.998	3.000
4096	4623	2026-05-13 08:21:04+00	8	합격	\N	0	5.000	5.000
4097	4624	2026-05-14 07:56:53+00	8	합격	표면조도불량	13	19.996	20.000
4098	4625	2026-05-13 02:07:44+00	8	합격	\N	0	30.004	30.000
4099	4626	2026-05-14 09:43:16+00	8	불합격	치수공차이탈	41	10.028	10.000
4100	4627	2026-05-14 01:55:40+00	8	불합격	치수공차이탈	33	10.029	10.000
4101	4628	2026-05-13 05:38:11+00	8	불합격	치수공차이탈	35	12.034	12.000
4102	4629	2026-05-13 07:52:18+00	8	불합격	치수공차이탈	26	12.035	12.000
4103	4630	2026-05-13 05:25:26+00	8	합격	스크래치	3	39.994	40.000
4104	4631	2026-05-14 02:10:17+00	8	합격	\N	0	7.996	8.000
4105	4632	2026-05-14 03:09:47+00	8	합격	스크래치	7	7.997	8.000
4106	4633	2026-05-15 06:21:35+00	8	합격	버(burr)	39	12.000	12.000
4107	4634	2026-05-15 03:06:58+00	8	합격	표면조도불량	11	16.007	16.000
4108	4635	2026-05-15 01:31:42+00	8	합격	스크래치	44	2.999	3.000
4109	4636	2026-05-14 00:59:04+00	8	합격	버(burr)	27	5.002	5.000
4110	4637	2026-05-15 03:57:27+00	8	합격	표면조도불량	7	19.997	20.000
4111	4638	2026-05-14 06:40:49+00	8	합격	\N	0	30.002	30.000
4112	4639	2026-05-15 00:24:15+00	8	불합격	치수공차이탈	38	10.031	10.000
4113	4640	2026-05-15 01:52:44+00	8	불합격	치수공차이탈	36	12.038	12.000
4114	4641	2026-05-15 09:49:22+00	8	합격	버(burr)	6	24.997	25.000
4115	4642	2026-05-14 05:58:59+00	8	합격	\N	0	40.000	40.000
4116	4643	2026-05-15 03:58:07+00	8	합격	스크래치	18	8.002	8.000
4117	4644	2026-05-16 03:00:07+00	8	합격	표면조도불량	27	12.000	12.000
4118	4645	2026-05-16 08:30:49+00	8	합격	스크래치	11	16.006	16.000
4119	4646	2026-05-15 07:48:51+00	8	합격	\N	0	3.004	3.000
4120	4647	2026-05-15 04:39:04+00	8	합격	\N	0	20.000	20.000
4121	4648	2026-05-16 09:28:42+00	8	합격	버(burr)	5	29.998	30.000
4122	4649	2026-05-16 03:14:34+00	8	불합격	치수공차이탈	34	10.034	10.000
4123	4650	2026-05-16 04:32:54+00	8	불합격	치수공차이탈	37	10.036	10.000
4124	4651	2026-05-16 06:54:37+00	8	불합격	치수공차이탈	39	12.039	12.000
4125	4652	2026-05-16 07:39:29+00	8	불합격	치수공차이탈	29	12.034	12.000
4126	4653	2026-05-15 08:23:11+00	8	합격	버(burr)	4	25.007	25.000
4127	4655	2026-05-17 06:13:04+00	8	합격	스크래치	16	7.997	8.000
4128	4656	2026-05-16 08:29:11+00	8	합격	\N	0	8.000	8.000
4129	4657	2026-05-17 00:50:23+00	8	합격	표면조도불량	21	12.007	12.000
4130	4658	2026-05-17 09:56:13+00	8	합격	\N	0	16.006	16.000
4131	4659	2026-05-17 01:33:47+00	8	합격	표면조도불량	54	5.001	5.000
4132	4661	2026-05-16 06:22:13+00	8	불합격	치수공차이탈	42	10.035	10.000
4133	4662	2026-05-17 08:01:43+00	8	불합격	치수공차이탈	30	12.036	12.000
4134	4663	2026-05-16 09:13:22+00	8	합격	\N	0	24.993	25.000
4135	4664	2026-05-16 00:27:07+00	8	합격	\N	0	40.003	40.000
4136	4665	2026-05-19 04:33:03+00	8	합격	스크래치	9	8.001	8.000
4137	4666	2026-05-19 04:53:45+00	8	합격	\N	0	12.007	12.000
4138	4667	2026-05-18 00:01:13+00	8	합격	\N	0	16.001	16.000
4139	4668	2026-05-19 00:27:12+00	8	합격	버(burr)	38	3.000	3.000
4140	4669	2026-05-18 02:03:53+00	8	합격	버(burr)	48	4.998	5.000
4141	4671	2026-05-18 05:25:01+00	8	합격	\N	0	29.997	30.000
4142	4672	2026-05-19 01:06:34+00	8	불합격	치수공차이탈	35	10.038	10.000
4143	4673	2026-05-19 03:03:56+00	8	불합격	치수공차이탈	37	12.041	12.000
4144	4674	2026-05-18 00:24:12+00	8	불합격	치수공차이탈	34	12.042	12.000
4145	4675	2026-05-18 03:08:57+00	8	합격	버(burr)	5	24.995	25.000
4146	4676	2026-05-20 08:16:40+00	8	합격	표면조도불량	13	8.002	8.000
4147	4677	2026-05-19 05:53:22+00	8	합격	\N	0	15.999	16.000
4148	4678	2026-05-19 03:21:32+00	8	합격	표면조도불량	19	2.996	3.000
4149	4679	2026-05-20 04:05:42+00	8	합격	\N	0	5.004	5.000
4150	4680	2026-05-20 03:44:48+00	8	합격	스크래치	16	20.002	20.000
4151	4681	2026-05-20 00:21:43+00	8	합격	표면조도불량	6	30.000	30.000
4152	4682	2026-05-20 09:06:20+00	8	불합격	치수공차이탈	39	10.032	10.000
4153	4683	2026-05-20 09:28:30+00	8	불합격	치수공차이탈	32	10.038	10.000
4154	4684	2026-05-20 07:34:21+00	8	불합격	치수공차이탈	48	12.043	12.000
4155	4685	2026-05-20 01:36:33+00	8	합격	버(burr)	3	40.001	40.000
4156	4686	2026-05-20 04:56:14+00	8	합격	\N	0	7.997	8.000
4157	4687	2026-05-21 02:44:59+00	8	합격	\N	0	16.006	16.000
4158	4688	2026-05-21 05:09:50+00	8	합격	버(burr)	48	3.000	3.000
4159	4690	2026-05-21 09:43:06+00	8	합격	버(burr)	13	19.997	20.000
4160	4691	2026-05-21 08:18:50+00	8	불합격	치수공차이탈	48	10.038	10.000
4161	4692	2026-05-21 00:42:59+00	8	불합격	치수공차이탈	38	10.037	10.000
4162	4693	2026-05-20 02:36:35+00	8	불합격	치수공차이탈	31	12.039	12.000
4163	4694	2026-05-21 04:27:53+00	8	불합격	치수공차이탈	35	12.043	12.000
4164	4695	2026-05-20 01:27:47+00	8	합격	버(burr)	5	40.005	40.000
4165	4696	2026-05-21 08:46:01+00	8	합격	표면조도불량	17	8.001	8.000
4166	4697	2026-05-22 05:21:25+00	8	합격	버(burr)	14	7.997	8.000
4167	4698	2026-05-22 00:34:07+00	8	합격	\N	0	12.004	12.000
4168	4699	2026-05-22 08:05:38+00	8	합격	\N	0	16.005	16.000
4169	4700	2026-05-21 05:06:54+00	8	합격	스크래치	19	3.000	3.000
4170	4701	2026-05-22 09:49:34+00	8	합격	표면조도불량	33	4.998	5.000
4171	4702	2026-05-21 03:22:54+00	8	합격	\N	0	20.000	20.000
4172	4704	2026-05-21 00:58:49+00	8	불합격	치수공차이탈	40	10.030	10.000
4173	4705	2026-05-22 04:27:01+00	8	불합격	치수공차이탈	43	12.043	12.000
4174	4706	2026-05-22 04:05:55+00	8	합격	\N	0	24.996	25.000
4175	4707	2026-05-21 00:51:38+00	8	합격	표면조도불량	2	40.007	40.000
4176	4710	2026-05-22 09:30:03+00	8	합격	\N	0	12.002	12.000
4177	4711	2026-05-23 09:05:00+00	8	합격	\N	0	15.994	16.000
4178	4712	2026-05-22 06:03:12+00	8	합격	표면조도불량	46	2.998	3.000
4179	4713	2026-05-22 08:50:41+00	8	합격	버(burr)	16	4.997	5.000
4180	4714	2026-05-23 06:52:24+00	8	합격	\N	0	20.004	20.000
4181	4715	2026-05-22 08:50:31+00	8	합격	버(burr)	6	30.004	30.000
4182	4716	2026-05-23 04:53:31+00	8	불합격	치수공차이탈	37	10.040	10.000
4183	4717	2026-05-22 02:08:08+00	8	불합격	치수공차이탈	36	12.036	12.000
4184	4718	2026-05-22 00:17:19+00	8	불합격	치수공차이탈	26	12.041	12.000
4185	4719	2026-05-23 07:49:41+00	8	합격	\N	0	25.005	25.000
4186	4720	2026-05-23 07:38:18+00	8	합격	\N	0	7.997	8.000
4187	4721	2026-05-24 07:50:26+00	8	합격	표면조도불량	27	15.995	16.000
4188	4722	2026-05-23 09:43:18+00	8	합격	\N	0	2.996	3.000
4189	4723	2026-05-23 04:58:31+00	8	합격	\N	0	5.000	5.000
4190	4724	2026-05-23 08:51:24+00	8	합격	\N	0	20.000	20.000
4191	4725	2026-05-24 04:33:18+00	8	합격	스크래치	10	29.999	30.000
4192	4726	2026-05-23 09:56:34+00	8	불합격	치수공차이탈	46	10.039	10.000
4193	4727	2026-05-23 07:28:07+00	8	불합격	치수공차이탈	42	10.033	10.000
4194	4728	2026-05-23 06:50:23+00	8	불합격	치수공차이탈	47	12.037	12.000
4195	4729	2026-05-24 06:58:27+00	8	합격	스크래치	5	24.997	25.000
4196	4730	2026-05-23 04:31:05+00	8	합격	스크래치	4	39.998	40.000
4197	4731	2026-05-27 04:59:22+00	8	합격	\N	0	8.003	8.000
4198	4732	2026-05-26 05:59:35+00	8	합격	표면조도불량	18	8.004	8.000
4199	4733	2026-05-27 08:14:16+00	8	합격	버(burr)	33	12.007	12.000
4200	4734	2026-05-27 07:27:51+00	8	합격	\N	0	2.999	3.000
4201	4735	2026-05-26 03:43:43+00	8	합격	버(burr)	13	20.001	20.000
4202	4736	2026-05-26 00:56:26+00	8	불합격	치수공차이탈	48	10.041	10.000
4203	4737	2026-05-27 00:07:17+00	8	불합격	치수공차이탈	41	10.035	10.000
4204	4738	2026-05-26 05:34:13+00	8	합격	버(burr)	8	24.994	25.000
4205	4739	2026-05-26 04:08:44+00	8	합격	\N	0	39.994	40.000
4206	4740	2026-05-28 02:09:49+00	8	합격	\N	0	7.999	8.000
4207	4741	2026-05-28 00:05:06+00	8	합격	\N	0	8.001	8.000
4208	4742	2026-05-27 08:55:38+00	8	합격	\N	0	16.002	16.000
4209	4743	2026-05-27 07:46:49+00	8	합격	\N	0	2.998	3.000
4210	4744	2026-05-28 03:36:02+00	8	합격	\N	0	5.002	5.000
4211	4746	2026-05-28 07:04:09+00	8	합격	표면조도불량	13	29.999	30.000
4212	4747	2026-05-28 00:13:25+00	8	불합격	치수공차이탈	57	10.038	10.000
4213	4748	2026-05-28 00:09:10+00	8	불합격	치수공차이탈	27	12.039	12.000
4214	4749	2026-05-28 08:14:55+00	8	합격	표면조도불량	6	24.997	25.000
4215	4750	2026-05-27 08:40:33+00	8	합격	스크래치	3	40.001	40.000
4216	4752	2026-05-28 01:22:00+00	8	합격	\N	0	8.003	8.000
4217	4753	2026-05-29 08:59:40+00	8	합격	\N	0	12.004	12.000
4218	4754	2026-05-29 08:16:51+00	8	합격	버(burr)	6	20.000	20.000
4219	4756	2026-05-29 01:18:13+00	8	불합격	치수공차이탈	52	10.035	10.000
4220	4757	2026-05-29 01:26:20+00	8	불합격	치수공차이탈	33	12.044	12.000
4221	4758	2026-05-29 06:26:44+00	8	합격	표면조도불량	6	24.996	25.000
4222	4759	2026-05-29 04:31:32+00	8	합격	버(burr)	5	40.003	40.000
4223	4761	2026-05-30 06:27:53+00	8	합격	\N	0	12.002	12.000
4224	4762	2026-05-30 04:48:06+00	8	합격	스크래치	22	16.002	16.000
4225	4763	2026-05-30 08:29:02+00	8	합격	\N	0	3.003	3.000
4226	4764	2026-05-30 08:54:29+00	8	합격	스크래치	23	5.004	5.000
4227	4765	2026-05-29 05:40:06+00	8	합격	\N	0	30.001	30.000
4228	4766	2026-05-30 02:27:17+00	8	불합격	치수공차이탈	42	10.043	10.000
4229	4767	2026-05-30 05:56:57+00	8	불합격	치수공차이탈	42	12.046	12.000
4230	4768	2026-05-29 08:54:59+00	8	불합격	치수공차이탈	51	12.043	12.000
4231	4769	2026-05-29 08:52:08+00	8	합격	\N	0	25.005	25.000
4232	4770	2026-05-30 00:43:55+00	8	합격	버(burr)	5	40.007	40.000
4233	4771	2026-05-30 03:04:56+00	8	합격	버(burr)	10	8.000	8.000
4234	4772	2026-05-30 05:17:47+00	8	합격	버(burr)	18	16.002	16.000
4235	4774	2026-05-30 08:48:13+00	8	합격	스크래치	6	20.000	20.000
4236	4775	2026-05-30 08:42:59+00	8	불합격	치수공차이탈	42	10.040	10.000
4237	4776	2026-05-30 06:33:03+00	8	불합격	치수공차이탈	53	10.043	10.000
4238	4777	2026-05-30 04:06:30+00	8	불합격	치수공차이탈	38	12.045	12.000
4239	4778	2026-05-30 08:33:23+00	8	합격	\N	0	24.996	25.000
4240	4779	2026-05-31 04:45:31+00	8	합격	\N	0	39.993	40.000
4241	4780	2026-06-02 09:30:26+00	8	합격	스크래치	6	7.999	8.000
4242	4781	2026-06-01 07:07:35+00	8	합격	버(burr)	19	7.998	8.000
4243	4783	2026-06-02 06:54:23+00	8	합격	\N	0	3.002	3.000
4244	4784	2026-06-02 08:45:13+00	8	합격	\N	0	5.000	5.000
4245	4785	2026-06-02 08:07:14+00	8	합격	\N	0	20.001	20.000
4246	4786	2026-06-02 04:00:52+00	8	불합격	치수공차이탈	36	12.050	12.000
4247	4787	2026-06-02 04:28:08+00	8	합격	스크래치	6	24.995	25.000
4248	4789	2026-06-03 00:20:04+00	8	합격	\N	0	8.003	8.000
4249	4790	2026-06-03 05:10:14+00	8	합격	\N	0	8.000	8.000
4250	4791	2026-06-03 02:45:18+00	8	합격	표면조도불량	40	3.002	3.000
4251	4792	2026-06-03 02:22:31+00	8	합격	스크래치	43	5.000	5.000
4252	4793	2026-06-03 01:20:34+00	8	합격	\N	0	19.998	20.000
4253	4794	2026-06-02 00:48:45+00	8	불합격	치수공차이탈	48	10.038	10.000
4254	4795	2026-06-03 06:17:47+00	8	불합격	치수공차이탈	37	10.043	10.000
4255	4796	2026-06-02 02:25:12+00	8	불합격	치수공차이탈	49	12.049	12.000
4256	4797	2026-06-03 09:23:37+00	8	합격	표면조도불량	7	25.001	25.000
4257	4798	2026-06-04 03:54:30+00	8	합격	스크래치	11	8.004	8.000
4258	4799	2026-06-03 04:58:08+00	8	합격	스크래치	15	12.002	12.000
4259	4800	2026-06-03 08:27:41+00	8	합격	\N	0	15.996	16.000
4260	4801	2026-06-04 02:57:56+00	8	합격	버(burr)	49	3.004	3.000
4261	4802	2026-06-03 06:04:24+00	8	합격	표면조도불량	17	5.001	5.000
4262	4803	2026-06-03 09:35:26+00	8	합격	스크래치	13	19.996	20.000
4263	4804	2026-06-04 08:33:49+00	8	합격	스크래치	7	30.001	30.000
4264	4805	2026-06-03 07:21:08+00	8	불합격	치수공차이탈	45	10.039	10.000
4265	4806	2026-06-03 09:09:11+00	8	불합격	치수공차이탈	35	10.039	10.000
4266	4807	2026-06-03 00:54:29+00	8	불합격	치수공차이탈	43	12.051	12.000
4267	4808	2026-06-04 00:08:50+00	8	합격	\N	0	25.001	25.000
4268	4809	2026-06-04 08:53:47+00	8	합격	표면조도불량	5	39.999	40.000
4269	4811	2026-06-05 09:56:17+00	8	합격	표면조도불량	9	7.999	8.000
4270	4812	2026-06-05 03:21:15+00	8	합격	버(burr)	17	11.996	12.000
4271	4813	2026-06-04 05:38:58+00	8	합격	스크래치	21	15.993	16.000
4272	4814	2026-06-05 06:50:54+00	8	합격	스크래치	38	2.999	3.000
4273	4816	2026-06-04 07:03:06+00	8	합격	버(burr)	11	29.996	30.000
4274	4817	2026-06-04 05:15:56+00	8	불합격	치수공차이탈	48	10.039	10.000
4275	4818	2026-06-04 08:04:56+00	8	불합격	치수공차이탈	47	12.051	12.000
4276	4819	2026-06-04 02:44:35+00	8	불합격	치수공차이탈	34	12.047	12.000
4277	4820	2026-06-04 03:11:26+00	8	합격	\N	0	40.003	40.000
4278	4821	2026-06-05 09:04:02+00	8	합격	표면조도불량	17	8.004	8.000
4279	4822	2026-06-05 01:51:56+00	8	합격	스크래치	10	7.999	8.000
4280	4823	2026-06-06 06:27:25+00	8	합격	\N	0	12.003	12.000
4281	4824	2026-06-06 03:40:02+00	8	합격	\N	0	16.005	16.000
4282	4825	2026-06-05 04:50:24+00	8	합격	스크래치	19	2.999	3.000
4283	4826	2026-06-06 00:39:37+00	8	합격	스크래치	26	5.004	5.000
4284	4828	2026-06-05 01:14:37+00	8	불합격	치수공차이탈	41	10.043	10.000
4285	4829	2026-06-05 00:40:06+00	8	불합격	치수공차이탈	39	12.050	12.000
4286	4830	2026-06-05 01:50:01+00	8	불합격	치수공차이탈	27	12.048	12.000
4287	4831	2026-06-05 00:34:16+00	8	합격	버(burr)	2	24.998	25.000
4288	4832	2026-06-06 01:22:09+00	8	합격	스크래치	4	40.005	40.000
4289	4833	2026-06-08 01:34:39+00	8	합격	표면조도불량	18	7.999	8.000
4290	4834	2026-06-09 01:55:21+00	8	합격	\N	0	7.996	8.000
4291	4835	2026-06-08 09:55:19+00	8	합격	\N	0	11.999	12.000
4292	4836	2026-06-09 06:58:12+00	8	합격	스크래치	25	16.004	16.000
4293	4838	2026-06-08 08:14:02+00	8	합격	표면조도불량	19	5.004	5.000
4294	4839	2026-06-08 08:03:36+00	8	합격	\N	0	20.001	20.000
4295	4840	2026-06-08 08:28:55+00	8	합격	스크래치	7	30.004	30.000
4296	4841	2026-06-09 05:10:03+00	8	불합격	치수공차이탈	45	10.048	10.000
4297	4842	2026-06-08 06:38:39+00	8	불합격	치수공차이탈	40	10.041	10.000
4298	4843	2026-06-08 03:59:50+00	8	불합격	치수공차이탈	39	12.054	12.000
4299	4844	2026-06-08 04:07:27+00	8	불합격	치수공차이탈	47	12.052	12.000
4300	4845	2026-06-09 00:17:40+00	8	합격	\N	0	25.006	25.000
4301	4846	2026-06-08 00:59:43+00	8	합격	버(burr)	3	39.996	40.000
4302	4847	2026-06-10 02:25:13+00	8	합격	\N	0	8.003	8.000
4303	4848	2026-06-10 02:49:10+00	8	합격	\N	0	7.999	8.000
4304	4850	2026-06-10 05:52:20+00	8	합격	버(burr)	46	2.998	3.000
4305	4851	2026-06-10 07:36:48+00	8	합격	표면조도불량	47	4.996	5.000
4306	4852	2026-06-10 04:58:51+00	8	합격	\N	0	20.003	20.000
4307	4853	2026-06-09 09:06:17+00	8	합격	\N	0	29.998	30.000
4308	4854	2026-06-10 00:59:38+00	8	불합격	치수공차이탈	54	10.049	10.000
4309	4855	2026-06-09 00:34:32+00	8	불합격	치수공차이탈	48	10.048	10.000
4310	4856	2026-06-09 02:39:29+00	8	불합격	치수공차이탈	61	12.045	12.000
4311	4857	2026-06-09 01:02:55+00	8	불합격	치수공차이탈	36	12.048	12.000
4312	4859	2026-06-09 07:06:45+00	8	합격	\N	0	39.995	40.000
4313	4860	2026-06-11 09:24:18+00	8	합격	\N	0	7.996	8.000
4314	4862	2026-06-10 06:47:19+00	8	합격	표면조도불량	30	11.998	12.000
4315	4863	2026-06-10 02:47:06+00	8	합격	\N	0	3.001	3.000
4316	4864	2026-06-11 00:19:57+00	8	합격	스크래치	45	4.996	5.000
4317	4866	2026-06-10 07:07:16+00	8	합격	\N	0	30.003	30.000
4318	4867	2026-06-11 08:28:50+00	8	불합격	치수공차이탈	60	10.045	10.000
4319	4868	2026-06-11 05:41:26+00	8	불합격	치수공차이탈	60	10.047	10.000
4320	4869	2026-06-10 01:09:37+00	8	불합격	치수공차이탈	39	12.051	12.000
4321	4871	2026-06-11 04:46:04+00	8	합격	\N	0	8.004	8.000
4322	4872	2026-06-11 06:08:47+00	8	합격	표면조도불량	33	12.004	12.000
4323	4873	2026-06-11 08:06:10+00	8	합격	스크래치	10	15.996	16.000
4324	4874	2026-06-11 09:46:32+00	8	합격	버(burr)	28	2.997	3.000
4325	4875	2026-06-12 09:36:54+00	8	합격	표면조도불량	6	19.999	20.000
4326	4876	2026-06-12 09:41:25+00	8	합격	표면조도불량	5	29.996	30.000
4327	4877	2026-06-11 01:44:56+00	8	불합격	치수공차이탈	53	10.045	10.000
4328	4878	2026-06-12 08:57:52+00	8	합격	\N	0	25.006	25.000
4329	4879	2026-06-12 08:25:02+00	8	합격	스크래치	17	8.003	8.000
4330	4881	2026-06-12 01:00:29+00	8	합격	\N	0	16.000	16.000
4331	4882	2026-06-12 08:59:08+00	8	합격	\N	0	2.997	3.000
4332	4883	2026-06-13 01:22:14+00	8	합격	버(burr)	25	5.003	5.000
4333	4884	2026-06-12 00:13:09+00	8	합격	\N	0	20.002	20.000
4334	4885	2026-06-13 08:56:50+00	8	합격	표면조도불량	6	30.003	30.000
4335	4886	2026-06-13 02:51:22+00	8	불합격	치수공차이탈	66	10.044	10.000
4336	4887	2026-06-12 01:31:47+00	8	불합격	치수공차이탈	57	10.044	10.000
4337	4888	2026-06-13 05:49:04+00	8	불합격	치수공차이탈	45	12.050	12.000
4338	4889	2026-06-13 07:03:14+00	8	합격	표면조도불량	4	24.994	25.000
4339	4890	2026-06-13 06:22:33+00	8	합격	\N	0	40.001	40.000
4340	4891	2026-06-13 01:08:59+00	8	합격	버(burr)	16	8.002	8.000
4341	4893	2026-06-14 01:55:18+00	8	합격	\N	0	12.005	12.000
4342	4894	2026-06-14 03:57:32+00	8	합격	표면조도불량	24	15.999	16.000
4343	4895	2026-06-13 01:44:29+00	8	합격	표면조도불량	16	2.997	3.000
4344	4896	2026-06-14 07:25:47+00	8	합격	버(burr)	30	5.000	5.000
4345	4897	2026-06-13 07:15:45+00	8	합격	\N	0	20.000	20.000
4346	4898	2026-06-13 03:09:34+00	8	합격	표면조도불량	13	30.003	30.000
4347	4899	2026-06-14 03:28:35+00	8	불합격	치수공차이탈	46	12.049	12.000
4348	4900	2026-06-13 02:51:26+00	8	불합격	치수공차이탈	38	12.048	12.000
4349	4901	2026-06-13 07:48:36+00	8	합격	\N	0	25.005	25.000
4350	4902	2026-06-15 09:22:15+00	8	합격	스크래치	11	8.001	8.000
4351	4903	2026-06-16 00:12:05+00	8	합격	\N	0	7.996	8.000
4352	4904	2026-06-16 07:05:35+00	8	합격	버(burr)	16	11.998	12.000
4353	4905	2026-06-15 07:06:43+00	8	합격	버(burr)	28	15.996	16.000
4354	4906	2026-06-16 03:16:38+00	8	합격	버(burr)	49	3.000	3.000
4355	4907	2026-06-16 09:04:58+00	8	합격	표면조도불량	39	4.997	5.000
4356	4909	2026-06-16 03:40:45+00	8	불합격	치수공차이탈	57	10.046	10.000
4357	4910	2026-06-16 02:13:12+00	8	불합격	치수공차이탈	40	12.057	12.000
4358	4911	2026-06-16 06:25:02+00	8	합격	\N	0	24.996	25.000
4359	4912	2026-06-17 08:35:08+00	8	합격	버(burr)	7	8.002	8.000
4360	4913	2026-06-16 02:44:49+00	8	합격	\N	0	8.002	8.000
4361	4914	2026-06-17 04:56:19+00	8	합격	표면조도불량	10	12.003	12.000
4362	4915	2026-06-16 03:51:32+00	8	합격	버(burr)	30	4.997	5.000
4363	4916	2026-06-17 05:26:35+00	8	합격	표면조도불량	12	19.998	20.000
4364	4917	2026-06-16 08:59:22+00	8	합격	스크래치	12	30.000	30.000
4365	4918	2026-06-16 05:14:46+00	8	불합격	치수공차이탈	54	10.049	10.000
4366	4919	2026-06-17 04:10:06+00	8	불합격	치수공차이탈	44	10.045	10.000
4367	4920	2026-06-17 06:05:32+00	8	불합격	치수공차이탈	41	12.053	12.000
4368	4921	2026-06-16 02:14:26+00	8	불합격	치수공차이탈	43	12.056	12.000
4369	4922	2026-06-16 00:41:32+00	8	합격	\N	0	25.000	25.000
4370	4923	2026-06-16 09:05:21+00	8	합격	표면조도불량	6	40.004	40.000
4371	4924	2026-06-18 00:24:22+00	8	합격	표면조도불량	20	8.000	8.000
4372	4925	2026-06-17 04:15:31+00	8	합격	\N	0	16.004	16.000
4373	4926	2026-06-17 01:34:08+00	8	합격	\N	0	3.001	3.000
4374	4927	2026-06-17 03:32:48+00	8	합격	버(burr)	9	20.004	20.000
4375	4928	2026-06-18 07:50:49+00	8	합격	표면조도불량	13	29.999	30.000
4376	4929	2026-06-18 02:46:27+00	8	불합격	치수공차이탈	50	10.052	10.000
4377	4930	2026-06-17 06:51:44+00	8	합격	\N	0	24.998	25.000
4378	4931	2026-06-18 03:27:30+00	8	합격	버(burr)	2	40.007	40.000
4379	4932	2026-06-19 03:25:22+00	8	합격	\N	0	7.996	8.000
4380	4934	2026-06-19 04:30:16+00	8	합격	\N	0	12.002	12.000
4381	4935	2026-06-18 00:44:09+00	8	합격	\N	0	15.997	16.000
4382	4936	2026-06-19 04:44:14+00	8	합격	표면조도불량	16	5.001	5.000
4383	4937	2026-06-19 00:01:02+00	8	합격	\N	0	20.001	20.000
4384	4938	2026-06-18 02:31:13+00	8	합격	표면조도불량	8	30.001	30.000
4385	4939	2026-06-18 08:06:43+00	8	불합격	치수공차이탈	46	10.046	10.000
4386	4940	2026-06-19 05:24:29+00	8	불합격	치수공차이탈	53	12.054	12.000
4387	4941	2026-06-19 04:08:07+00	8	불합격	치수공차이탈	49	12.053	12.000
4388	4942	2026-06-19 06:59:42+00	8	합격	\N	0	25.005	25.000
4389	4943	2026-06-19 00:58:16+00	8	합격	표면조도불량	4	39.995	40.000
4390	4944	2026-06-20 08:14:05+00	8	합격	스크래치	17	12.005	12.000
4391	4945	2026-06-20 06:19:53+00	8	합격	스크래치	17	15.995	16.000
4392	4946	2026-06-19 02:50:32+00	8	합격	\N	0	2.999	3.000
4393	4947	2026-06-19 04:27:21+00	8	합격	\N	0	5.002	5.000
4394	4948	2026-06-20 08:42:23+00	8	합격	\N	0	19.998	20.000
4395	4949	2026-06-19 08:09:02+00	8	합격	표면조도불량	9	30.002	30.000
4396	4950	2026-06-20 09:02:20+00	8	불합격	치수공차이탈	42	12.050	12.000
4397	4951	2026-06-19 02:09:02+00	8	합격	\N	0	25.005	25.000
4398	4952	2026-06-20 01:06:10+00	8	합격	버(burr)	4	40.003	40.000
4399	4953	2026-06-21 05:43:21+00	8	합격	스크래치	15	7.998	8.000
4400	4954	2026-06-21 08:24:18+00	8	합격	\N	0	12.001	12.000
4401	4955	2026-06-21 01:32:58+00	8	합격	\N	0	16.004	16.000
4402	4956	2026-06-20 02:08:55+00	8	합격	\N	0	3.003	3.000
4403	4957	2026-06-21 06:32:20+00	8	합격	버(burr)	35	5.004	5.000
4404	4958	2026-06-20 04:07:56+00	8	합격	버(burr)	8	30.003	30.000
4405	4959	2026-06-20 05:17:34+00	8	불합격	치수공차이탈	51	10.048	10.000
4406	4960	2026-06-21 06:45:54+00	8	불합격	치수공차이탈	54	10.053	10.000
4407	4961	2026-06-21 04:44:34+00	8	합격	\N	0	25.003	25.000
4408	4962	2026-06-21 07:19:36+00	8	합격	스크래치	5	40.005	40.000
4409	4964	2026-06-23 00:46:09+00	8	합격	\N	0	8.002	8.000
4410	4965	2026-06-22 00:08:04+00	8	합격	스크래치	25	11.993	12.000
4411	4966	2026-06-23 03:40:20+00	8	합격	표면조도불량	17	15.998	16.000
4412	4967	2026-06-23 07:51:32+00	8	합격	표면조도불량	18	2.998	3.000
4413	4968	2026-06-23 00:04:02+00	8	합격	버(burr)	41	4.998	5.000
4414	4970	2026-06-23 08:51:03+00	8	불합격	치수공차이탈	58	10.055	10.000
4415	4971	2026-06-22 02:27:17+00	8	불합격	치수공차이탈	43	10.049	10.000
4416	4972	2026-06-22 07:29:31+00	8	합격	\N	0	24.994	25.000
4417	4973	2026-06-22 05:19:09+00	8	합격	\N	0	39.993	40.000
4418	4974	2026-06-23 01:34:20+00	8	합격	버(burr)	16	8.002	8.000
4419	4975	2026-06-23 06:23:21+00	8	합격	표면조도불량	21	12.005	12.000
4420	4976	2026-06-23 06:44:30+00	8	합격	\N	0	16.001	16.000
4421	4977	2026-06-23 05:10:17+00	8	합격	표면조도불량	26	3.004	3.000
4422	4979	2026-06-24 07:06:34+00	8	합격	버(burr)	8	20.001	20.000
4423	4980	2026-06-23 04:11:52+00	8	합격	버(burr)	12	29.999	30.000
4424	4981	2026-06-24 04:28:31+00	8	불합격	치수공차이탈	55	10.051	10.000
4425	4982	2026-06-23 03:37:11+00	8	불합격	치수공차이탈	45	12.055	12.000
4426	4983	2026-06-23 09:03:08+00	8	합격	버(burr)	2	25.002	25.000
4427	4984	2026-06-25 07:44:08+00	8	합격	\N	0	7.996	8.000
4428	4985	2026-06-25 00:48:14+00	8	합격	표면조도불량	19	8.004	8.000
4429	4987	2026-06-24 08:34:13+00	8	합격	\N	0	3.000	3.000
4430	4988	2026-06-25 02:16:50+00	8	합격	버(burr)	43	5.002	5.000
4431	4990	2026-06-25 04:11:50+00	8	합격	\N	0	29.999	30.000
4432	4991	2026-06-24 09:18:51+00	8	불합격	치수공차이탈	41	10.050	10.000
4433	4992	2026-06-24 08:13:06+00	8	불합격	치수공차이탈	54	12.055	12.000
4434	4993	2026-06-24 05:17:08+00	8	불합격	치수공차이탈	46	12.056	12.000
4435	4994	2026-06-25 08:34:21+00	8	합격	스크래치	4	25.002	25.000
4436	4995	2026-06-25 00:37:00+00	8	합격	표면조도불량	2	39.997	40.000
4437	4996	2026-06-26 08:56:36+00	8	합격	\N	0	7.998	8.000
4438	4997	2026-06-25 04:00:29+00	8	합격	\N	0	8.001	8.000
4439	4998	2026-06-26 08:39:20+00	8	합격	스크래치	32	11.994	12.000
4440	5000	2026-06-26 02:12:24+00	8	합격	\N	0	5.000	5.000
4441	5002	2026-06-26 07:50:56+00	8	합격	\N	0	30.003	30.000
4442	5003	2026-06-26 05:46:51+00	8	불합격	치수공차이탈	62	10.058	10.000
4443	5004	2026-06-25 06:12:10+00	8	불합격	치수공차이탈	55	10.056	10.000
4444	5005	2026-06-25 02:04:26+00	8	불합격	치수공차이탈	66	12.057	12.000
4445	5006	2026-06-26 02:03:05+00	8	합격	스크래치	5	25.001	25.000
4446	5007	2026-06-26 04:25:51+00	8	합격	\N	0	40.001	40.000
4447	5008	2026-06-26 05:47:17+00	8	합격	버(burr)	23	7.996	8.000
4448	5009	2026-06-27 04:03:15+00	8	합격	스크래치	15	7.999	8.000
4449	5010	2026-06-27 05:44:00+00	8	합격	\N	0	12.003	12.000
4450	5011	2026-06-26 03:53:31+00	8	합격	스크래치	25	15.997	16.000
4451	5012	2026-06-27 04:13:43+00	8	합격	스크래치	26	5.000	5.000
4452	5013	2026-06-27 00:38:10+00	8	합격	\N	0	19.999	20.000
4453	5014	2026-06-27 06:44:11+00	8	합격	버(burr)	9	30.003	30.000
4454	5015	2026-06-26 08:58:26+00	8	불합격	치수공차이탈	57	10.056	10.000
4455	5016	2026-06-26 01:29:55+00	8	불합격	치수공차이탈	41	12.064	12.000
4456	5017	2026-06-27 06:44:51+00	8	불합격	치수공차이탈	57	12.055	12.000
4457	5018	2026-06-26 06:38:19+00	8	합격	버(burr)	3	24.998	25.000
4458	5019	2026-06-27 00:47:41+00	8	합격	표면조도불량	5	39.994	40.000
4459	5020	2026-06-27 01:49:18+00	8	합격	\N	0	8.002	8.000
4460	5021	2026-06-28 04:44:26+00	8	합격	\N	0	8.004	8.000
4461	5022	2026-06-27 09:40:39+00	8	합격	버(burr)	51	2.998	3.000
4462	5024	2026-06-27 07:18:17+00	8	합격	표면조도불량	13	20.002	20.000
4463	5026	2026-06-27 05:04:52+00	8	합격	\N	0	25.000	25.000
4464	5027	2026-06-27 02:50:04+00	8	합격	표면조도불량	3	40.003	40.000
4465	5028	2026-06-29 00:54:23+00	8	합격	\N	0	8.004	8.000
4466	5029	2026-06-29 05:49:31+00	8	합격	버(burr)	15	11.998	12.000
4467	5030	2026-06-30 02:03:34+00	8	합격	표면조도불량	27	15.994	16.000
4468	5031	2026-06-30 00:09:00+00	8	합격	표면조도불량	20	3.000	3.000
4469	5032	2026-06-29 09:33:01+00	8	합격	스크래치	13	19.996	20.000
4470	5034	2026-06-30 00:11:11+00	8	불합격	치수공차이탈	61	10.054	10.000
4471	5035	2026-06-30 09:12:49+00	8	불합격	치수공차이탈	63	10.055	10.000
4472	5036	2026-06-29 04:54:09+00	8	합격	버(burr)	5	24.996	25.000
4473	5037	2026-06-30 03:26:15+00	8	합격	버(burr)	10	8.003	8.000
4474	5038	2026-06-30 06:54:44+00	8	합격	표면조도불량	56	2.996	3.000
4475	5039	2026-06-30 00:46:46+00	8	합격	버(burr)	10	20.001	20.000
4476	5040	2026-06-30 01:16:05+00	8	합격	표면조도불량	9	30.004	30.000
4477	5041	2026-06-30 08:30:09+00	8	불합격	치수공차이탈	67	10.058	10.000
4478	5042	2026-06-30 00:24:12+00	8	불합격	치수공차이탈	54	10.057	10.000
4479	5043	2026-06-30 09:42:40+00	8	불합격	치수공차이탈	53	12.059	12.000
4480	5045	2026-06-30 06:44:24+00	8	합격	\N	0	39.997	40.000
\.


--
-- Data for Name: safety_events; Type: TABLE DATA; Schema: public; Owner: -
--

COPY public.safety_events (event_id, line_id, camera_id, event_type, severity, detected_at, duration_sec) FROM stdin;
1	4	CAM-L4-01	위험구역침입	중	2025-01-03 02:18:48+00	5
2	4	CAM-L4-01	위험구역침입	중	2025-01-04 00:48:37+00	11
3	3	CAM-L3-01	PPE미착용	하	2025-01-08 10:19:45+00	8
4	1	CAM-L1-01	체류초과	하	2025-01-08 10:58:58+00	12
5	2	CAM-L2-01	위험구역침입	하	2025-01-09 05:19:49+00	9
6	4	CAM-L4-01	위험구역침입	하	2025-01-10 05:56:53+00	6
7	2	CAM-L2-01	PPE미착용	하	2025-01-10 06:18:12+00	9
8	2	CAM-L2-01	체류초과	하	2025-01-11 04:27:17+00	5
9	4	CAM-L4-01	위험구역침입	하	2025-01-12 22:41:07+00	3
10	2	CAM-L2-01	PPE미착용	중	2025-01-14 11:18:59+00	10
11	3	CAM-L3-01	위험구역침입	하	2025-01-15 12:42:28+00	9
12	1	CAM-L1-01	체류초과	하	2025-01-16 12:24:36+00	3
13	2	CAM-L2-01	체류초과	하	2025-01-17 07:35:56+00	11
14	1	CAM-L1-01	위험구역침입	중	2025-01-18 09:09:27+00	6
15	3	CAM-L3-01	PPE미착용	중	2025-01-21 08:53:27+00	3
16	2	CAM-L2-01	위험구역침입	하	2025-01-23 00:47:24+00	3
17	1	CAM-L1-01	PPE미착용	하	2025-01-23 06:56:53+00	11
18	3	CAM-L3-01	위험구역침입	하	2025-01-31 00:45:15+00	7
19	3	CAM-L3-01	위험구역침입	하	2025-02-03 23:19:53+00	6
20	2	CAM-L2-01	체류초과	하	2025-02-04 09:08:11+00	7
21	3	CAM-L3-01	위험구역침입	하	2025-02-06 02:06:31+00	4
22	4	CAM-L4-01	PPE미착용	하	2025-02-06 08:29:53+00	8
23	3	CAM-L3-01	위험구역침입	중	2025-02-11 07:43:23+00	8
24	3	CAM-L3-01	PPE미착용	하	2025-02-12 13:32:43+00	10
25	1	CAM-L1-01	체류초과	하	2025-02-12 21:01:24+00	5
26	1	CAM-L1-01	체류초과	하	2025-02-18 01:03:20+00	9
27	4	CAM-L4-01	체류초과	하	2025-02-18 11:26:41+00	5
28	3	CAM-L3-01	체류초과	중	2025-02-20 11:17:04+00	8
29	4	CAM-L4-01	PPE미착용	하	2025-02-20 23:11:20+00	10
30	3	CAM-L3-01	PPE미착용	중	2025-02-24 09:53:28+00	8
31	4	CAM-L4-01	PPE미착용	하	2025-02-25 08:27:03+00	6
32	4	CAM-L4-01	PPE미착용	하	2025-02-26 06:41:26+00	11
33	1	CAM-L1-01	PPE미착용	하	2025-02-27 00:53:19+00	9
34	3	CAM-L3-01	위험구역침입	중	2025-02-28 04:50:27+00	5
35	1	CAM-L1-01	체류초과	하	2025-02-28 10:16:41+00	11
36	3	CAM-L3-01	PPE미착용	중	2025-03-04 09:24:41+00	9
37	1	CAM-L1-01	PPE미착용	하	2025-03-05 09:32:55+00	8
38	4	CAM-L4-01	체류초과	하	2025-03-05 10:44:29+00	11
39	3	CAM-L3-01	위험구역침입	하	2025-03-05 22:06:10+00	7
40	1	CAM-L1-01	위험구역침입	중	2025-03-06 01:05:57+00	8
41	3	CAM-L3-01	위험구역침입	하	2025-03-08 08:24:17+00	8
42	1	CAM-L1-01	체류초과	하	2025-03-09 23:50:25+00	7
43	4	CAM-L4-01	PPE미착용	하	2025-03-12 03:19:18+00	9
44	2	CAM-L2-01	위험구역침입	하	2025-03-12 03:40:23+00	12
45	4	CAM-L4-01	PPE미착용	하	2025-03-13 04:24:51+00	12
46	3	CAM-L3-01	PPE미착용	중	2025-03-14 09:38:59+00	3
47	4	CAM-L4-01	PPE미착용	하	2025-03-14 12:41:53+00	6
48	1	CAM-L1-01	체류초과	하	2025-03-19 06:16:38+00	7
49	3	CAM-L3-01	PPE미착용	중	2025-03-20 12:06:37+00	10
50	4	CAM-L4-01	위험구역침입	하	2025-03-21 03:56:41+00	12
51	2	CAM-L2-01	위험구역침입	하	2025-03-25 05:41:47+00	10
52	1	CAM-L1-01	체류초과	하	2025-03-26 00:26:22+00	10
53	3	CAM-L3-01	체류초과	중	2025-03-26 09:03:20+00	12
54	1	CAM-L1-01	체류초과	중	2025-03-27 09:35:49+00	7
55	1	CAM-L1-01	체류초과	하	2025-03-28 05:59:30+00	10
56	3	CAM-L3-01	위험구역침입	하	2025-03-28 13:31:19+00	10
57	4	CAM-L4-01	체류초과	중	2025-03-29 00:03:03+00	3
58	4	CAM-L4-01	위험구역침입	하	2025-04-01 02:28:10+00	9
59	2	CAM-L2-01	위험구역침입	중	2025-04-01 04:13:20+00	5
60	4	CAM-L4-01	체류초과	하	2025-04-02 12:55:48+00	6
61	2	CAM-L2-01	위험구역침입	하	2025-04-04 11:53:35+00	7
62	2	CAM-L2-01	체류초과	중	2025-04-05 09:10:28+00	7
63	2	CAM-L2-01	체류초과	하	2025-04-07 08:51:24+00	10
64	1	CAM-L1-01	체류초과	하	2025-04-07 09:39:18+00	4
65	1	CAM-L1-01	체류초과	하	2025-04-08 04:55:05+00	11
66	3	CAM-L3-01	체류초과	하	2025-04-08 06:22:25+00	8
67	2	CAM-L2-01	PPE미착용	하	2025-04-08 11:10:42+00	8
68	1	CAM-L1-01	체류초과	하	2025-04-08 23:29:40+00	7
69	4	CAM-L4-01	PPE미착용	중	2025-04-09 08:10:54+00	3
70	2	CAM-L2-01	체류초과	하	2025-04-09 10:57:35+00	10
71	1	CAM-L1-01	PPE미착용	중	2025-04-09 21:41:18+00	7
72	2	CAM-L2-01	위험구역침입	중	2025-04-11 10:57:57+00	11
73	1	CAM-L1-01	체류초과	하	2025-04-16 10:34:10+00	8
74	1	CAM-L1-01	위험구역침입	하	2025-04-17 10:36:23+00	9
75	2	CAM-L2-01	PPE미착용	하	2025-04-18 04:26:44+00	10
76	2	CAM-L2-01	PPE미착용	하	2025-04-21 06:11:21+00	10
77	3	CAM-L3-01	체류초과	하	2025-04-23 06:40:29+00	3
78	4	CAM-L4-01	체류초과	하	2025-04-28 06:12:12+00	8
79	1	CAM-L1-01	체류초과	하	2025-04-28 06:24:31+00	6
80	1	CAM-L1-01	체류초과	하	2025-04-29 01:37:23+00	8
81	3	CAM-L3-01	PPE미착용	하	2025-05-07 02:42:36+00	6
82	3	CAM-L3-01	체류초과	하	2025-05-08 11:13:39+00	12
83	1	CAM-L1-01	체류초과	하	2025-05-13 23:03:43+00	7
84	3	CAM-L3-01	PPE미착용	중	2025-05-16 11:50:39+00	7
85	1	CAM-L1-01	위험구역침입	중	2025-05-19 12:37:24+00	8
86	3	CAM-L3-01	위험구역침입	하	2025-05-22 01:11:16+00	4
87	3	CAM-L3-01	PPE미착용	하	2025-05-22 22:28:36+00	8
88	4	CAM-L4-01	체류초과	하	2025-05-24 04:55:41+00	3
89	3	CAM-L3-01	체류초과	하	2025-05-26 05:40:22+00	3
90	3	CAM-L3-01	PPE미착용	하	2025-05-29 12:29:39+00	5
91	4	CAM-L4-01	PPE미착용	중	2025-05-31 08:43:38+00	6
92	3	CAM-L3-01	위험구역침입	하	2025-06-02 08:25:29+00	11
93	4	CAM-L4-01	PPE미착용	하	2025-06-02 10:41:40+00	7
94	3	CAM-L3-01	PPE미착용	하	2025-06-02 22:15:31+00	3
95	4	CAM-L4-01	위험구역침입	중	2025-06-04 05:14:45+00	5
96	1	CAM-L1-01	PPE미착용	하	2025-06-04 11:14:05+00	9
97	3	CAM-L3-01	체류초과	하	2025-06-04 13:09:49+00	9
98	1	CAM-L1-01	체류초과	하	2025-06-07 03:39:15+00	8
99	1	CAM-L1-01	PPE미착용	하	2025-06-09 13:48:40+00	4
100	1	CAM-L1-01	위험구역침입	하	2025-06-11 02:50:49+00	4
101	1	CAM-L1-01	위험구역침입	하	2025-06-12 05:12:48+00	3
102	2	CAM-L2-01	체류초과	중	2025-06-12 21:47:51+00	10
103	3	CAM-L3-01	위험구역침입	하	2025-06-16 07:07:28+00	3
104	3	CAM-L3-01	체류초과	하	2025-06-19 02:24:32+00	12
105	2	CAM-L2-01	위험구역침입	중	2025-06-23 12:17:20+00	8
106	2	CAM-L2-01	PPE미착용	하	2025-06-25 09:18:14+00	4
107	1	CAM-L1-01	위험구역침입	하	2025-06-25 21:21:36+00	10
108	3	CAM-L3-01	체류초과	중	2025-06-26 00:48:20+00	7
109	4	CAM-L4-01	체류초과	하	2025-06-27 23:52:01+00	8
110	2	CAM-L2-01	위험구역침입	하	2025-06-30 10:38:19+00	6
111	4	CAM-L4-01	위험구역침입	하	2025-07-02 08:35:04+00	3
112	3	CAM-L3-01	위험구역침입	하	2025-07-03 07:02:11+00	3
113	1	CAM-L1-01	PPE미착용	중	2025-07-03 12:38:46+00	11
114	3	CAM-L3-01	체류초과	중	2025-07-04 08:40:11+00	7
115	3	CAM-L3-01	PPE미착용	중	2025-07-05 08:34:20+00	9
116	4	CAM-L4-01	PPE미착용	중	2025-07-14 05:12:49+00	5
117	2	CAM-L2-01	체류초과	하	2025-07-14 12:19:56+00	7
118	2	CAM-L2-01	위험구역침입	중	2025-07-16 11:57:03+00	9
119	2	CAM-L2-01	PPE미착용	하	2025-07-21 08:26:33+00	4
120	1	CAM-L1-01	위험구역침입	중	2025-07-23 07:09:11+00	5
121	1	CAM-L1-01	위험구역침입	하	2025-07-26 09:21:23+00	7
122	3	CAM-L3-01	PPE미착용	하	2025-07-29 01:48:58+00	5
123	4	CAM-L4-01	PPE미착용	하	2025-07-31 04:57:22+00	12
124	2	CAM-L2-01	위험구역침입	중	2025-07-31 06:59:40+00	11
125	3	CAM-L3-01	체류초과	하	2025-08-01 01:13:51+00	11
126	1	CAM-L1-01	위험구역침입	하	2025-08-01 01:15:08+00	9
127	2	CAM-L2-01	위험구역침입	중	2025-08-02 07:57:30+00	8
128	1	CAM-L1-01	PPE미착용	하	2025-08-04 08:29:03+00	3
129	2	CAM-L2-01	위험구역침입	하	2025-08-04 11:28:34+00	10
130	2	CAM-L2-01	위험구역침입	하	2025-08-06 22:33:46+00	9
131	3	CAM-L3-01	PPE미착용	하	2025-08-09 04:17:38+00	10
132	1	CAM-L1-01	위험구역침입	하	2025-08-09 13:30:36+00	9
133	1	CAM-L1-01	위험구역침입	중	2025-08-12 00:11:20+00	9
134	3	CAM-L3-01	체류초과	하	2025-08-12 03:38:09+00	4
135	2	CAM-L2-01	위험구역침입	중	2025-08-12 12:01:43+00	11
136	3	CAM-L3-01	체류초과	중	2025-08-14 04:58:13+00	8
137	1	CAM-L1-01	PPE미착용	하	2025-08-16 00:42:58+00	4
138	2	CAM-L2-01	체류초과	하	2025-08-19 04:52:13+00	7
139	3	CAM-L3-01	체류초과	중	2025-08-20 04:47:36+00	5
140	2	CAM-L2-01	체류초과	하	2025-08-21 05:22:56+00	4
141	3	CAM-L3-01	체류초과	하	2025-08-22 01:37:22+00	8
142	4	CAM-L4-01	PPE미착용	중	2025-08-22 04:43:51+00	8
143	3	CAM-L3-01	PPE미착용	하	2025-08-22 21:32:52+00	4
144	1	CAM-L1-01	위험구역침입	하	2025-08-22 21:50:43+00	6
145	1	CAM-L1-01	체류초과	중	2025-08-25 12:20:43+00	7
146	1	CAM-L1-01	체류초과	하	2025-08-25 23:07:27+00	10
147	3	CAM-L3-01	체류초과	하	2025-08-26 02:38:48+00	10
148	1	CAM-L1-01	PPE미착용	하	2025-08-28 03:33:10+00	11
149	2	CAM-L2-01	PPE미착용	하	2025-08-29 10:58:06+00	8
150	4	CAM-L4-01	위험구역침입	중	2025-09-02 03:38:36+00	8
151	2	CAM-L2-01	PPE미착용	하	2025-09-03 02:03:50+00	12
152	4	CAM-L4-01	위험구역침입	하	2025-09-03 09:19:30+00	5
153	3	CAM-L3-01	체류초과	중	2025-09-04 07:36:27+00	5
154	2	CAM-L2-01	체류초과	하	2025-09-04 07:40:11+00	8
155	3	CAM-L3-01	위험구역침입	하	2025-09-05 21:17:58+00	9
156	4	CAM-L4-01	위험구역침입	하	2025-09-07 22:16:08+00	12
157	4	CAM-L4-01	위험구역침입	하	2025-09-10 09:53:49+00	10
158	1	CAM-L1-01	PPE미착용	중	2025-09-13 13:11:24+00	6
159	2	CAM-L2-01	체류초과	하	2025-09-15 03:59:27+00	4
160	4	CAM-L4-01	위험구역침입	하	2025-09-17 04:44:44+00	5
161	1	CAM-L1-01	체류초과	중	2025-09-18 02:49:28+00	8
162	3	CAM-L3-01	체류초과	중	2025-09-23 23:15:03+00	6
163	4	CAM-L4-01	위험구역침입	하	2025-09-26 06:03:48+00	10
164	2	CAM-L2-01	위험구역침입	하	2025-09-27 04:38:42+00	9
165	1	CAM-L1-01	PPE미착용	중	2025-09-27 04:52:07+00	7
166	3	CAM-L3-01	위험구역침입	하	2025-09-29 22:32:38+00	6
167	4	CAM-L4-01	위험구역침입	중	2025-09-30 21:08:48+00	4
168	3	CAM-L3-01	체류초과	중	2025-10-01 11:37:13+00	11
169	2	CAM-L2-01	PPE미착용	중	2025-10-02 03:05:42+00	7
170	2	CAM-L2-01	PPE미착용	중	2025-10-10 05:22:31+00	6
171	3	CAM-L3-01	PPE미착용	하	2025-10-10 06:36:20+00	10
172	2	CAM-L2-01	위험구역침입	하	2025-10-13 23:56:50+00	12
173	1	CAM-L1-01	위험구역침입	하	2025-10-14 04:18:53+00	7
174	2	CAM-L2-01	체류초과	하	2025-10-14 23:25:14+00	4
175	4	CAM-L4-01	PPE미착용	하	2025-10-16 06:13:05+00	6
176	1	CAM-L1-01	위험구역침입	하	2025-10-17 10:36:47+00	12
177	1	CAM-L1-01	PPE미착용	중	2025-10-19 23:23:50+00	5
178	4	CAM-L4-01	체류초과	중	2025-10-21 10:26:01+00	4
179	2	CAM-L2-01	체류초과	하	2025-10-24 01:26:18+00	5
180	4	CAM-L4-01	PPE미착용	하	2025-10-24 07:09:27+00	11
181	3	CAM-L3-01	체류초과	중	2025-10-25 01:59:14+00	3
182	2	CAM-L2-01	PPE미착용	중	2025-10-27 23:31:26+00	7
183	3	CAM-L3-01	PPE미착용	중	2025-11-01 04:59:54+00	7
184	4	CAM-L4-01	PPE미착용	하	2025-11-03 04:53:24+00	8
185	4	CAM-L4-01	PPE미착용	중	2025-11-07 01:12:47+00	7
186	2	CAM-L2-01	위험구역침입	하	2025-11-09 22:55:45+00	4
187	2	CAM-L2-01	체류초과	중	2025-11-12 00:55:58+00	4
188	3	CAM-L3-01	PPE미착용	하	2025-11-12 03:18:26+00	11
189	3	CAM-L3-01	위험구역침입	하	2025-11-14 07:28:45+00	12
190	2	CAM-L2-01	PPE미착용	하	2025-11-15 08:46:18+00	5
191	3	CAM-L3-01	PPE미착용	중	2025-11-20 08:36:55+00	5
192	3	CAM-L3-01	체류초과	중	2025-11-22 04:15:44+00	11
193	1	CAM-L1-01	위험구역침입	하	2025-11-23 21:37:58+00	7
194	3	CAM-L3-01	체류초과	하	2025-11-24 09:52:16+00	8
195	1	CAM-L1-01	체류초과	하	2025-11-25 00:57:15+00	11
196	1	CAM-L1-01	PPE미착용	하	2025-11-29 08:33:14+00	11
197	3	CAM-L3-01	위험구역침입	하	2025-12-02 10:19:31+00	10
198	4	CAM-L4-01	체류초과	하	2025-12-02 22:57:28+00	8
199	3	CAM-L3-01	체류초과	하	2025-12-03 22:06:17+00	11
200	1	CAM-L1-01	PPE미착용	하	2025-12-04 10:18:12+00	10
201	2	CAM-L2-01	체류초과	하	2025-12-08 08:08:49+00	8
202	4	CAM-L4-01	위험구역침입	하	2025-12-08 13:06:38+00	9
203	3	CAM-L3-01	체류초과	하	2025-12-09 03:29:04+00	8
204	4	CAM-L4-01	PPE미착용	하	2025-12-10 07:00:43+00	5
205	2	CAM-L2-01	체류초과	하	2025-12-10 12:41:49+00	4
206	4	CAM-L4-01	PPE미착용	하	2025-12-11 22:43:19+00	9
207	2	CAM-L2-01	체류초과	하	2025-12-12 02:35:17+00	10
208	2	CAM-L2-01	PPE미착용	하	2025-12-13 08:28:33+00	4
209	3	CAM-L3-01	체류초과	중	2025-12-15 05:35:37+00	4
210	4	CAM-L4-01	위험구역침입	중	2025-12-16 00:45:18+00	6
211	4	CAM-L4-01	체류초과	하	2025-12-17 00:47:05+00	5
212	2	CAM-L2-01	PPE미착용	하	2025-12-19 02:20:41+00	9
213	1	CAM-L1-01	위험구역침입	하	2025-12-19 22:52:06+00	8
214	4	CAM-L4-01	체류초과	하	2025-12-20 07:14:54+00	7
215	3	CAM-L3-01	체류초과	하	2025-12-22 06:34:01+00	6
216	3	CAM-L3-01	체류초과	중	2026-01-01 22:40:36+00	6
217	4	CAM-L4-01	PPE미착용	하	2026-01-03 08:20:36+00	11
218	3	CAM-L3-01	체류초과	중	2026-01-03 11:51:32+00	10
219	4	CAM-L4-01	체류초과	하	2026-01-05 06:33:25+00	9
220	1	CAM-L1-01	체류초과	하	2026-01-06 04:46:32+00	6
221	2	CAM-L2-01	체류초과	하	2026-01-07 01:26:03+00	11
222	1	CAM-L1-01	PPE미착용	중	2026-01-10 07:07:51+00	7
223	3	CAM-L3-01	위험구역침입	중	2026-01-10 13:12:58+00	5
224	2	CAM-L2-01	체류초과	중	2026-01-11 23:02:43+00	7
225	4	CAM-L4-01	PPE미착용	하	2026-01-12 08:16:32+00	8
226	1	CAM-L1-01	PPE미착용	중	2026-01-13 01:53:33+00	8
227	2	CAM-L2-01	위험구역침입	중	2026-01-13 23:10:16+00	9
228	1	CAM-L1-01	위험구역침입	하	2026-01-15 05:42:07+00	4
229	4	CAM-L4-01	PPE미착용	중	2026-01-19 08:59:33+00	11
230	3	CAM-L3-01	PPE미착용	하	2026-01-19 11:50:27+00	11
231	1	CAM-L1-01	PPE미착용	중	2026-01-21 12:59:15+00	12
232	4	CAM-L4-01	체류초과	중	2026-01-23 06:46:06+00	7
233	3	CAM-L3-01	위험구역침입	하	2026-01-23 08:05:45+00	11
234	3	CAM-L3-01	PPE미착용	하	2026-01-24 08:42:35+00	6
235	1	CAM-L1-01	위험구역침입	하	2026-01-24 11:48:35+00	6
236	2	CAM-L2-01	위험구역침입	하	2026-01-26 02:25:34+00	11
237	2	CAM-L2-01	체류초과	중	2026-01-28 01:23:16+00	8
238	1	CAM-L1-01	PPE미착용	중	2026-01-28 07:33:39+00	9
239	3	CAM-L3-01	위험구역침입	하	2026-01-29 00:36:59+00	9
240	3	CAM-L3-01	위험구역침입	하	2026-01-29 23:55:31+00	10
241	3	CAM-L3-01	체류초과	하	2026-01-31 07:23:46+00	3
242	2	CAM-L2-01	체류초과	하	2026-02-02 01:11:13+00	3
243	2	CAM-L2-01	PPE미착용	하	2026-02-04 02:18:59+00	5
244	3	CAM-L3-01	위험구역침입	하	2026-02-04 09:01:26+00	4
245	3	CAM-L3-01	PPE미착용	중	2026-02-05 04:25:10+00	5
246	3	CAM-L3-01	위험구역침입	하	2026-02-06 05:03:37+00	11
247	3	CAM-L3-01	위험구역침입	중	2026-02-09 00:48:25+00	7
248	4	CAM-L4-01	PPE미착용	하	2026-02-09 06:01:49+00	8
249	1	CAM-L1-01	PPE미착용	하	2026-02-11 12:53:42+00	8
250	4	CAM-L4-01	체류초과	하	2026-02-12 04:52:22+00	12
251	1	CAM-L1-01	위험구역침입	하	2026-02-13 03:19:50+00	5
252	2	CAM-L2-01	PPE미착용	중	2026-02-13 21:36:04+00	8
253	4	CAM-L4-01	PPE미착용	하	2026-02-18 23:35:10+00	9
254	1	CAM-L1-01	체류초과	하	2026-02-23 01:53:48+00	11
255	3	CAM-L3-01	위험구역침입	하	2026-02-27 06:21:20+00	5
256	2	CAM-L2-01	체류초과	중	2026-02-27 22:38:06+00	5
257	1	CAM-L1-01	체류초과	하	2026-02-28 01:10:25+00	7
258	3	CAM-L3-01	체류초과	하	2026-03-02 00:01:11+00	6
259	4	CAM-L4-01	체류초과	하	2026-03-02 10:57:12+00	9
260	4	CAM-L4-01	체류초과	하	2026-03-03 04:31:54+00	10
261	1	CAM-L1-01	체류초과	하	2026-03-03 06:00:50+00	10
262	4	CAM-L4-01	위험구역침입	하	2026-03-04 00:56:26+00	4
263	2	CAM-L2-01	체류초과	중	2026-03-04 04:36:25+00	3
264	2	CAM-L2-01	PPE미착용	하	2026-03-05 01:21:32+00	9
265	4	CAM-L4-01	PPE미착용	하	2026-03-06 10:48:47+00	12
266	2	CAM-L2-01	체류초과	중	2026-03-07 08:21:35+00	7
267	4	CAM-L4-01	위험구역침입	하	2026-03-07 10:31:22+00	7
268	1	CAM-L1-01	위험구역침입	하	2026-03-10 10:31:33+00	12
269	2	CAM-L2-01	위험구역침입	중	2026-03-10 11:15:30+00	7
270	1	CAM-L1-01	PPE미착용	하	2026-03-11 05:45:58+00	4
271	3	CAM-L3-01	위험구역침입	하	2026-03-11 11:42:50+00	7
272	3	CAM-L3-01	PPE미착용	중	2026-03-12 10:03:32+00	4
273	2	CAM-L2-01	위험구역침입	하	2026-03-13 03:16:44+00	4
274	4	CAM-L4-01	PPE미착용	하	2026-03-16 01:29:23+00	7
275	1	CAM-L1-01	PPE미착용	중	2026-03-16 08:52:39+00	4
276	4	CAM-L4-01	위험구역침입	하	2026-03-17 09:23:27+00	10
277	2	CAM-L2-01	체류초과	하	2026-03-17 13:16:22+00	8
278	3	CAM-L3-01	체류초과	중	2026-03-18 07:59:40+00	6
279	1	CAM-L1-01	체류초과	중	2026-03-18 09:36:54+00	12
280	2	CAM-L2-01	PPE미착용	하	2026-03-19 04:52:45+00	12
281	2	CAM-L2-01	위험구역침입	중	2026-03-20 05:27:06+00	4
282	3	CAM-L3-01	체류초과	하	2026-03-21 01:36:36+00	9
283	3	CAM-L3-01	위험구역침입	하	2026-03-23 02:10:13+00	9
284	1	CAM-L1-01	체류초과	하	2026-03-23 03:06:27+00	6
285	2	CAM-L2-01	PPE미착용	하	2026-03-23 04:35:08+00	7
286	4	CAM-L4-01	체류초과	하	2026-03-25 02:54:31+00	5
287	2	CAM-L2-01	체류초과	중	2026-03-27 11:06:40+00	11
288	4	CAM-L4-01	위험구역침입	하	2026-04-01 11:53:53+00	7
289	2	CAM-L2-01	위험구역침입	하	2026-04-01 12:54:39+00	7
290	4	CAM-L4-01	PPE미착용	하	2026-04-02 01:34:59+00	5
291	2	CAM-L2-01	PPE미착용	하	2026-04-04 03:44:25+00	3
292	1	CAM-L1-01	위험구역침입	하	2026-04-08 04:47:26+00	12
293	4	CAM-L4-01	체류초과	중	2026-04-08 07:51:02+00	9
294	4	CAM-L4-01	위험구역침입	하	2026-04-09 00:08:41+00	9
295	2	CAM-L2-01	PPE미착용	하	2026-04-09 02:38:45+00	3
296	4	CAM-L4-01	위험구역침입	하	2026-04-10 08:58:43+00	8
297	1	CAM-L1-01	위험구역침입	하	2026-04-10 13:54:56+00	6
298	2	CAM-L2-01	PPE미착용	하	2026-04-10 23:53:36+00	3
299	3	CAM-L3-01	위험구역침입	중	2026-04-11 11:19:06+00	4
300	1	CAM-L1-01	PPE미착용	하	2026-04-11 13:12:09+00	9
301	2	CAM-L2-01	PPE미착용	하	2026-04-13 00:18:19+00	12
302	3	CAM-L3-01	PPE미착용	하	2026-04-13 02:49:35+00	5
303	1	CAM-L1-01	PPE미착용	중	2026-04-14 23:58:26+00	7
304	3	CAM-L3-01	체류초과	하	2026-04-15 04:44:07+00	5
305	3	CAM-L3-01	위험구역침입	중	2026-04-15 06:27:35+00	15
306	3	CAM-L3-01	위험구역침입	상	2026-04-15 21:01:59+00	17
307	3	CAM-L3-01	위험구역침입	중	2026-04-16 00:12:48+00	63
308	3	CAM-L3-01	위험구역침입	중	2026-04-16 23:26:15+00	37
309	3	CAM-L3-01	위험구역침입	중	2026-04-16 23:28:38+00	55
310	1	CAM-L1-01	위험구역침입	중	2026-04-17 01:27:34+00	8
311	2	CAM-L2-01	체류초과	하	2026-04-17 05:26:27+00	9
312	3	CAM-L3-01	위험구역침입	중	2026-04-18 08:09:47+00	55
313	3	CAM-L3-01	위험구역침입	중	2026-04-19 23:31:26+00	18
314	3	CAM-L3-01	위험구역침입	중	2026-04-20 03:14:55+00	58
315	3	CAM-L3-01	위험구역침입	상	2026-04-21 06:11:54+00	51
316	3	CAM-L3-01	위험구역침입	상	2026-04-21 11:00:43+00	50
317	3	CAM-L3-01	위험구역침입	중	2026-04-22 03:46:40+00	22
318	4	CAM-L4-01	PPE미착용	하	2026-04-22 05:42:06+00	6
319	3	CAM-L3-01	위험구역침입	상	2026-04-22 06:02:58+00	68
320	3	CAM-L3-01	위험구역침입	상	2026-04-23 00:31:00+00	56
321	3	CAM-L3-01	위험구역침입	중	2026-04-23 01:21:15+00	51
322	1	CAM-L1-01	체류초과	하	2026-04-23 13:55:59+00	7
323	3	CAM-L3-01	PPE미착용	하	2026-04-24 04:06:04+00	10
324	3	CAM-L3-01	위험구역침입	중	2026-04-24 06:43:18+00	15
325	3	CAM-L3-01	위험구역침입	중	2026-04-24 07:51:28+00	23
326	3	CAM-L3-01	위험구역침입	상	2026-04-25 05:46:21+00	31
327	3	CAM-L3-01	체류초과	하	2026-04-25 07:33:34+00	8
328	2	CAM-L2-01	체류초과	중	2026-04-25 09:13:20+00	10
329	3	CAM-L3-01	위험구역침입	중	2026-04-25 11:59:46+00	50
330	3	CAM-L3-01	위험구역침입	상	2026-04-27 05:31:46+00	49
331	3	CAM-L3-01	위험구역침입	중	2026-04-27 13:00:32+00	23
332	3	CAM-L3-01	위험구역침입	중	2026-04-28 02:13:27+00	30
333	3	CAM-L3-01	위험구역침입	상	2026-04-28 12:44:16+00	66
334	3	CAM-L3-01	PPE미착용	하	2026-04-28 13:53:41+00	4
335	2	CAM-L2-01	PPE미착용	하	2026-04-29 01:25:53+00	10
336	3	CAM-L3-01	위험구역침입	상	2026-04-29 02:48:02+00	32
337	3	CAM-L3-01	위험구역침입	중	2026-04-29 03:56:06+00	68
338	3	CAM-L3-01	위험구역침입	상	2026-04-30 03:17:43+00	52
339	3	CAM-L3-01	체류초과	하	2026-04-30 05:53:29+00	5
340	3	CAM-L3-01	위험구역침입	중	2026-04-30 13:19:32+00	25
341	3	CAM-L3-01	체류초과	중	2026-04-30 21:22:51+00	8
342	3	CAM-L3-01	위험구역침입	상	2026-05-01 04:06:41+00	23
343	3	CAM-L3-01	위험구역침입	중	2026-05-01 09:27:49+00	33
344	2	CAM-L2-01	위험구역침입	하	2026-05-01 11:00:21+00	10
345	3	CAM-L3-01	위험구역침입	상	2026-05-02 00:12:02+00	26
346	3	CAM-L3-01	위험구역침입	중	2026-05-02 10:06:52+00	62
347	3	CAM-L3-01	위험구역침입	상	2026-05-04 02:20:24+00	36
348	3	CAM-L3-01	위험구역침입	중	2026-05-04 08:12:05+00	27
349	3	CAM-L3-01	위험구역침입	중	2026-05-05 04:31:05+00	66
350	3	CAM-L3-01	위험구역침입	중	2026-05-05 13:14:13+00	29
351	3	CAM-L3-01	위험구역침입	상	2026-05-05 23:06:04+00	25
352	3	CAM-L3-01	위험구역침입	상	2026-05-06 12:03:43+00	54
353	3	CAM-L3-01	위험구역침입	중	2026-05-07 00:19:59+00	39
354	3	CAM-L3-01	위험구역침입	중	2026-05-07 02:14:30+00	19
355	3	CAM-L3-01	위험구역침입	중	2026-05-08 03:47:12+00	45
356	3	CAM-L3-01	위험구역침입	상	2026-05-08 05:13:31+00	24
357	4	CAM-L4-01	위험구역침입	중	2026-05-08 21:27:23+00	12
358	1	CAM-L1-01	위험구역침입	중	2026-05-09 02:53:09+00	11
359	3	CAM-L3-01	위험구역침입	중	2026-05-09 07:30:37+00	48
360	3	CAM-L3-01	위험구역침입	중	2026-05-09 10:25:05+00	38
361	3	CAM-L3-01	위험구역침입	중	2026-05-10 22:29:11+00	41
362	3	CAM-L3-01	위험구역침입	중	2026-05-11 09:50:34+00	67
363	3	CAM-L3-01	위험구역침입	상	2026-05-11 22:43:09+00	69
364	3	CAM-L3-01	위험구역침입	중	2026-05-12 00:08:18+00	43
365	4	CAM-L4-01	체류초과	하	2026-05-12 04:06:01+00	6
366	3	CAM-L3-01	위험구역침입	중	2026-05-12 07:16:23+00	57
367	4	CAM-L4-01	위험구역침입	하	2026-05-13 00:09:00+00	4
368	3	CAM-L3-01	위험구역침입	중	2026-05-13 05:33:46+00	35
369	3	CAM-L3-01	위험구역침입	중	2026-05-13 07:00:06+00	52
370	3	CAM-L3-01	PPE미착용	하	2026-05-13 09:54:55+00	5
371	3	CAM-L3-01	위험구역침입	상	2026-05-13 10:10:40+00	50
372	3	CAM-L3-01	위험구역침입	중	2026-05-13 22:39:24+00	46
373	3	CAM-L3-01	위험구역침입	중	2026-05-14 00:17:32+00	58
374	3	CAM-L3-01	위험구역침입	중	2026-05-14 06:58:09+00	21
375	3	CAM-L3-01	위험구역침입	중	2026-05-14 21:09:27+00	55
376	1	CAM-L1-01	체류초과	하	2026-05-14 21:44:41+00	7
377	3	CAM-L3-01	위험구역침입	중	2026-05-15 00:11:10+00	41
378	3	CAM-L3-01	위험구역침입	상	2026-05-15 08:59:32+00	31
379	4	CAM-L4-01	PPE미착용	하	2026-05-15 13:11:03+00	11
380	1	CAM-L1-01	체류초과	중	2026-05-16 03:28:57+00	8
381	3	CAM-L3-01	위험구역침입	중	2026-05-16 07:04:08+00	63
382	3	CAM-L3-01	위험구역침입	상	2026-05-16 09:33:11+00	21
383	3	CAM-L3-01	위험구역침입	상	2026-05-16 09:43:40+00	34
384	3	CAM-L3-01	위험구역침입	중	2026-05-17 22:38:42+00	43
385	3	CAM-L3-01	위험구역침입	중	2026-05-18 11:34:22+00	55
386	3	CAM-L3-01	위험구역침입	중	2026-05-18 21:56:01+00	60
387	3	CAM-L3-01	위험구역침입	중	2026-05-19 03:52:16+00	9
388	3	CAM-L3-01	위험구역침입	상	2026-05-19 08:09:03+00	37
389	3	CAM-L3-01	위험구역침입	중	2026-05-19 10:29:11+00	38
390	3	CAM-L3-01	위험구역침입	중	2026-05-20 02:39:07+00	41
391	3	CAM-L3-01	위험구역침입	중	2026-05-20 04:20:16+00	26
392	3	CAM-L3-01	위험구역침입	중	2026-05-20 21:24:44+00	55
393	4	CAM-L4-01	PPE미착용	하	2026-05-20 22:22:34+00	11
394	3	CAM-L3-01	위험구역침입	중	2026-05-21 05:58:39+00	60
395	3	CAM-L3-01	위험구역침입	중	2026-05-21 12:44:10+00	65
396	4	CAM-L4-01	위험구역침입	하	2026-05-21 23:15:27+00	8
397	3	CAM-L3-01	위험구역침입	상	2026-05-22 01:35:59+00	49
398	3	CAM-L3-01	위험구역침입	중	2026-05-22 09:39:14+00	61
399	3	CAM-L3-01	위험구역침입	중	2026-05-22 11:32:47+00	57
400	3	CAM-L3-01	위험구역침입	중	2026-05-22 22:55:04+00	39
401	3	CAM-L3-01	위험구역침입	중	2026-05-23 03:38:18+00	27
402	3	CAM-L3-01	위험구역침입	상	2026-05-23 10:25:17+00	52
403	3	CAM-L3-01	위험구역침입	중	2026-05-24 21:18:25+00	16
404	3	CAM-L3-01	위험구역침입	상	2026-05-24 21:18:50+00	33
405	3	CAM-L3-01	위험구역침입	상	2026-05-24 21:48:22+00	59
406	3	CAM-L3-01	위험구역침입	중	2026-05-25 21:01:22+00	24
407	4	CAM-L4-01	위험구역침입	중	2026-05-25 22:18:20+00	10
408	3	CAM-L3-01	위험구역침입	중	2026-05-26 03:20:32+00	25
409	3	CAM-L3-01	위험구역침입	중	2026-05-26 08:53:02+00	64
410	1	CAM-L1-01	체류초과	중	2026-05-26 13:53:24+00	6
411	3	CAM-L3-01	위험구역침입	중	2026-05-26 23:20:39+00	60
412	3	CAM-L3-01	위험구역침입	상	2026-05-27 01:39:37+00	36
413	3	CAM-L3-01	위험구역침입	중	2026-05-27 03:38:17+00	36
414	3	CAM-L3-01	위험구역침입	중	2026-05-27 22:32:25+00	56
415	3	CAM-L3-01	위험구역침입	중	2026-05-28 02:38:43+00	43
416	3	CAM-L3-01	위험구역침입	상	2026-05-28 08:15:10+00	41
417	3	CAM-L3-01	위험구역침입	중	2026-05-29 02:41:13+00	58
418	3	CAM-L3-01	위험구역침입	상	2026-05-29 09:45:58+00	40
419	3	CAM-L3-01	위험구역침입	상	2026-05-29 10:24:18+00	64
420	1	CAM-L1-01	위험구역침입	중	2026-05-30 04:07:13+00	11
421	3	CAM-L3-01	위험구역침입	상	2026-05-30 06:11:33+00	52
422	3	CAM-L3-01	위험구역침입	중	2026-05-30 09:08:16+00	25
423	3	CAM-L3-01	위험구역침입	중	2026-05-30 13:20:12+00	56
424	3	CAM-L3-01	위험구역침입	상	2026-05-31 22:40:27+00	29
425	3	CAM-L3-01	위험구역침입	중	2026-06-01 03:45:28+00	33
426	3	CAM-L3-01	위험구역침입	상	2026-06-01 13:21:03+00	47
427	3	CAM-L3-01	위험구역침입	중	2026-06-02 05:01:43+00	51
428	3	CAM-L3-01	위험구역침입	상	2026-06-02 06:35:33+00	51
429	3	CAM-L3-01	위험구역침입	상	2026-06-02 13:52:32+00	56
430	3	CAM-L3-01	위험구역침입	상	2026-06-03 01:21:18+00	66
431	3	CAM-L3-01	위험구역침입	중	2026-06-03 03:06:01+00	26
432	3	CAM-L3-01	위험구역침입	중	2026-06-03 09:40:31+00	52
433	3	CAM-L3-01	위험구역침입	상	2026-06-03 21:05:50+00	28
434	3	CAM-L3-01	위험구역침입	중	2026-06-04 03:30:40+00	47
435	3	CAM-L3-01	위험구역침입	중	2026-06-04 11:42:05+00	29
436	3	CAM-L3-01	위험구역침입	중	2026-06-04 22:35:01+00	61
437	3	CAM-L3-01	위험구역침입	상	2026-06-05 00:51:36+00	47
438	3	CAM-L3-01	위험구역침입	중	2026-06-05 06:56:25+00	69
439	3	CAM-L3-01	위험구역침입	중	2026-06-06 07:13:58+00	29
440	3	CAM-L3-01	위험구역침입	중	2026-06-06 10:38:40+00	63
441	3	CAM-L3-01	위험구역침입	상	2026-06-06 13:44:12+00	33
442	3	CAM-L3-01	위험구역침입	중	2026-06-07 22:45:47+00	47
443	3	CAM-L3-01	위험구역침입	중	2026-06-07 23:25:11+00	69
444	3	CAM-L3-01	위험구역침입	중	2026-06-08 05:40:00+00	38
445	2	CAM-L2-01	PPE미착용	하	2026-06-08 09:04:03+00	12
446	3	CAM-L3-01	위험구역침입	중	2026-06-08 13:32:54+00	48
447	3	CAM-L3-01	위험구역침입	중	2026-06-09 00:09:45+00	44
448	3	CAM-L3-01	위험구역침입	중	2026-06-09 02:42:54+00	50
449	3	CAM-L3-01	위험구역침입	중	2026-06-09 03:59:00+00	51
450	3	CAM-L3-01	위험구역침입	중	2026-06-09 22:29:01+00	39
451	3	CAM-L3-01	위험구역침입	중	2026-06-10 10:25:01+00	18
452	3	CAM-L3-01	위험구역침입	상	2026-06-10 12:09:54+00	18
453	3	CAM-L3-01	위험구역침입	중	2026-06-10 23:56:48+00	35
454	3	CAM-L3-01	위험구역침입	중	2026-06-11 04:20:05+00	42
455	3	CAM-L3-01	위험구역침입	중	2026-06-11 11:43:46+00	39
456	3	CAM-L3-01	위험구역침입	중	2026-06-11 22:14:57+00	21
457	3	CAM-L3-01	위험구역침입	상	2026-06-12 00:20:35+00	27
458	3	CAM-L3-01	위험구역침입	상	2026-06-12 05:00:12+00	56
459	3	CAM-L3-01	위험구역침입	상	2026-06-12 13:25:22+00	60
460	4	CAM-L4-01	위험구역침입	중	2026-06-12 13:46:54+00	8
461	3	CAM-L3-01	위험구역침입	중	2026-06-12 23:25:24+00	44
462	3	CAM-L3-01	위험구역침입	상	2026-06-12 23:25:48+00	47
463	3	CAM-L3-01	위험구역침입	중	2026-06-13 02:06:00+00	36
464	3	CAM-L3-01	위험구역침입	상	2026-06-13 08:17:03+00	27
465	3	CAM-L3-01	위험구역침입	중	2026-06-14 22:05:15+00	19
466	3	CAM-L3-01	위험구역침입	중	2026-06-15 00:03:39+00	41
467	3	CAM-L3-01	위험구역침입	중	2026-06-15 03:41:32+00	25
468	3	CAM-L3-01	위험구역침입	중	2026-06-15 09:25:27+00	67
469	3	CAM-L3-01	위험구역침입	중	2026-06-15 21:16:03+00	67
470	3	CAM-L3-01	위험구역침입	중	2026-06-15 23:37:00+00	46
471	3	CAM-L3-01	위험구역침입	상	2026-06-16 11:27:09+00	57
472	3	CAM-L3-01	위험구역침입	중	2026-06-16 21:42:27+00	33
473	3	CAM-L3-01	위험구역침입	중	2026-06-16 22:46:55+00	67
474	3	CAM-L3-01	위험구역침입	중	2026-06-16 23:18:33+00	15
475	3	CAM-L3-01	위험구역침입	중	2026-06-17 12:28:32+00	65
476	3	CAM-L3-01	위험구역침입	중	2026-06-17 22:52:34+00	26
477	3	CAM-L3-01	위험구역침입	중	2026-06-18 06:59:56+00	46
478	3	CAM-L3-01	위험구역침입	상	2026-06-18 09:39:06+00	52
479	3	CAM-L3-01	위험구역침입	중	2026-06-18 10:54:42+00	53
480	3	CAM-L3-01	위험구역침입	중	2026-06-18 21:36:03+00	30
481	3	CAM-L3-01	위험구역침입	중	2026-06-18 23:01:32+00	52
482	3	CAM-L3-01	체류초과	하	2026-06-19 04:00:39+00	4
483	3	CAM-L3-01	위험구역침입	중	2026-06-19 04:06:10+00	46
484	3	CAM-L3-01	위험구역침입	상	2026-06-19 09:54:52+00	57
485	3	CAM-L3-01	위험구역침입	상	2026-06-19 23:01:59+00	66
486	3	CAM-L3-01	위험구역침입	중	2026-06-19 23:59:25+00	21
487	3	CAM-L3-01	위험구역침입	중	2026-06-20 07:36:32+00	67
488	4	CAM-L4-01	PPE미착용	하	2026-06-20 10:38:38+00	3
489	3	CAM-L3-01	위험구역침입	상	2026-06-20 13:10:06+00	26
490	4	CAM-L4-01	체류초과	중	2026-06-21 21:23:57+00	6
491	3	CAM-L3-01	위험구역침입	중	2026-06-22 01:08:24+00	59
492	3	CAM-L3-01	위험구역침입	중	2026-06-22 07:35:44+00	51
493	3	CAM-L3-01	위험구역침입	상	2026-06-22 10:51:36+00	45
494	3	CAM-L3-01	위험구역침입	상	2026-06-22 13:50:13+00	44
495	3	CAM-L3-01	위험구역침입	중	2026-06-23 03:04:51+00	50
496	3	CAM-L3-01	위험구역침입	중	2026-06-23 04:14:34+00	21
497	3	CAM-L3-01	위험구역침입	중	2026-06-23 07:02:50+00	68
498	3	CAM-L3-01	위험구역침입	상	2026-06-23 09:59:39+00	25
499	3	CAM-L3-01	위험구역침입	중	2026-06-23 23:50:05+00	65
500	3	CAM-L3-01	위험구역침입	중	2026-06-24 03:26:28+00	51
501	3	CAM-L3-01	위험구역침입	상	2026-06-24 04:11:26+00	20
502	2	CAM-L2-01	체류초과	중	2026-06-24 04:12:34+00	12
503	3	CAM-L3-01	위험구역침입	중	2026-06-24 07:30:44+00	41
504	3	CAM-L3-01	위험구역침입	중	2026-06-25 01:43:35+00	48
505	3	CAM-L3-01	위험구역침입	중	2026-06-25 03:29:14+00	23
506	3	CAM-L3-01	위험구역침입	상	2026-06-25 07:40:26+00	47
507	3	CAM-L3-01	위험구역침입	상	2026-06-25 10:41:44+00	55
508	3	CAM-L3-01	위험구역침입	상	2026-06-26 07:08:38+00	62
509	3	CAM-L3-01	위험구역침입	중	2026-06-26 08:41:02+00	67
510	1	CAM-L1-01	PPE미착용	하	2026-06-26 09:31:05+00	10
511	3	CAM-L3-01	위험구역침입	상	2026-06-26 13:39:32+00	68
512	3	CAM-L3-01	위험구역침입	중	2026-06-26 21:12:57+00	45
513	3	CAM-L3-01	위험구역침입	중	2026-06-27 00:50:51+00	16
514	3	CAM-L3-01	위험구역침입	중	2026-06-27 01:33:16+00	33
515	2	CAM-L2-01	위험구역침입	하	2026-06-27 02:00:30+00	6
516	3	CAM-L3-01	위험구역침입	상	2026-06-27 11:09:52+00	27
517	3	CAM-L3-01	위험구역침입	중	2026-06-28 21:41:35+00	53
518	3	CAM-L3-01	위험구역침입	중	2026-06-28 22:50:18+00	57
519	3	CAM-L3-01	위험구역침입	중	2026-06-29 00:09:25+00	34
520	3	CAM-L3-01	위험구역침입	중	2026-06-29 00:16:54+00	38
521	2	CAM-L2-01	PPE미착용	하	2026-06-29 01:02:57+00	6
522	1	CAM-L1-01	PPE미착용	하	2026-06-29 07:22:54+00	10
523	3	CAM-L3-01	위험구역침입	중	2026-06-29 21:46:50+00	47
524	3	CAM-L3-01	위험구역침입	중	2026-06-30 02:23:28+00	57
525	3	CAM-L3-01	위험구역침입	상	2026-06-30 07:12:12+00	17
526	3	CAM-L3-01	위험구역침입	중	2026-06-30 09:59:09+00	43
527	4	CAM-L4-01	PPE미착용	하	2026-06-30 10:47:31+00	11
528	3	CAM-L3-01	PPE미착용	중	2026-06-30 12:23:03+00	8
\.


--
-- Data for Name: sales_orders; Type: TABLE DATA; Schema: public; Owner: -
--

COPY public.sales_orders (order_id, customer_id, order_date, due_date, status) FROM stdin;
1	1	2025-01-18	2025-02-11	완료
2	2	2025-01-21	2025-02-10	완료
3	3	2025-01-18	2025-02-23	완료
4	4	2025-01-20	2025-02-24	완료
5	5	2025-01-20	2025-02-11	완료
6	1	2025-02-21	2025-03-31	완료
7	2	2025-02-13	2025-03-20	완료
8	3	2025-02-10	2025-03-02	완료
9	4	2025-02-20	2025-03-16	완료
10	5	2025-02-18	2025-04-04	완료
11	1	2025-03-07	2025-04-21	완료
12	2	2025-03-27	2025-05-09	완료
13	3	2025-03-08	2025-04-14	완료
14	4	2025-03-17	2025-04-20	완료
15	5	2025-03-29	2025-04-26	완료
16	1	2025-04-07	2025-05-21	완료
17	2	2025-04-14	2025-05-04	완료
18	3	2025-04-18	2025-06-02	완료
19	4	2025-04-18	2025-05-26	완료
20	5	2025-04-30	2025-06-03	완료
21	1	2025-05-26	2025-07-05	완료
22	2	2025-05-12	2025-06-12	완료
23	3	2025-05-17	2025-06-06	완료
24	4	2025-05-07	2025-06-10	완료
25	5	2025-05-21	2025-07-03	완료
26	1	2025-06-26	2025-08-01	완료
27	2	2025-06-30	2025-08-14	완료
28	3	2025-06-20	2025-07-22	완료
29	4	2025-06-25	2025-07-26	완료
30	5	2025-06-30	2025-07-26	완료
31	1	2025-07-09	2025-08-10	완료
32	2	2025-07-22	2025-08-20	완료
33	3	2025-07-09	2025-08-15	완료
34	4	2025-07-30	2025-08-24	완료
35	5	2025-07-11	2025-08-13	완료
36	1	2025-08-09	2025-08-31	완료
37	2	2025-08-19	2025-09-28	완료
38	3	2025-08-06	2025-09-10	완료
39	4	2025-08-12	2025-09-25	완료
40	5	2025-08-19	2025-09-09	완료
41	1	2025-09-16	2025-10-06	완료
42	2	2025-09-29	2025-10-31	완료
43	3	2025-09-20	2025-10-22	완료
44	4	2025-09-18	2025-10-10	완료
45	5	2025-09-15	2025-10-27	완료
46	1	2025-10-14	2025-11-04	완료
47	2	2025-10-23	2025-11-29	완료
48	3	2025-10-20	2025-12-02	완료
49	4	2025-10-18	2025-11-27	완료
50	5	2025-10-04	2025-11-17	완료
51	1	2025-11-24	2025-12-24	완료
52	2	2025-11-12	2025-12-15	완료
53	3	2025-11-14	2025-12-08	완료
54	4	2025-11-08	2025-12-03	완료
55	5	2025-11-14	2025-12-22	완료
56	1	2025-12-30	2026-01-23	완료
57	2	2025-12-02	2025-12-30	완료
58	3	2025-12-24	2026-02-07	완료
59	4	2025-12-19	2026-01-27	완료
60	5	2025-12-19	2026-01-08	완료
61	1	2026-01-30	2026-02-23	완료
62	2	2026-01-28	2026-03-01	완료
63	3	2026-01-03	2026-01-26	완료
64	4	2026-01-24	2026-02-24	완료
65	5	2026-01-29	2026-02-28	완료
66	1	2026-02-28	2026-04-13	완료
67	2	2026-02-27	2026-04-03	완료
68	3	2026-02-19	2026-03-12	완료
69	4	2026-02-09	2026-03-02	완료
70	5	2026-02-04	2026-03-17	완료
71	1	2026-03-12	2026-04-21	완료
72	2	2026-03-05	2026-03-31	완료
73	3	2026-03-17	2026-04-11	완료
74	4	2026-03-23	2026-04-28	완료
75	5	2026-03-21	2026-04-16	완료
76	1	2026-04-22	2026-06-04	완료
77	2	2026-04-16	2026-05-29	완료
78	3	2026-04-20	2026-05-10	완료
79	4	2026-04-10	2026-05-22	완료
80	5	2026-04-21	2026-06-01	완료
81	1	2026-05-19	2026-06-15	지연
82	2	2026-05-09	2026-06-03	완료
83	3	2026-05-23	2026-07-03	진행중
84	4	2026-05-19	2026-06-13	완료
85	5	2026-05-02	2026-06-15	완료
86	1	2026-06-24	2026-07-21	진행중
87	2	2026-06-12	2026-07-23	진행중
88	3	2026-06-12	2026-07-16	진행중
89	4	2026-06-18	2026-07-22	진행중
90	5	2026-06-15	2026-07-30	진행중
\.


--
-- Data for Name: suppliers; Type: TABLE DATA; Schema: public; Owner: -
--

COPY public.suppliers (supplier_id, name, material_category, country) FROM stdin;
1	신성특수강	탄소강/합금강	대한민국
2	대한특수강	탄소강	대한민국
3	동방비철	비철금속	대한민국
4	대원스틸	스테인리스	대한민국
\.


--
-- Name: customers customers_pkey; Type: CONSTRAINT; Schema: public; Owner: -
--

ALTER TABLE ONLY public.customers
    ADD CONSTRAINT customers_pkey PRIMARY KEY (customer_id);


--
-- Name: equipment_downtime equipment_downtime_pkey; Type: CONSTRAINT; Schema: public; Owner: -
--

ALTER TABLE ONLY public.equipment_downtime
    ADD CONSTRAINT equipment_downtime_pkey PRIMARY KEY (downtime_id);


--
-- Name: equipment equipment_pkey; Type: CONSTRAINT; Schema: public; Owner: -
--

ALTER TABLE ONLY public.equipment
    ADD CONSTRAINT equipment_pkey PRIMARY KEY (equipment_id);


--
-- Name: inventory inventory_pkey; Type: CONSTRAINT; Schema: public; Owner: -
--

ALTER TABLE ONLY public.inventory
    ADD CONSTRAINT inventory_pkey PRIMARY KEY (product_id);


--
-- Name: inventory_snapshots inventory_snapshots_pkey; Type: CONSTRAINT; Schema: public; Owner: -
--

ALTER TABLE ONLY public.inventory_snapshots
    ADD CONSTRAINT inventory_snapshots_pkey PRIMARY KEY (snapshot_id);


--
-- Name: material_lots material_lots_pkey; Type: CONSTRAINT; Schema: public; Owner: -
--

ALTER TABLE ONLY public.material_lots
    ADD CONSTRAINT material_lots_pkey PRIMARY KEY (lot_id);


--
-- Name: order_items order_items_pkey; Type: CONSTRAINT; Schema: public; Owner: -
--

ALTER TABLE ONLY public.order_items
    ADD CONSTRAINT order_items_pkey PRIMARY KEY (order_item_id);


--
-- Name: price_list price_list_pkey; Type: CONSTRAINT; Schema: public; Owner: -
--

ALTER TABLE ONLY public.price_list
    ADD CONSTRAINT price_list_pkey PRIMARY KEY (price_id);


--
-- Name: product_families product_families_pkey; Type: CONSTRAINT; Schema: public; Owner: -
--

ALTER TABLE ONLY public.product_families
    ADD CONSTRAINT product_families_pkey PRIMARY KEY (family_id);


--
-- Name: production_lines production_lines_pkey; Type: CONSTRAINT; Schema: public; Owner: -
--

ALTER TABLE ONLY public.production_lines
    ADD CONSTRAINT production_lines_pkey PRIMARY KEY (line_id);


--
-- Name: production_runs production_runs_pkey; Type: CONSTRAINT; Schema: public; Owner: -
--

ALTER TABLE ONLY public.production_runs
    ADD CONSTRAINT production_runs_pkey PRIMARY KEY (run_id);


--
-- Name: products products_part_no_key; Type: CONSTRAINT; Schema: public; Owner: -
--

ALTER TABLE ONLY public.products
    ADD CONSTRAINT products_part_no_key UNIQUE (part_no);


--
-- Name: products products_pkey; Type: CONSTRAINT; Schema: public; Owner: -
--

ALTER TABLE ONLY public.products
    ADD CONSTRAINT products_pkey PRIMARY KEY (product_id);


--
-- Name: quality_inspections quality_inspections_pkey; Type: CONSTRAINT; Schema: public; Owner: -
--

ALTER TABLE ONLY public.quality_inspections
    ADD CONSTRAINT quality_inspections_pkey PRIMARY KEY (inspection_id);


--
-- Name: safety_events safety_events_pkey; Type: CONSTRAINT; Schema: public; Owner: -
--

ALTER TABLE ONLY public.safety_events
    ADD CONSTRAINT safety_events_pkey PRIMARY KEY (event_id);


--
-- Name: sales_orders sales_orders_pkey; Type: CONSTRAINT; Schema: public; Owner: -
--

ALTER TABLE ONLY public.sales_orders
    ADD CONSTRAINT sales_orders_pkey PRIMARY KEY (order_id);


--
-- Name: suppliers suppliers_pkey; Type: CONSTRAINT; Schema: public; Owner: -
--

ALTER TABLE ONLY public.suppliers
    ADD CONSTRAINT suppliers_pkey PRIMARY KEY (supplier_id);


--
-- Name: idx_down_eq; Type: INDEX; Schema: public; Owner: -
--

CREATE INDEX idx_down_eq ON public.equipment_downtime USING btree (equipment_id);


--
-- Name: idx_down_start; Type: INDEX; Schema: public; Owner: -
--

CREATE INDEX idx_down_start ON public.equipment_downtime USING btree (start_ts);


--
-- Name: idx_insp_run; Type: INDEX; Schema: public; Owner: -
--

CREATE INDEX idx_insp_run ON public.quality_inspections USING btree (run_id);


--
-- Name: idx_lots_supplier; Type: INDEX; Schema: public; Owner: -
--

CREATE INDEX idx_lots_supplier ON public.material_lots USING btree (supplier_id);


--
-- Name: idx_oi_order; Type: INDEX; Schema: public; Owner: -
--

CREATE INDEX idx_oi_order ON public.order_items USING btree (order_id);


--
-- Name: idx_oi_product; Type: INDEX; Schema: public; Owner: -
--

CREATE INDEX idx_oi_product ON public.order_items USING btree (product_id);


--
-- Name: idx_orders_cust; Type: INDEX; Schema: public; Owner: -
--

CREATE INDEX idx_orders_cust ON public.sales_orders USING btree (customer_id);


--
-- Name: idx_price_product; Type: INDEX; Schema: public; Owner: -
--

CREATE INDEX idx_price_product ON public.price_list USING btree (product_id, effective_from);


--
-- Name: idx_runs_date; Type: INDEX; Schema: public; Owner: -
--

CREATE INDEX idx_runs_date ON public.production_runs USING btree (run_date);


--
-- Name: idx_runs_line; Type: INDEX; Schema: public; Owner: -
--

CREATE INDEX idx_runs_line ON public.production_runs USING btree (line_id);


--
-- Name: idx_runs_lot; Type: INDEX; Schema: public; Owner: -
--

CREATE INDEX idx_runs_lot ON public.production_runs USING btree (lot_id);


--
-- Name: idx_runs_product; Type: INDEX; Schema: public; Owner: -
--

CREATE INDEX idx_runs_product ON public.production_runs USING btree (product_id);


--
-- Name: idx_safety_at; Type: INDEX; Schema: public; Owner: -
--

CREATE INDEX idx_safety_at ON public.safety_events USING btree (detected_at);


--
-- Name: idx_safety_line; Type: INDEX; Schema: public; Owner: -
--

CREATE INDEX idx_safety_line ON public.safety_events USING btree (line_id);


--
-- Name: idx_snap_product; Type: INDEX; Schema: public; Owner: -
--

CREATE INDEX idx_snap_product ON public.inventory_snapshots USING btree (product_id, snapshot_date);


--
-- Name: equipment_downtime equipment_downtime_equipment_id_fkey; Type: FK CONSTRAINT; Schema: public; Owner: -
--

ALTER TABLE ONLY public.equipment_downtime
    ADD CONSTRAINT equipment_downtime_equipment_id_fkey FOREIGN KEY (equipment_id) REFERENCES public.equipment(equipment_id);


--
-- Name: equipment equipment_line_id_fkey; Type: FK CONSTRAINT; Schema: public; Owner: -
--

ALTER TABLE ONLY public.equipment
    ADD CONSTRAINT equipment_line_id_fkey FOREIGN KEY (line_id) REFERENCES public.production_lines(line_id);


--
-- Name: inventory inventory_product_id_fkey; Type: FK CONSTRAINT; Schema: public; Owner: -
--

ALTER TABLE ONLY public.inventory
    ADD CONSTRAINT inventory_product_id_fkey FOREIGN KEY (product_id) REFERENCES public.products(product_id);


--
-- Name: inventory_snapshots inventory_snapshots_product_id_fkey; Type: FK CONSTRAINT; Schema: public; Owner: -
--

ALTER TABLE ONLY public.inventory_snapshots
    ADD CONSTRAINT inventory_snapshots_product_id_fkey FOREIGN KEY (product_id) REFERENCES public.products(product_id);


--
-- Name: material_lots material_lots_supplier_id_fkey; Type: FK CONSTRAINT; Schema: public; Owner: -
--

ALTER TABLE ONLY public.material_lots
    ADD CONSTRAINT material_lots_supplier_id_fkey FOREIGN KEY (supplier_id) REFERENCES public.suppliers(supplier_id);


--
-- Name: order_items order_items_order_id_fkey; Type: FK CONSTRAINT; Schema: public; Owner: -
--

ALTER TABLE ONLY public.order_items
    ADD CONSTRAINT order_items_order_id_fkey FOREIGN KEY (order_id) REFERENCES public.sales_orders(order_id);


--
-- Name: order_items order_items_product_id_fkey; Type: FK CONSTRAINT; Schema: public; Owner: -
--

ALTER TABLE ONLY public.order_items
    ADD CONSTRAINT order_items_product_id_fkey FOREIGN KEY (product_id) REFERENCES public.products(product_id);


--
-- Name: price_list price_list_product_id_fkey; Type: FK CONSTRAINT; Schema: public; Owner: -
--

ALTER TABLE ONLY public.price_list
    ADD CONSTRAINT price_list_product_id_fkey FOREIGN KEY (product_id) REFERENCES public.products(product_id);


--
-- Name: production_runs production_runs_line_id_fkey; Type: FK CONSTRAINT; Schema: public; Owner: -
--

ALTER TABLE ONLY public.production_runs
    ADD CONSTRAINT production_runs_line_id_fkey FOREIGN KEY (line_id) REFERENCES public.production_lines(line_id);


--
-- Name: production_runs production_runs_lot_id_fkey; Type: FK CONSTRAINT; Schema: public; Owner: -
--

ALTER TABLE ONLY public.production_runs
    ADD CONSTRAINT production_runs_lot_id_fkey FOREIGN KEY (lot_id) REFERENCES public.material_lots(lot_id);


--
-- Name: production_runs production_runs_product_id_fkey; Type: FK CONSTRAINT; Schema: public; Owner: -
--

ALTER TABLE ONLY public.production_runs
    ADD CONSTRAINT production_runs_product_id_fkey FOREIGN KEY (product_id) REFERENCES public.products(product_id);


--
-- Name: products products_family_id_fkey; Type: FK CONSTRAINT; Schema: public; Owner: -
--

ALTER TABLE ONLY public.products
    ADD CONSTRAINT products_family_id_fkey FOREIGN KEY (family_id) REFERENCES public.product_families(family_id);


--
-- Name: quality_inspections quality_inspections_equipment_id_fkey; Type: FK CONSTRAINT; Schema: public; Owner: -
--

ALTER TABLE ONLY public.quality_inspections
    ADD CONSTRAINT quality_inspections_equipment_id_fkey FOREIGN KEY (equipment_id) REFERENCES public.equipment(equipment_id);


--
-- Name: quality_inspections quality_inspections_run_id_fkey; Type: FK CONSTRAINT; Schema: public; Owner: -
--

ALTER TABLE ONLY public.quality_inspections
    ADD CONSTRAINT quality_inspections_run_id_fkey FOREIGN KEY (run_id) REFERENCES public.production_runs(run_id);


--
-- Name: safety_events safety_events_line_id_fkey; Type: FK CONSTRAINT; Schema: public; Owner: -
--

ALTER TABLE ONLY public.safety_events
    ADD CONSTRAINT safety_events_line_id_fkey FOREIGN KEY (line_id) REFERENCES public.production_lines(line_id);


--
-- Name: sales_orders sales_orders_customer_id_fkey; Type: FK CONSTRAINT; Schema: public; Owner: -
--

ALTER TABLE ONLY public.sales_orders
    ADD CONSTRAINT sales_orders_customer_id_fkey FOREIGN KEY (customer_id) REFERENCES public.customers(customer_id);


--
-- PostgreSQL database dump complete
--

\unrestrict 6kx6ADKrHi4SnH1nH6Uc7EyPesnC4saZRQMiRI0AFxBS5V5dmyBauCHu16zfPsb

